# Blender v3.3.0 OBJ File: 'Castle4_Snow.blend'
# www.blender.org
mtllib Pack_Walls.mtl
o Wall1_Cube.003_Cube.011
v 1.169226 2.587668 11.980937
v 1.169226 2.253731 11.980937
v 1.169226 2.187461 11.811978
v 0.000000 2.192017 11.980937
v 0.000000 2.125748 11.811978
v 1.169226 2.407006 11.542142
v 1.169226 1.967451 11.428496
v 0.000000 1.905738 11.428496
v 1.169226 -0.000000 10.653954
v -0.000000 -0.000001 10.653954
v 1.169226 2.094804 11.078629
v 1.169226 1.660852 11.096536
v 0.000000 1.599138 11.096536
v 1.169226 1.761103 10.740058
v 1.169226 1.383053 10.864049
v 1.169226 1.361228 10.478060
v 1.169226 0.968931 10.668730
v 0.000000 0.907218 10.668730
v 1.169226 1.026919 10.339866
v 1.169226 -0.000000 10.320016
v 0.000000 1.321339 10.864049
v 1.169226 2.187461 12.149897
v 0.000000 2.125748 12.149897
v 1.169226 2.407006 12.419732
v 1.169226 1.967451 12.533379
v 0.000000 1.905738 12.533379
v 1.169226 -0.000000 13.307921
v 0.000000 -0.000001 13.307921
v 1.169226 2.094804 12.883245
v 1.169226 1.660852 12.865339
v 0.000000 1.599138 12.865339
v 1.169226 1.761103 13.221817
v 1.169226 1.383053 13.097825
v 1.169226 1.361228 13.483815
v 1.169226 0.968931 13.293145
v 0.000000 0.907218 13.293145
v 1.169226 1.026919 13.622009
v 1.169226 -0.000000 13.641858
v 0.000000 1.321339 13.097825
v 0.000000 2.590781 11.980937
v 0.000000 2.094804 11.078629
v 0.000000 1.026919 10.339866
v 0.000000 2.407006 11.542142
v 0.000000 1.761103 10.740058
v -0.000000 -0.000000 10.320016
v 0.000000 1.361228 10.478060
v 0.000000 2.094804 12.883245
v 0.000000 1.026919 13.622009
v 0.000000 2.407006 12.419732
v 0.000000 1.761103 13.221817
v 0.000000 -0.000000 13.641858
v 0.000000 1.361228 13.483815
v 0.566582 0.000001 8.000000
v 1.069991 0.000000 14.000948
v 1.069991 3.402719 14.389215
v 1.069991 3.132251 14.682903
v 1.069991 2.193861 14.759985
v 1.516660 1.177829 15.209778
v 1.094431 2.540751 15.087450
v 1.091593 2.539518 14.910208
v 1.511619 1.175644 14.795265
v 1.762383 0.016651 14.758194
v 1.766692 0.016682 15.254269
v 1.069991 2.196912 15.228096
v 1.069991 3.136184 15.301395
v 1.069991 3.402719 15.594658
v 1.069991 3.402719 14.000948
v 0.866583 3.934202 16.000000
v 0.866583 3.458668 16.000000
v 1.069991 2.564195 14.911501
v 1.069991 3.402312 14.910044
v 0.866582 3.934841 15.497915
v 1.069991 2.565415 15.086048
v 0.866582 3.929702 14.496490
v 1.069991 3.403564 15.084669
v 1.369991 4.112582 15.497700
v 0.866582 3.928622 14.000948
v 0.866582 3.932782 14.997046
v 0.866767 4.292350 16.000000
v 0.852032 4.293097 15.497836
v 0.833285 4.288064 14.496392
v 0.840622 4.291156 14.996957
v 0.859307 4.113969 15.497875
v 0.866675 4.113276 16.000000
v 1.369991 4.111636 16.000000
v 1.069991 3.402719 16.000000
v 1.369991 4.286930 14.496187
v 1.069991 3.402719 12.388268
v 1.069991 3.132252 12.681956
v 1.069991 2.193862 12.759039
v 1.069991 2.196912 13.227150
v 1.069991 3.136184 13.300448
v 1.069991 3.402719 13.593711
v 1.069991 3.402719 12.000000
v 1.369991 4.290699 16.000000
v 1.369991 3.928582 14.496288
v 1.369991 4.290039 14.996766
v 0.000001 3.402312 14.910044
v 1.069991 2.564195 12.910554
v 1.069991 3.402312 12.909097
v 0.000001 2.564194 14.911501
v 0.866583 3.934841 13.496968
v 1.069991 2.565415 13.085102
v 1.069991 3.403565 13.083723
v 0.866582 3.929703 12.495543
v 0.866582 3.928622 12.000000
v 0.866582 3.932783 12.996099
v 0.866767 4.292350 14.000947
v 0.852032 4.293098 13.496889
v 0.833285 4.288064 12.495445
v 0.840622 4.291157 12.996010
v 1.069991 1.139372 10.650715
v 1.069991 1.139372 13.430565
v 1.069991 0.000001 9.999053
v 1.069991 3.402719 10.387321
v 1.069991 3.132252 10.681009
v 1.069991 2.193862 10.758092
v 0.000000 3.403565 9.081829
v 0.000000 2.565415 9.083208
v 1.069991 2.196913 11.226203
v 1.069991 3.136184 11.299501
v 1.069991 3.402719 11.592764
v 0.000001 3.403565 11.082776
v 0.000000 2.565415 11.084155
v 0.000001 3.403564 13.083723
v 0.866582 3.458668 8.000000
v 1.069991 3.402719 9.999054
v 1.369991 3.403564 14.996858
v 1.369991 3.402719 15.497741
v 0.000000 2.564195 8.908659
v 1.069991 2.564195 10.909607
v 1.069991 3.402313 10.908150
v 0.000000 3.402313 8.907202
v 0.866582 3.934841 11.496021
v 1.069991 2.565415 11.084155
v 1.069991 3.403565 11.082776
v 0.866582 3.929703 10.494596
v 0.866582 3.928622 9.999053
v 0.866582 3.932783 10.995152
v 0.866767 4.292350 12.000000
v 0.852032 4.293098 11.495942
v 0.833285 4.288064 10.494498
v 0.840622 4.291157 10.995063
v 1.069991 2.381114 12.000000
v 1.069991 1.978642 12.684576
v 1.069991 0.000001 10.322752
v 1.069991 0.000000 13.641536
v 1.069991 3.402720 8.386374
v 1.069991 3.132252 8.680061
v 1.069991 2.193862 8.757145
v 0.000001 3.402312 10.908150
v 0.000000 2.565415 13.085102
v 1.516660 1.177830 9.206937
v 1.094431 2.540752 9.084610
v 1.091593 2.539519 8.907368
v 1.511619 1.175645 8.792423
v 1.762163 0.017668 8.755384
v 1.766473 0.017701 9.251389
v 1.069991 2.196913 9.225256
v 1.069991 3.136184 9.298553
v 1.069991 3.402719 9.591816
v 0.000001 3.402312 12.909097
v 0.000000 2.564195 10.909607
v 0.000000 2.564195 12.910554
v 1.369991 4.291701 15.497659
v 1.369991 3.402719 14.496288
v 1.369991 3.927468 14.000948
v 0.000001 3.403564 15.084669
v 1.069991 2.564196 8.908659
v 1.069991 3.402313 8.907202
v 0.000001 2.565414 15.086048
v 0.866583 3.934842 9.495073
v 1.069991 2.565416 9.083208
v 1.069991 3.403565 9.081829
v 0.866582 3.929703 8.493649
v 0.866582 3.928623 8.000000
v 0.866583 3.932783 8.994205
v 0.866767 4.292351 9.999052
v 0.852032 4.293098 9.494995
v 0.833285 4.288064 8.493551
v 0.840623 4.291157 8.994116
v 1.069991 2.081673 11.266792
v 0.819051 2.540005 8.907454
v 0.866771 1.176516 8.792578
v 1.069991 0.000001 9.252207
v 1.069991 0.000001 8.754965
v 0.871754 1.178674 9.207087
v 0.821872 2.541231 9.084694
v 1.369991 3.402719 14.000948
v 0.566583 -0.000000 16.000000
v 1.069991 -0.000000 16.000000
v 0.000001 3.458668 16.000000
v 0.000000 3.458668 8.000000
v 1.041742 1.177829 15.209778
v 1.041742 2.540751 15.087450
v 1.041742 2.539518 14.910208
v 1.041742 1.175645 14.795265
v 1.069991 -0.000000 14.757661
v 1.069991 -0.000000 15.254908
v 0.000000 0.000000 16.000000
v 1.069991 0.000001 8.000000
v -0.000000 0.000001 8.000000
v 0.566582 0.000000 14.000948
v 0.566583 0.000001 9.999053
v 0.566583 0.000001 10.322753
v 0.566583 0.000000 13.641536
v 0.000000 -0.000000 14.000948
v -0.000000 0.000001 9.999053
v -0.000000 0.000000 10.322753
v 1.369991 3.402719 13.496794
v 1.369991 3.933464 15.497741
v 1.369991 3.931685 14.996858
v 1.369991 3.932572 16.000000
v 1.369991 3.402719 16.000000
v 1.369991 4.290040 12.995819
v 1.369991 4.286931 12.495240
v 1.369991 4.291701 13.496712
v 1.369991 4.290699 14.000947
v 1.369991 3.928583 12.495341
v 1.369991 3.730990 13.496794
v 1.369991 3.403565 12.995911
v 1.369991 3.402719 12.000000
v 1.369991 3.932572 12.000000
v 1.369991 3.402719 12.495341
v 1.369991 3.933464 11.495847
v 1.369991 3.933464 13.496794
v 1.369991 3.931686 12.995911
v 1.369991 4.290040 10.994871
v 1.369991 4.286931 10.494293
v 1.369991 4.291701 11.495765
v 1.369991 4.290700 12.000000
v 1.369991 3.928583 10.494394
v 1.369991 3.402719 11.495847
v 1.369991 3.402313 10.994963
v 1.369991 3.402719 9.999054
v 1.369991 3.927468 9.999053
v 1.369991 3.402719 10.494394
v 1.369991 3.933465 9.494900
v 1.369991 3.776551 12.495341
v 1.369991 3.931686 10.994963
v 1.369991 4.290040 8.993925
v 1.369991 4.286931 8.493345
v 1.369991 4.291702 9.494818
v 1.369991 4.290700 9.999052
v 1.369991 3.928583 8.493446
v 1.369991 3.402719 9.494900
v 1.369991 3.402313 8.994017
v 1.369991 3.402719 8.000000
v 1.369991 3.927469 8.000000
v 1.369991 3.402720 8.493446
v 1.369991 3.821282 14.000948
v 1.369991 3.720232 14.496288
v 1.369991 3.931686 8.994017
v 1.069991 3.402719 14.311893
v 1.069991 3.402719 12.314458
v 1.069991 3.402719 13.674798
v 1.280577 3.402719 14.311893
v 1.280577 3.402719 14.000941
v 1.280577 3.402719 13.674798
v 1.069991 2.798869 14.000941
v 1.069991 2.856294 14.311893
v 1.097104 2.856294 14.311893
v 1.069991 2.856294 13.674798
v 1.097104 2.798869 14.000941
v 1.097105 2.856294 13.674798
v 1.069991 3.402719 11.677363
v 1.280577 3.402719 12.314458
v 1.280577 3.402719 12.003507
v 1.280577 3.402719 11.677363
v 1.069991 2.798869 12.003507
v 1.069991 2.856294 12.314458
v 1.097104 2.856294 12.314458
v 1.069991 2.856294 11.677363
v 1.097104 2.798869 12.003507
v 1.097105 2.856294 11.677363
v 1.069991 3.402719 10.314075
v 1.069991 3.402719 9.676981
v 1.280577 3.402719 10.314075
v 1.280577 3.402719 10.003124
v 1.280577 3.402719 9.676981
v 1.069991 2.798869 10.003124
v 1.069991 2.856294 10.314075
v 1.097104 2.856294 10.314075
v 1.069991 2.856294 9.676981
v 1.097104 2.798869 10.003124
v 1.097105 2.856294 9.676981
v 1.069991 3.402719 8.314593
v 1.280577 3.402719 8.314593
v 1.280577 3.402719 8.000000
v 1.069991 2.798869 8.000000
v 1.069991 2.856294 8.314593
v 1.097104 2.856294 8.314593
v 1.097104 2.798869 8.000000
v 1.069991 3.402719 8.000000
v 1.069991 3.402719 15.674290
v 1.280577 3.402719 16.000000
v 1.280577 3.402719 15.674290
v 1.069991 2.798869 16.000000
v 1.069991 2.856294 15.674290
v 1.097104 2.798869 16.000000
v 1.097104 2.856294 15.674290
v 1.369991 4.062674 8.993971
v 1.369991 4.107758 8.493397
v 0.853602 4.074158 8.994160
v 0.849934 4.168686 8.493599
v 1.369991 4.109084 9.999053
v 1.369991 4.112583 9.494858
v 0.866674 4.110487 9.999053
v 0.859307 4.113970 9.495034
v 1.369991 4.029055 10.994917
v 1.369991 4.107757 10.494343
v 0.853602 4.111970 10.995108
v 0.849934 4.050147 10.494547
v 1.369991 4.068622 12.000000
v 1.369991 4.069569 11.495806
v 0.866674 4.067472 12.000000
v 0.859307 4.120053 11.495981
v 1.369991 4.049403 12.995865
v 1.369991 4.107757 12.495291
v 0.853603 4.050510 12.996055
v 0.849934 4.108883 12.495494
v 1.369991 4.029087 14.000947
v 1.369991 4.078330 13.496753
v 0.866674 4.110486 14.000947
v 0.859307 4.113970 13.496928
v 0.849934 4.108883 14.496441
v 1.369991 4.156816 14.496238
v 1.369991 4.110862 14.996812
v 0.853602 4.068514 14.997002
v 1.369991 4.027135 15.665133
v 1.369991 4.039303 15.832567
v 1.369991 4.142368 8.738616
v 1.369991 4.061590 8.889572
v 1.369991 4.111417 9.662923
v 1.369991 4.110250 9.830988
v 1.369991 4.079018 10.601802
v 1.369991 4.109828 10.768661
v 1.369991 4.005850 11.663870
v 1.369991 4.005534 11.831935
v 1.369991 4.111416 13.664818
v 1.369991 4.029761 13.903777
v 1.111797 4.047701 14.996906
v 1.114649 4.043519 13.496840
v 0.851768 4.051690 10.744827
v 1.109962 4.108321 8.493498
v 1.111797 4.032308 8.994065
v 1.369991 3.788303 10.994963
v 1.369991 3.776521 12.000000
v 1.369991 3.609816 10.494394
v 1.369991 3.765791 12.995911
v 1.369991 3.805776 11.495847
v 1.369991 3.761897 8.493446
v 1.369991 3.715088 15.497741
v 1.369991 3.781547 8.994017
v 1.369991 3.697356 9.999053
v 1.369991 3.766521 9.494900
v 1.369991 3.714632 14.996858
v 1.369991 3.743864 8.000000
v 1.369991 3.729666 12.165113
v 1.369991 3.646143 14.331175
v 1.369991 3.720212 14.166061
v 1.369991 3.805766 11.422334
v 1.369991 3.649389 11.241801
v 1.369991 3.725836 10.329281
v 1.369991 3.653996 10.164166
v 1.369991 3.681435 9.373735
v 1.369991 3.732624 9.136425
v 1.369991 3.649645 15.330780
v 1.369991 3.714642 15.075029
v 1.369991 3.649522 13.329832
v 1.369991 3.649512 13.162871
v 1.369991 3.713224 8.328964
v 0.866583 3.745542 8.447332
v 0.866582 3.766502 8.259558
v 0.866582 3.709398 8.000000
v 0.866582 3.745231 8.994205
v 0.866582 3.706369 9.443669
v 0.866582 3.734372 10.023329
v 0.866582 3.798976 10.494596
v 0.866583 3.866134 10.989601
v 0.866582 3.749019 11.472613
v 0.866582 3.754238 11.264772
v 0.866582 3.738886 12.077526
v 0.866582 3.764677 12.499306
v 0.866582 3.785698 12.986793
v 0.866582 3.699417 13.245869
v 0.866582 3.794690 13.504944
v 0.866583 3.797951 14.029241
v 0.866583 3.745729 14.478764
v 0.866583 3.814947 15.007411
v 0.866583 3.818600 15.473027
v 1.734385 0.483449 15.286188
v 1.695731 0.348798 14.753653
v 1.851578 -0.000000 14.608165
v 1.847539 -0.000000 15.345140
v 0.993237 0.770094 15.281593
v 0.993237 0.769015 14.727264
v 1.052785 -0.000000 14.418780
v 1.064558 -0.000000 15.816971
v 1.331065 0.415021 14.688478
v 1.432906 -0.000000 14.549005
v 1.421102 -0.000000 15.494030
v 1.365249 0.483449 15.286188
v 2.083829 -0.000000 15.006688
v 1.788557 0.523352 15.000864
v 0.993237 0.769554 15.004429
v 1.349484 0.581623 15.004429
v 1.741332 0.407078 9.276077
v 1.731337 0.387384 8.666811
v 1.897049 -0.000000 8.535275
v 1.847539 -0.000000 9.331411
v 0.993237 0.770094 9.267864
v 0.993237 0.769015 8.713535
v 1.052785 -0.000000 8.192698
v 1.064558 -0.000000 9.647854
v 1.331065 0.415021 8.674749
v 1.432906 -0.000000 8.322924
v 1.421102 -0.000000 9.480301
v 1.368678 0.407078 9.285217
v 2.108108 -0.000000 8.992959
v 1.803929 0.523352 8.987135
v 0.993237 0.769554 8.990700
v 1.349484 0.581623 8.990700
v 1.064558 -0.000000 10.080297
v 1.015178 0.533183 9.817207
v 1.303524 0.308782 9.630117
v 1.342049 -0.000000 9.789989
v -1.169225 2.587668 11.980937
v -1.169225 2.253731 11.980937
v -1.169225 2.187461 11.811978
v -1.169225 2.407006 11.542143
v -1.169225 1.967451 11.428496
v -1.169226 0.000000 10.653954
v -1.169225 2.094804 11.078629
v -1.169225 1.660852 11.096536
v -1.169225 1.761103 10.740058
v -1.169226 1.383053 10.864049
v -1.169226 1.361228 10.478060
v -1.169226 0.968931 10.668730
v -1.169226 1.026919 10.339866
v -1.169226 0.000000 10.320016
v -1.169225 2.187461 12.149897
v -1.169225 2.407006 12.419732
v -1.169225 1.967451 12.533379
v -1.169226 0.000000 13.307921
v -1.169225 2.094804 12.883245
v -1.169225 1.660852 12.865339
v -1.169225 1.761103 13.221817
v -1.169225 1.383053 13.097825
v -1.169225 1.361228 13.483815
v -1.169225 0.968931 13.293145
v -1.169225 1.026919 13.622009
v -1.169226 0.000000 13.641858
v -0.566583 0.000001 8.000000
v -1.069991 0.000000 14.000948
v -1.069989 3.402719 14.389215
v -1.069990 3.132252 14.682903
v -1.069990 2.193862 14.759985
v -1.516660 1.177829 15.209778
v -1.094430 2.540752 15.087450
v -1.091591 2.539518 14.910208
v -1.511619 1.175645 14.795265
v -1.762382 0.016652 14.758194
v -1.766692 0.016683 15.254269
v -1.069990 2.196912 15.228096
v -1.069990 3.136184 15.301395
v -1.069989 3.402719 15.594658
v -1.069990 3.402719 14.000948
v -0.866581 3.934203 16.000000
v -0.866581 3.458669 16.000000
v -1.069990 2.564195 14.911501
v -1.069989 3.402312 14.910044
v -0.866581 3.934841 15.497915
v -1.069990 2.565415 15.086048
v -0.866581 3.929703 14.496490
v -1.069989 3.403565 15.084669
v -1.369989 4.112582 15.497700
v -0.866581 3.928622 14.000948
v -0.866581 3.932783 14.997046
v -0.866765 4.292350 16.000000
v -0.852031 4.293097 15.497836
v -0.833283 4.288064 14.496392
v -0.840621 4.291156 14.996957
v -0.859306 4.113969 15.497875
v -0.866673 4.113276 16.000000
v -1.369989 4.111636 16.000000
v -1.069989 3.402719 16.000000
v -1.369989 4.286930 14.496187
v -1.069990 3.402719 12.388268
v -1.069990 3.132252 12.681956
v -1.069990 2.193862 12.759039
v -1.069990 2.196913 13.227150
v -1.069990 3.136184 13.300448
v -1.069990 3.402719 13.593711
v -1.069990 3.402719 12.000000
v -1.369989 4.290699 16.000000
v -1.369989 3.928583 14.496288
v -1.369989 4.290039 14.996766
v -1.069990 2.564195 12.910554
v -1.069990 3.402313 12.909097
v -0.866581 3.934842 13.496968
v -1.069990 2.565415 13.085102
v -1.069990 3.403565 13.083723
v -0.866581 3.929703 12.495543
v -0.866581 3.928622 12.000000
v -0.866581 3.932783 12.996099
v -0.866765 4.292350 14.000947
v -0.852031 4.293098 13.496889
v -0.833283 4.288064 12.495445
v -0.840621 4.291157 12.996010
v -1.069991 1.139372 10.650715
v -1.069990 1.139372 13.430565
v -1.069991 0.000001 9.999053
v -1.069990 3.402720 10.387321
v -1.069990 3.132252 10.681009
v -1.069990 2.193863 10.758092
v -1.069990 2.196913 11.226203
v -1.069990 3.136185 11.299501
v -1.069990 3.402719 11.592764
v -0.866582 3.458669 8.000000
v -1.069990 3.402719 9.999054
v -1.369989 3.403565 14.996858
v -1.369989 3.402719 15.497741
v -1.069990 2.564196 10.909607
v -1.069990 3.402313 10.908150
v -0.866581 3.934842 11.496021
v -1.069990 2.565416 11.084155
v -1.069990 3.403566 11.082776
v -0.866581 3.929703 10.494596
v -0.866581 3.928623 9.999053
v -0.866581 3.932784 10.995152
v -0.866765 4.292350 12.000000
v -0.852031 4.293098 11.495942
v -0.833284 4.288064 10.494498
v -0.840621 4.291157 10.995063
v -1.069990 2.381114 12.000000
v -1.069990 1.978642 12.684576
v -1.069991 0.000001 10.322752
v -1.069991 0.000000 13.641536
v -1.069990 3.402720 8.386374
v -1.069990 3.132253 8.680061
v -1.069990 2.193863 8.757145
v -1.516660 1.177830 9.206937
v -1.094430 2.540753 9.084610
v -1.091592 2.539519 8.907368
v -1.511619 1.175646 8.792423
v -1.762163 0.017668 8.755384
v -1.766473 0.017701 9.251389
v -1.069990 2.196913 9.225256
v -1.069990 3.136185 9.298553
v -1.069990 3.402720 9.591816
v -1.369989 4.291701 15.497659
v -1.369989 3.402719 14.496288
v -1.369989 3.927468 14.000948
v -1.069990 2.564196 8.908659
v -1.069990 3.402313 8.907202
v -0.866581 3.934842 9.495073
v -1.069990 2.565416 9.083208
v -1.069990 3.403566 9.081829
v -0.866581 3.929703 8.493649
v -0.866581 3.928623 8.000000
v -0.866581 3.932784 8.994205
v -0.866765 4.292351 9.999052
v -0.852031 4.293098 9.494995
v -0.833284 4.288064 8.493551
v -0.840621 4.291157 8.994116
v -1.069990 2.081674 11.266792
v -0.819050 2.540005 8.907454
v -0.866770 1.176516 8.792578
v -1.069991 0.000001 9.252207
v -1.069991 0.000001 8.754965
v -0.871754 1.178674 9.207087
v -0.821871 2.541231 9.084694
v -1.369990 3.402719 14.000948
v -0.566582 0.000000 16.000000
v -1.069991 0.000000 16.000000
v -1.041742 1.177829 15.209778
v -1.041741 2.540752 15.087450
v -1.041741 2.539518 14.910208
v -1.041742 1.175645 14.795265
v -1.069991 0.000000 14.757661
v -1.069991 0.000000 15.254908
v -1.069991 0.000001 8.000000
v -0.566582 0.000000 14.000948
v -0.566583 0.000001 9.999053
v -0.566583 0.000001 10.322753
v -0.566582 0.000000 13.641536
v -1.369990 3.402719 13.496794
v -1.369989 3.933464 15.497741
v -1.369989 3.931686 14.996858
v -1.369989 3.932572 16.000000
v -1.369989 3.402719 16.000000
v -1.369989 4.290040 12.995819
v -1.369989 4.286931 12.495240
v -1.369989 4.291701 13.496712
v -1.369989 4.290699 14.000947
v -1.369989 3.928583 12.495341
v -1.369990 3.730991 13.496794
v -1.369990 3.403565 12.995911
v -1.369990 3.402719 12.000000
v -1.369990 3.932573 12.000000
v -1.369990 3.402719 12.495341
v -1.369990 3.933465 11.495847
v -1.369989 3.933464 13.496794
v -1.369989 3.931686 12.995911
v -1.369990 4.290040 10.994872
v -1.369990 4.286931 10.494293
v -1.369990 4.291701 11.495765
v -1.369990 4.290700 12.000000
v -1.369990 3.928583 10.494394
v -1.369990 3.402719 11.495847
v -1.369990 3.402313 10.994963
v -1.369990 3.402719 9.999054
v -1.369990 3.927469 9.999053
v -1.369990 3.402720 10.494394
v -1.369990 3.933465 9.494900
v -1.369990 3.776552 12.495341
v -1.369990 3.931687 10.994963
v -1.369990 4.290040 8.993925
v -1.369990 4.286931 8.493345
v -1.369990 4.291702 9.494818
v -1.369990 4.290700 9.999052
v -1.369990 3.928584 8.493446
v -1.369990 3.402720 9.494900
v -1.369990 3.402313 8.994017
v -1.369990 3.402720 8.000000
v -1.369990 3.927469 8.000000
v -1.369990 3.402720 8.493446
v -1.369989 3.821283 14.000948
v -1.369989 3.720232 14.496288
v -1.369990 3.931687 8.994017
v -1.069990 3.402719 14.311893
v -1.069990 3.402719 12.314458
v -1.069990 3.402719 13.674798
v -1.280575 3.402719 14.311893
v -1.280575 3.402719 14.000941
v -1.280576 3.402719 13.674798
v -1.069990 2.798869 14.000941
v -1.069990 2.856295 14.311893
v -1.097103 2.856295 14.311893
v -1.069990 2.856295 13.674798
v -1.097103 2.798869 14.000941
v -1.097103 2.856295 13.674798
v -1.069990 3.402719 11.677363
v -1.280576 3.402719 12.314458
v -1.280576 3.402719 12.003507
v -1.280576 3.402719 11.677363
v -1.069990 2.798869 12.003507
v -1.069990 2.856295 12.314458
v -1.097103 2.856295 12.314458
v -1.069990 2.856295 11.677363
v -1.097103 2.798869 12.003507
v -1.097104 2.856295 11.677363
v -1.069990 3.402719 10.314075
v -1.069990 3.402719 9.676981
v -1.280576 3.402719 10.314075
v -1.280576 3.402719 10.003124
v -1.280576 3.402719 9.676981
v -1.069990 2.798869 10.003124
v -1.069990 2.856295 10.314075
v -1.097104 2.856295 10.314075
v -1.069990 2.856295 9.676981
v -1.097104 2.798869 10.003124
v -1.097104 2.856295 9.676981
v -1.069990 3.402719 8.314593
v -1.280576 3.402719 8.314593
v -1.280576 3.402719 8.000000
v -1.069990 2.798869 8.000000
v -1.069990 2.856295 8.314593
v -1.097104 2.856295 8.314593
v -1.097104 2.798869 8.000000
v -1.069990 3.402719 8.000000
v -1.069989 3.402719 15.674290
v -1.280575 3.402719 16.000000
v -1.280575 3.402719 15.674290
v -1.069989 2.798869 16.000000
v -1.069990 2.856295 15.674290
v -1.097103 2.798869 16.000000
v -1.097103 2.856295 15.674290
v -1.369990 4.062674 8.993971
v -1.369990 4.107758 8.493397
v -0.853601 4.074158 8.994160
v -0.849933 4.168686 8.493599
v -1.369990 4.109084 9.999053
v -1.369990 4.112583 9.494858
v -0.866673 4.110487 9.999053
v -0.859306 4.113970 9.495034
v -1.369990 4.029055 10.994918
v -1.369990 4.107757 10.494344
v -0.853601 4.111970 10.995108
v -0.849932 4.050147 10.494547
v -1.369990 4.068622 12.000000
v -1.369990 4.069569 11.495806
v -0.866673 4.067472 12.000000
v -0.859306 4.120053 11.495981
v -1.369989 4.049403 12.995865
v -1.369989 4.107757 12.495291
v -0.853601 4.050510 12.996055
v -0.849932 4.108883 12.495494
v -1.369989 4.029087 14.000947
v -1.369989 4.078330 13.496753
v -0.866673 4.110486 14.000947
v -0.859306 4.113970 13.496928
v -0.849932 4.108883 14.496441
v -1.369989 4.156816 14.496238
v -1.369989 4.110862 14.996812
v -0.853601 4.068514 14.997002
v -1.369989 4.027135 15.665133
v -1.369989 4.039303 15.832567
v -1.369990 4.142368 8.738616
v -1.369990 4.061590 8.889572
v -1.369990 4.111417 9.662923
v -1.369990 4.110250 9.830988
v -1.369990 4.079018 10.601803
v -1.369990 4.109828 10.768661
v -1.369990 4.005850 11.663871
v -1.369990 4.005534 11.831935
v -1.369989 4.111416 13.664818
v -1.369989 4.029761 13.903777
v -1.111795 4.047701 14.996906
v -1.114648 4.043519 13.496840
v -0.851767 4.051690 10.744827
v -1.109961 4.108321 8.493498
v -1.111796 4.032308 8.994065
v -1.369990 3.788303 10.994963
v -1.369990 3.776521 12.000000
v -1.369990 3.609816 10.494394
v -1.369990 3.765792 12.995911
v -1.369990 3.805776 11.495847
v -1.369990 3.761897 8.493446
v -1.369989 3.715089 15.497741
v -1.369990 3.781547 8.994017
v -1.369990 3.697356 9.999053
v -1.369990 3.766521 9.494900
v -1.369989 3.714633 14.996858
v -1.369990 3.743864 8.000000
v -1.369990 3.729666 12.165113
v -1.369989 3.646144 14.331175
v -1.369989 3.720212 14.166061
v -1.369990 3.805766 11.422334
v -1.369990 3.649389 11.241801
v -1.369990 3.725836 10.329281
v -1.369990 3.653996 10.164167
v -1.369990 3.681436 9.373735
v -1.369990 3.732624 9.136425
v -1.369989 3.649645 15.330780
v -1.369989 3.714642 15.075029
v -1.369990 3.649523 13.329833
v -1.369990 3.649513 13.162871
v -1.369990 3.713224 8.328964
v -0.866582 3.745542 8.447332
v -0.866581 3.766503 8.259558
v -0.866582 3.709398 8.000000
v -0.866581 3.745232 8.994205
v -0.866581 3.706369 9.443669
v -0.866581 3.734373 10.023329
v -0.866581 3.798976 10.494596
v -0.866581 3.866135 10.989601
v -0.866581 3.749019 11.472613
v -0.866581 3.754239 11.264772
v -0.866581 3.738887 12.077526
v -0.866581 3.764678 12.499306
v -0.866581 3.785699 12.986793
v -0.866581 3.699418 13.245869
v -0.866581 3.794690 13.504944
v -0.866581 3.797952 14.029241
v -0.866581 3.745729 14.478764
v -0.866581 3.814948 15.007411
v -0.866581 3.818600 15.473027
v -1.734385 0.483449 15.286188
v -1.695731 0.348799 14.753653
v -1.851578 0.000001 14.608165
v -1.847538 0.000001 15.345140
v -0.993237 0.770095 15.281593
v -0.993237 0.769015 14.727264
v -1.052784 0.000000 14.418780
v -1.064558 0.000000 15.816971
v -1.331065 0.415021 14.688478
v -1.432906 0.000000 14.549005
v -1.421102 0.000000 15.494030
v -1.365249 0.483449 15.286188
v -2.083829 0.000001 15.006688
v -1.788557 0.523353 15.000864
v -0.993237 0.769555 15.004429
v -1.349484 0.581624 15.004429
v -1.741332 0.407078 9.276077
v -1.731338 0.387385 8.666811
v -1.897049 0.000001 8.535275
v -1.847539 0.000001 9.331411
v -0.993237 0.770095 9.267864
v -0.993237 0.769015 8.713535
v -1.052785 0.000000 8.192698
v -1.064559 0.000000 9.647854
v -1.331065 0.415021 8.674749
v -1.432906 0.000000 8.322924
v -1.421102 0.000000 9.480301
v -1.368678 0.407078 9.285217
v -2.108108 0.000001 8.992959
v -1.803929 0.523353 8.987135
v -0.993237 0.769555 8.990700
v -1.349484 0.581624 8.990700
v -1.064559 0.000000 10.080297
v -1.015178 0.533184 9.817207
v -1.303524 0.308782 9.630117
v -1.342049 0.000000 9.789989
vt 0.158593 0.969813
vt 0.158593 0.969813
vt 0.158593 0.969813
vt 0.158593 0.969813
vt 0.158593 0.969813
vt 0.158593 0.969813
vt 0.158593 0.969813
vt 0.158593 0.969813
vt 0.158593 0.969813
vt 0.158593 0.969813
vt 0.158593 0.969813
vt 0.158593 0.969813
vt 0.158593 0.969813
vt 0.158593 0.969813
vt 0.158593 0.969813
vt 0.158593 0.969813
vt 0.158593 0.969813
vt 0.158593 0.969813
vt 0.158593 0.969813
vt 0.158593 0.969813
vt 0.158593 0.969813
vt 0.158593 0.969813
vt 0.158593 0.969813
vt 0.158593 0.969813
vt 0.158593 0.969813
vt 0.158593 0.969813
vt 0.158593 0.969813
vt 0.158593 0.969813
vt 0.158593 0.969813
vt 0.158593 0.969813
vt 0.158593 0.969813
vt 0.158593 0.969813
vt 0.158593 0.969813
vt 0.158593 0.969813
vt 0.158593 0.969813
vt 0.158593 0.969813
vt 0.158593 0.969813
vt 0.158593 0.969813
vt 0.158593 0.969813
vt 0.158593 0.969813
vt 0.158593 0.969813
vt 0.158593 0.969813
vt 0.158593 0.969813
vt 0.158593 0.969813
vt 0.158593 0.969813
vt 0.158593 0.969813
vt 0.158593 0.969813
vt 0.158593 0.969813
vt 0.158593 0.969813
vt 0.158593 0.969813
vt 0.158593 0.969813
vt 0.158593 0.969813
vt 0.033782 0.969801
vt 0.032292 0.969807
vt 0.032400 0.969808
vt 0.033782 0.969800
vt 0.033782 0.969801
vt 0.033782 0.969802
vt 0.033781 0.969802
vt 0.033780 0.969802
vt 0.094268 0.969675
vt 0.094268 0.969675
vt 0.094268 0.969675
vt 0.094268 0.969675
vt 0.094268 0.969675
vt 0.094268 0.969675
vt 0.033781 0.969802
vt 0.033782 0.969802
vt 0.719652 0.969813
vt 0.719652 0.969813
vt 0.719652 0.969813
vt 0.719652 0.969813
vt 0.158593 0.969813
vt 0.158593 0.969813
vt 0.158593 0.969813
vt 0.158593 0.969813
vt 0.158593 0.969813
vt 0.158593 0.969813
vt 0.158593 0.969813
vt 0.158593 0.969813
vt 0.158593 0.969813
vt 0.158593 0.969813
vt 0.158593 0.969813
vt 0.722113 0.972274
vt 0.722113 0.972274
vt 0.722113 0.972274
vt 0.722113 0.972274
vt 0.719652 0.969813
vt 0.719652 0.969813
vt 0.719652 0.969813
vt 0.719652 0.969813
vt 0.722113 0.972274
vt 0.722113 0.972274
vt 0.722113 0.972274
vt 0.722113 0.972274
vt 0.158593 0.969813
vt 0.158296 0.969808
vt 0.158409 0.969810
vt 0.158593 0.969813
vt 0.158593 0.969813
vt 0.158593 0.969813
vt 0.158593 0.969813
vt 0.158593 0.969813
vt 0.722113 0.972274
vt 0.722113 0.972274
vt 0.722113 0.972274
vt 0.722113 0.972274
vt 0.158593 0.969813
vt 0.158593 0.969813
vt 0.158593 0.969813
vt 0.158593 0.969813
vt 0.722113 0.972274
vt 0.722113 0.972274
vt 0.722113 0.972274
vt 0.722113 0.972274
vt 0.722113 0.972274
vt 0.722113 0.972274
vt 0.158593 0.969813
vt 0.722113 0.972274
vt 0.722113 0.972274
vt 0.722113 0.972274
vt 0.722113 0.972274
vt 0.158593 0.969813
vt 0.158296 0.969808
vt 0.158296 0.969808
vt 0.722113 0.972274
vt 0.722113 0.972274
vt 0.722113 0.972274
vt 0.722113 0.972274
vt 0.158593 0.969813
vt 0.158593 0.969813
vt 0.158593 0.969813
vt 0.033782 0.969801
vt 0.033782 0.969801
vt 0.033782 0.969801
vt 0.033782 0.969802
vt 0.033781 0.969802
vt 0.033781 0.969802
vt 0.033781 0.969801
vt 0.033781 0.969802
vt 0.033780 0.969802
vt 0.033780 0.969802
vt 0.033782 0.969802
vt 0.719652 0.969813
vt 0.719652 0.969813
vt 0.719652 0.969813
vt 0.719652 0.969813
vt 0.158593 0.969813
vt 0.158593 0.969813
vt 0.158296 0.969808
vt 0.158334 0.969809
vt 0.158348 0.969809
vt 0.158410 0.969810
vt 0.158593 0.969813
vt 0.158593 0.969813
vt 0.158593 0.969813
vt 0.158593 0.969813
vt 0.158593 0.969813
vt 0.158593 0.969813
vt 0.158409 0.969810
vt 0.158593 0.969813
vt 0.158593 0.969813
vt 0.158593 0.969813
vt 0.158296 0.969808
vt 0.158593 0.969813
vt 0.158410 0.969810
vt 0.158593 0.969813
vt 0.158593 0.969813
vt 0.158593 0.969813
vt 0.158593 0.969813
vt 0.722113 0.972274
vt 0.722113 0.972274
vt 0.722113 0.972274
vt 0.722113 0.972274
vt 0.158593 0.969813
vt 0.158593 0.969813
vt 0.158593 0.969813
vt 0.158593 0.969813
vt 0.158593 0.969813
vt 0.158593 0.969813
vt 0.158593 0.969813
vt 0.722113 0.972274
vt 0.722113 0.972274
vt 0.722113 0.972274
vt 0.722113 0.972274
vt 0.722113 0.972274
vt 0.722113 0.972274
vt 0.722113 0.972274
vt 0.722113 0.972274
vt 0.157858 0.969800
vt 0.158296 0.969808
vt 0.158409 0.969810
vt 0.158226 0.969807
vt 0.158593 0.969813
vt 0.158593 0.969813
vt 0.158296 0.969808
vt 0.158296 0.969808
vt 0.158593 0.969813
vt 0.158410 0.969810
vt 0.033782 0.969801
vt 0.033782 0.969800
vt 0.033782 0.969801
vt 0.033782 0.969802
vt 0.033781 0.969802
vt 0.033780 0.969802
vt 0.033781 0.969802
vt 0.033781 0.969802
vt 0.033780 0.969802
vt 0.033780 0.969801
vt 0.033782 0.969802
vt 0.158593 0.969813
vt 0.158593 0.969813
vt 0.158593 0.969813
vt 0.158593 0.969813
vt 0.158593 0.969813
vt 0.719652 0.969813
vt 0.719652 0.969813
vt 0.719652 0.969813
vt 0.719652 0.969813
vt 0.158593 0.969813
vt 0.158593 0.969813
vt 0.158593 0.969813
vt 0.158593 0.969813
vt 0.158593 0.969813
vt 0.158593 0.969813
vt 0.158593 0.969813
vt 0.158593 0.969813
vt 0.158593 0.969813
vt 0.158593 0.969813
vt 0.158593 0.969813
vt 0.158593 0.969813
vt 0.158593 0.969813
vt 0.158593 0.969813
vt 0.158593 0.969813
vt 0.158593 0.969813
vt 0.158593 0.969813
vt 0.158333 0.969809
vt 0.158348 0.969809
vt 0.158593 0.969813
vt 0.158593 0.969813
vt 0.158471 0.969811
vt 0.158593 0.969813
vt 0.158593 0.969813
vt 0.722113 0.972274
vt 0.722113 0.972274
vt 0.722113 0.972274
vt 0.722113 0.972274
vt 0.722113 0.972274
vt 0.722113 0.972274
vt 0.722113 0.972274
vt 0.722113 0.972274
vt 0.722113 0.972274
vt 0.719652 0.969813
vt 0.719652 0.969813
vt 0.719652 0.969813
vt 0.719652 0.969813
vt 0.158593 0.969813
vt 0.157858 0.969800
vt 0.158226 0.969807
vt 0.033782 0.969801
vt 0.033721 0.969807
vt 0.033782 0.969801
vt 0.033782 0.969802
vt 0.033781 0.969802
vt 0.033724 0.969807
vt 0.158593 0.969813
vt 0.158593 0.969813
vt 0.094268 0.969675
vt 0.094268 0.969675
vt 0.094267 0.969675
vt 0.094268 0.969675
vt 0.094268 0.969675
vt 0.094268 0.969675
vt 0.094268 0.969675
vt 0.094268 0.969675
vt 0.094268 0.969675
vt 0.094267 0.969675
vt 0.033781 0.969802
vt 0.033782 0.969802
vt 0.158593 0.969813
vt 0.158593 0.969813
vt 0.158410 0.969810
vt 0.158593 0.969813
vt 0.158593 0.969813
vt 0.158593 0.969813
vt 0.722113 0.972274
vt 0.722113 0.972274
vt 0.722113 0.969813
vt 0.722113 0.969813
vt 0.722113 0.969813
vt 0.722113 0.969813
vt 0.158593 0.969813
vt 0.158593 0.969813
vt 0.158593 0.969813
vt 0.158593 0.969813
vt 0.158593 0.969813
vt 0.158593 0.969813
vt 0.158593 0.969813
vt 0.158593 0.969813
vt 0.157858 0.969800
vt 0.158226 0.969807
vt 0.158410 0.969810
vt 0.158593 0.969813
vt 0.158593 0.969813
vt 0.158593 0.969813
vt 0.158593 0.969813
vt 0.158593 0.969813
vt 0.158593 0.969813
vt 0.158593 0.969813
vt 0.722113 0.972274
vt 0.722113 0.972274
vt 0.722113 0.972274
vt 0.722113 0.972274
vt 0.158593 0.969813
vt 0.158593 0.969813
vt 0.158593 0.969813
vt 0.158593 0.969813
vt 0.158593 0.969813
vt 0.158593 0.969813
vt 0.158593 0.969813
vt 0.158593 0.969813
vt 0.158593 0.969813
vt 0.158593 0.969813
vt 0.094268 0.969675
vt 0.094268 0.969675
vt 0.091973 0.844299
vt 0.092808 0.844299
vt 0.092845 0.844298
vt 0.092835 0.844298
vt 0.094268 0.969675
vt 0.094268 0.969675
vt 0.094268 0.969675
vt 0.094268 0.969675
vt 0.094268 0.969675
vt 0.094268 0.969675
vt 0.032915 0.969799
vt 0.032474 0.969803
vt 0.033776 0.969798
vt 0.033776 0.969798
vt 0.033786 0.969798
vt 0.033749 0.969799
vt 0.033730 0.969803
vt 0.033786 0.969798
vt 0.161209 0.969802
vt 0.161209 0.969803
vt 0.161209 0.969803
vt 0.161209 0.969802
vt 0.161209 0.969802
vt 0.161209 0.969801
vt 0.161209 0.969801
vt 0.161209 0.969802
vt 0.161209 0.969803
vt 0.161209 0.969803
vt 0.161209 0.969801
vt 0.161209 0.969801
vt 0.161209 0.969801
vt 0.161209 0.969802
vt 0.161209 0.969801
vt 0.161209 0.969802
vt 0.161209 0.969803
vt 0.161209 0.969803
vt 0.158397 0.969810
vt 0.158495 0.969811
vt 0.158593 0.969813
vt 0.722113 0.972274
vt 0.722113 0.972274
vt 0.158495 0.969811
vt 0.158398 0.969810
vt 0.158593 0.969813
vt 0.158593 0.969813
vt 0.158593 0.969813
vt 0.158593 0.969813
vt 0.158593 0.969813
vt 0.158593 0.969813
vt 0.158593 0.969813
vt 0.722113 0.972274
vt 0.722113 0.972274
vt 0.158593 0.969813
vt 0.158593 0.969813
vt 0.158593 0.969813
vt 0.158463 0.969811
vt 0.158496 0.969812
vt 0.158487 0.969811
vt 0.158496 0.969812
vt 0.722113 0.972274
vt 0.722113 0.972274
vt 0.722113 0.972274
vt 0.719652 0.969813
vt 0.719652 0.969813
vt 0.719652 0.969813
vt 0.719652 0.969813
vt 0.719554 0.969812
vt 0.719488 0.969810
vt 0.719455 0.969810
vt 0.158593 0.969813
vt 0.722113 0.972274
vt 0.722113 0.972274
vt 0.719652 0.969813
vt 0.719554 0.969811
vt 0.719522 0.969811
vt 0.719489 0.969810
vt 0.719457 0.969810
vt 0.719652 0.969813
vt 0.158399 0.969810
vt 0.722113 0.972274
vt 0.722113 0.972274
vt 0.722113 0.972274
vt 0.722113 0.972274
vt 0.158496 0.969811
vt 0.158593 0.969813
vt 0.158593 0.969813
vt 0.158593 0.969813
vt 0.158593 0.969813
vt 0.158593 0.969813
vt 0.719553 0.969811
vt 0.719577 0.969812
vt 0.719624 0.969813
vt 0.719652 0.969813
vt 0.719652 0.969813
vt 0.719652 0.969813
vt 0.158560 0.969812
vt 0.158528 0.969812
vt 0.722113 0.972274
vt 0.722113 0.972274
vt 0.722113 0.972274
vt 0.722113 0.972274
vt 0.158593 0.969813
vt 0.158593 0.969813
vt 0.158593 0.969813
vt 0.719652 0.969813
vt 0.719652 0.969813
vt 0.719652 0.969813
vt 0.719652 0.969813
vt 0.158593 0.969813
vt 0.158593 0.969813
vt 0.722113 0.972274
vt 0.722113 0.972274
vt 0.722113 0.972274
vt 0.722113 0.972274
vt 0.158431 0.969810
vt 0.158463 0.969811
vt 0.158565 0.969813
vt 0.158519 0.969812
vt 0.719553 0.969811
vt 0.719586 0.969812
vt 0.719619 0.969812
vt 0.719652 0.969813
vt 0.722113 0.972274
vt 0.722113 0.972274
vt 0.722113 0.972274
vt 0.722113 0.972274
vt 0.719554 0.969812
vt 0.719546 0.969811
vt 0.719530 0.969811
vt 0.158593 0.969813
vt 0.158431 0.969810
vt 0.158463 0.969811
vt 0.158496 0.969812
vt 0.719652 0.969813
vt 0.719652 0.969813
vt 0.158593 0.969813
vt 0.158593 0.969813
vt 0.158593 0.969813
vt 0.158593 0.969813
vt 0.158593 0.969813
vt 0.158593 0.969813
vt 0.158593 0.969813
vt 0.722113 0.972274
vt 0.719652 0.969813
vt 0.719652 0.969813
vt 0.719652 0.969813
vt 0.719652 0.969813
vt 0.719652 0.969813
vt 0.719652 0.969813
vt 0.157858 0.969800
vt 0.157858 0.969800
vt 0.157858 0.969800
vt 0.157858 0.969800
vt 0.157858 0.969800
vt 0.157858 0.969800
vt 0.157858 0.969801
vt 0.157858 0.969800
vt 0.157858 0.969801
vt 0.157858 0.969801
vt 0.157858 0.969800
vt 0.157858 0.969800
vt 0.157858 0.969800
vt 0.157858 0.969800
vt 0.157858 0.969800
vt 0.157858 0.969800
vt 0.157858 0.969801
vt 0.157858 0.969801
vt 0.157858 0.969801
vt 0.157858 0.969801
vt 0.157858 0.969801
vt 0.157858 0.969801
vt 0.157858 0.969800
vt 0.157858 0.969800
vt 0.157858 0.969800
vt 0.157858 0.969800
vt 0.157858 0.969800
vt 0.157858 0.969800
vt 0.157858 0.969800
vt 0.157858 0.969801
vt 0.157858 0.969801
vt 0.157858 0.969801
vt 0.157858 0.969801
vt 0.157858 0.969800
vt 0.157858 0.969800
vt 0.157858 0.969800
vt 0.157858 0.969800
vt 0.157858 0.969801
vt 0.157858 0.969801
vt 0.157858 0.969801
vt 0.157858 0.969801
vt 0.157858 0.969801
vt 0.157858 0.969801
vt 0.157858 0.969801
vt 0.157858 0.969801
vt 0.157858 0.969800
vt 0.157858 0.969800
vt 0.157858 0.969800
vt 0.157858 0.969800
vt 0.158593 0.969813
vt 0.158593 0.969813
vt 0.158593 0.969813
vt 0.722113 0.972274
vt 0.158593 0.969813
vt 0.158593 0.969813
vt 0.158593 0.969813
vt 0.158593 0.969813
vt 0.158593 0.969813
vt 0.158593 0.969813
vt 0.158593 0.969813
vt 0.158593 0.969813
vt 0.158593 0.969813
vt 0.158593 0.969813
vt 0.722113 0.972274
vt 0.158593 0.969813
vt 0.158593 0.969813
vt 0.158593 0.969813
vt 0.158593 0.969813
vt 0.158593 0.969813
vt 0.158593 0.969813
vt 0.158593 0.969813
vt 0.158593 0.969813
vt 0.158593 0.969813
vt 0.158593 0.969813
vt 0.158593 0.969813
vt 0.158593 0.969813
vt 0.158593 0.969813
vt 0.158593 0.969813
vt 0.158593 0.969813
vt 0.158593 0.969813
vt 0.158593 0.969813
vt 0.158593 0.969813
vt 0.719554 0.969812
vt 0.719522 0.969811
vt 0.719490 0.969810
vt 0.719457 0.969810
vt 0.722113 0.969813
vt 0.722113 0.969813
vt 0.722113 0.969813
vt 0.722113 0.969813
vt 0.722113 0.969813
vt 0.719652 0.969813
vt 0.719652 0.969813
vt 0.724573 0.969813
vt 0.724573 0.969813
vt 0.724573 0.969813
vt 0.724573 0.969813
vt 0.161054 0.969813
vt 0.161054 0.969813
vt 0.161054 0.969813
vt 0.161054 0.969813
vt 0.724573 0.969813
vt 0.719652 0.969813
vt 0.719652 0.969813
vt 0.722113 0.969813
vt 0.722113 0.969813
vt 0.722113 0.969813
vt 0.722113 0.969813
vt 0.722113 0.969813
vt 0.722113 0.969813
vt 0.722113 0.969813
vt 0.722113 0.969813
vt 0.722113 0.969813
vt 0.719652 0.969813
vt 0.719652 0.969813
vt 0.721767 0.969675
vt 0.721767 0.969675
vt 0.721767 0.969675
vt 0.721767 0.969675
vt 0.721767 0.969675
vt 0.721767 0.969675
vt 0.721767 0.969675
vt 0.721767 0.969675
vt 0.721767 0.969675
vt 0.721767 0.969675
vt 0.721767 0.969675
vt 0.721767 0.969675
vt 0.721767 0.969675
vt 0.721767 0.969675
vt 0.721767 0.969675
vt 0.721767 0.969675
vt 0.721767 0.969675
vt 0.721767 0.969675
vt 0.721767 0.969675
vt 0.721767 0.969675
vt 0.721767 0.969675
vt 0.721767 0.969675
vt 0.721767 0.969675
vt 0.721767 0.969675
vt 0.721767 0.969675
vt 0.721767 0.969675
vt 0.721767 0.969675
vt 0.721767 0.969675
vt 0.721767 0.969675
vt 0.721767 0.969675
vt 0.721767 0.969675
vt 0.721767 0.969675
vt 0.721767 0.969675
vt 0.721767 0.969675
vt 0.721767 0.969675
vt 0.721767 0.969675
vt 0.000000 0.000000
vt 0.000000 0.000000
vt 0.000000 0.000000
vt 0.000000 0.000000
vt 0.158593 0.969813
vt 0.158593 0.969813
vt 0.158593 0.969813
vt 0.158593 0.969813
vt 0.158593 0.969813
vt 0.158593 0.969813
vt 0.158593 0.969813
vt 0.158593 0.969813
vt 0.158593 0.969813
vt 0.158593 0.969813
vt 0.158593 0.969813
vt 0.158593 0.969813
vt 0.158593 0.969813
vt 0.158593 0.969813
vt 0.158593 0.969813
vt 0.158593 0.969813
vt 0.158593 0.969813
vt 0.158593 0.969813
vt 0.158593 0.969813
vt 0.158593 0.969813
vt 0.158593 0.969813
vt 0.158593 0.969813
vt 0.158593 0.969813
vt 0.158593 0.969813
vt 0.158593 0.969813
vt 0.158593 0.969813
vt 0.033782 0.969801
vt 0.032400 0.969808
vt 0.032292 0.969807
vt 0.033782 0.969800
vt 0.033780 0.969802
vt 0.033781 0.969802
vt 0.033782 0.969802
vt 0.033782 0.969801
vt 0.094268 0.969675
vt 0.094268 0.969675
vt 0.094268 0.969675
vt 0.094268 0.969675
vt 0.094268 0.969675
vt 0.094268 0.969675
vt 0.033781 0.969802
vt 0.033782 0.969802
vt 0.719652 0.969813
vt 0.719652 0.969813
vt 0.719652 0.969813
vt 0.719652 0.969813
vt 0.158593 0.969813
vt 0.158593 0.969813
vt 0.158593 0.969813
vt 0.158593 0.969813
vt 0.158593 0.969813
vt 0.158593 0.969813
vt 0.158593 0.969813
vt 0.158593 0.969813
vt 0.158593 0.969813
vt 0.158593 0.969813
vt 0.158593 0.969813
vt 0.722113 0.972274
vt 0.722113 0.972274
vt 0.722113 0.972274
vt 0.722113 0.972274
vt 0.719652 0.969813
vt 0.719652 0.969813
vt 0.719652 0.969813
vt 0.719652 0.969813
vt 0.722113 0.972274
vt 0.722113 0.972274
vt 0.722113 0.972274
vt 0.722113 0.972274
vt 0.158593 0.969813
vt 0.158593 0.969813
vt 0.158409 0.969810
vt 0.158296 0.969808
vt 0.158593 0.969813
vt 0.158593 0.969813
vt 0.158593 0.969813
vt 0.158593 0.969813
vt 0.722113 0.972274
vt 0.722113 0.972274
vt 0.722113 0.972274
vt 0.722113 0.972274
vt 0.158593 0.969813
vt 0.158593 0.969813
vt 0.158593 0.969813
vt 0.158593 0.969813
vt 0.722113 0.972274
vt 0.722113 0.972274
vt 0.722113 0.972274
vt 0.722113 0.972274
vt 0.722113 0.972274
vt 0.722113 0.972274
vt 0.158593 0.969813
vt 0.722113 0.972274
vt 0.722113 0.972274
vt 0.722113 0.972274
vt 0.722113 0.972274
vt 0.158593 0.969813
vt 0.158296 0.969808
vt 0.158296 0.969808
vt 0.722113 0.972274
vt 0.722113 0.972274
vt 0.722113 0.972274
vt 0.722113 0.972274
vt 0.158593 0.969813
vt 0.158593 0.969813
vt 0.158593 0.969813
vt 0.033782 0.969801
vt 0.033782 0.969801
vt 0.033781 0.969801
vt 0.033781 0.969802
vt 0.033781 0.969802
vt 0.033782 0.969802
vt 0.033782 0.969801
vt 0.033780 0.969802
vt 0.033780 0.969802
vt 0.033781 0.969802
vt 0.033782 0.969802
vt 0.719652 0.969813
vt 0.719652 0.969813
vt 0.719652 0.969813
vt 0.719652 0.969813
vt 0.158296 0.969808
vt 0.158410 0.969810
vt 0.158348 0.969809
vt 0.158334 0.969809
vt 0.158593 0.969813
vt 0.158593 0.969813
vt 0.158593 0.969813
vt 0.158593 0.969813
vt 0.158593 0.969813
vt 0.158593 0.969813
vt 0.158409 0.969810
vt 0.158593 0.969813
vt 0.158296 0.969808
vt 0.158410 0.969810
vt 0.158593 0.969813
vt 0.158593 0.969813
vt 0.158593 0.969813
vt 0.158593 0.969813
vt 0.158593 0.969813
vt 0.722113 0.972274
vt 0.722113 0.972274
vt 0.722113 0.972274
vt 0.722113 0.972274
vt 0.158593 0.969813
vt 0.158593 0.969813
vt 0.158593 0.969813
vt 0.158593 0.969813
vt 0.158593 0.969813
vt 0.158593 0.969813
vt 0.158593 0.969813
vt 0.722113 0.972274
vt 0.722113 0.972274
vt 0.722113 0.972274
vt 0.722113 0.972274
vt 0.722113 0.972274
vt 0.722113 0.972274
vt 0.722113 0.972274
vt 0.722113 0.972274
vt 0.157858 0.969800
vt 0.158226 0.969807
vt 0.158409 0.969810
vt 0.158296 0.969808
vt 0.158593 0.969813
vt 0.158593 0.969813
vt 0.158296 0.969808
vt 0.158296 0.969808
vt 0.158593 0.969813
vt 0.158410 0.969810
vt 0.033782 0.969801
vt 0.033782 0.969800
vt 0.033780 0.969802
vt 0.033781 0.969802
vt 0.033782 0.969802
vt 0.033782 0.969801
vt 0.033780 0.969801
vt 0.033780 0.969802
vt 0.033781 0.969802
vt 0.033781 0.969802
vt 0.033782 0.969802
vt 0.719652 0.969813
vt 0.719652 0.969813
vt 0.719652 0.969813
vt 0.719652 0.969813
vt 0.158593 0.969813
vt 0.158593 0.969813
vt 0.158593 0.969813
vt 0.158593 0.969813
vt 0.158593 0.969813
vt 0.158593 0.969813
vt 0.158593 0.969813
vt 0.158593 0.969813
vt 0.158593 0.969813
vt 0.158593 0.969813
vt 0.158593 0.969813
vt 0.158593 0.969813
vt 0.158593 0.969813
vt 0.158593 0.969813
vt 0.158593 0.969813
vt 0.158593 0.969813
vt 0.158348 0.969809
vt 0.158333 0.969809
vt 0.158471 0.969811
vt 0.158593 0.969813
vt 0.158593 0.969813
vt 0.158593 0.969813
vt 0.158593 0.969813
vt 0.722113 0.972274
vt 0.722113 0.972274
vt 0.722113 0.972274
vt 0.722113 0.972274
vt 0.722113 0.972274
vt 0.722113 0.972274
vt 0.722113 0.972274
vt 0.722113 0.972274
vt 0.722113 0.972274
vt 0.719652 0.969813
vt 0.719652 0.969813
vt 0.719652 0.969813
vt 0.719652 0.969813
vt 0.158593 0.969813
vt 0.158226 0.969807
vt 0.157858 0.969800
vt 0.033782 0.969801
vt 0.033721 0.969807
vt 0.033724 0.969807
vt 0.033781 0.969802
vt 0.033782 0.969802
vt 0.033782 0.969801
vt 0.094268 0.969675
vt 0.094268 0.969675
vt 0.094267 0.969675
vt 0.094268 0.969675
vt 0.094268 0.969675
vt 0.094268 0.969675
vt 0.094268 0.969675
vt 0.094268 0.969675
vt 0.094268 0.969675
vt 0.094267 0.969675
vt 0.033781 0.969802
vt 0.033782 0.969802
vt 0.158593 0.969813
vt 0.158410 0.969810
vt 0.158593 0.969813
vt 0.722113 0.972274
vt 0.722113 0.972274
vt 0.722113 0.969813
vt 0.722113 0.969813
vt 0.722113 0.969813
vt 0.722113 0.969813
vt 0.158593 0.969813
vt 0.158593 0.969813
vt 0.158593 0.969813
vt 0.158593 0.969813
vt 0.158593 0.969813
vt 0.158593 0.969813
vt 0.158593 0.969813
vt 0.157858 0.969800
vt 0.158226 0.969807
vt 0.158410 0.969810
vt 0.158593 0.969813
vt 0.158593 0.969813
vt 0.158593 0.969813
vt 0.158593 0.969813
vt 0.158593 0.969813
vt 0.158593 0.969813
vt 0.158593 0.969813
vt 0.722113 0.972274
vt 0.722113 0.972274
vt 0.722113 0.972274
vt 0.722113 0.972274
vt 0.158593 0.969813
vt 0.158593 0.969813
vt 0.158593 0.969813
vt 0.158593 0.969813
vt 0.158593 0.969813
vt 0.158593 0.969813
vt 0.158593 0.969813
vt 0.158593 0.969813
vt 0.158593 0.969813
vt 0.158593 0.969813
vt 0.094268 0.969675
vt 0.094268 0.969675
vt 0.091973 0.844299
vt 0.092808 0.844299
vt 0.094268 0.969675
vt 0.094268 0.969675
vt 0.094268 0.969675
vt 0.094268 0.969675
vt 0.094268 0.969675
vt 0.094268 0.969675
vt 0.032474 0.969803
vt 0.032915 0.969799
vt 0.033730 0.969803
vt 0.033749 0.969799
vt 0.161209 0.969802
vt 0.161209 0.969802
vt 0.161209 0.969803
vt 0.161209 0.969803
vt 0.161209 0.969802
vt 0.161209 0.969802
vt 0.161209 0.969801
vt 0.161209 0.969801
vt 0.161209 0.969803
vt 0.161209 0.969803
vt 0.161209 0.969801
vt 0.161209 0.969801
vt 0.158397 0.969810
vt 0.158593 0.969813
vt 0.158495 0.969811
vt 0.722113 0.972274
vt 0.722113 0.972274
vt 0.158398 0.969810
vt 0.158495 0.969811
vt 0.158593 0.969813
vt 0.158593 0.969813
vt 0.158593 0.969813
vt 0.158593 0.969813
vt 0.158593 0.969813
vt 0.158593 0.969813
vt 0.158593 0.969813
vt 0.722113 0.972274
vt 0.722113 0.972274
vt 0.158593 0.969813
vt 0.158593 0.969813
vt 0.158593 0.969813
vt 0.158496 0.969812
vt 0.158463 0.969811
vt 0.158496 0.969812
vt 0.158487 0.969811
vt 0.722113 0.972274
vt 0.722113 0.972274
vt 0.722113 0.972274
vt 0.719652 0.969813
vt 0.719652 0.969813
vt 0.719652 0.969813
vt 0.719652 0.969813
vt 0.719455 0.969810
vt 0.719488 0.969810
vt 0.719554 0.969812
vt 0.158593 0.969813
vt 0.722113 0.972274
vt 0.722113 0.972274
vt 0.719652 0.969813
vt 0.719652 0.969813
vt 0.719457 0.969810
vt 0.719489 0.969810
vt 0.719522 0.969811
vt 0.719554 0.969811
vt 0.158399 0.969810
vt 0.722113 0.972274
vt 0.722113 0.972274
vt 0.722113 0.972274
vt 0.722113 0.972274
vt 0.158593 0.969813
vt 0.158496 0.969811
vt 0.158593 0.969813
vt 0.158593 0.969813
vt 0.158593 0.969813
vt 0.158593 0.969813
vt 0.719553 0.969811
vt 0.719652 0.969813
vt 0.719652 0.969813
vt 0.719652 0.969813
vt 0.719624 0.969813
vt 0.719577 0.969812
vt 0.158528 0.969812
vt 0.158560 0.969812
vt 0.722113 0.972274
vt 0.722113 0.972274
vt 0.722113 0.972274
vt 0.722113 0.972274
vt 0.158593 0.969813
vt 0.158593 0.969813
vt 0.158593 0.969813
vt 0.719652 0.969813
vt 0.719652 0.969813
vt 0.719652 0.969813
vt 0.719652 0.969813
vt 0.158593 0.969813
vt 0.158593 0.969813
vt 0.722113 0.972274
vt 0.722113 0.972274
vt 0.722113 0.972274
vt 0.722113 0.972274
vt 0.158463 0.969811
vt 0.158431 0.969810
vt 0.158519 0.969812
vt 0.158565 0.969813
vt 0.719553 0.969811
vt 0.719652 0.969813
vt 0.719619 0.969812
vt 0.719586 0.969812
vt 0.722113 0.972274
vt 0.722113 0.972274
vt 0.722113 0.972274
vt 0.722113 0.972274
vt 0.719530 0.969811
vt 0.719546 0.969811
vt 0.719554 0.969812
vt 0.158593 0.969813
vt 0.158496 0.969812
vt 0.158463 0.969811
vt 0.158431 0.969810
vt 0.719652 0.969813
vt 0.719652 0.969813
vt 0.158593 0.969813
vt 0.158593 0.969813
vt 0.158593 0.969813
vt 0.158593 0.969813
vt 0.158593 0.969813
vt 0.158593 0.969813
vt 0.158593 0.969813
vt 0.722113 0.972274
vt 0.719652 0.969813
vt 0.719652 0.969813
vt 0.719652 0.969813
vt 0.719652 0.969813
vt 0.719652 0.969813
vt 0.719652 0.969813
vt 0.157858 0.969800
vt 0.157858 0.969800
vt 0.157858 0.969800
vt 0.157858 0.969800
vt 0.157858 0.969800
vt 0.157858 0.969800
vt 0.157858 0.969801
vt 0.157858 0.969801
vt 0.157858 0.969801
vt 0.157858 0.969800
vt 0.157858 0.969800
vt 0.157858 0.969800
vt 0.157858 0.969800
vt 0.157858 0.969800
vt 0.157858 0.969800
vt 0.157858 0.969800
vt 0.157858 0.969801
vt 0.157858 0.969801
vt 0.157858 0.969801
vt 0.157858 0.969801
vt 0.157858 0.969801
vt 0.157858 0.969801
vt 0.157858 0.969800
vt 0.157858 0.969800
vt 0.157858 0.969800
vt 0.157858 0.969800
vt 0.157858 0.969800
vt 0.157858 0.969800
vt 0.157858 0.969800
vt 0.157858 0.969801
vt 0.157858 0.969801
vt 0.157858 0.969801
vt 0.157858 0.969801
vt 0.157858 0.969800
vt 0.157858 0.969800
vt 0.157858 0.969800
vt 0.157858 0.969800
vt 0.157858 0.969801
vt 0.157858 0.969801
vt 0.157858 0.969801
vt 0.157858 0.969801
vt 0.157858 0.969801
vt 0.157858 0.969801
vt 0.157858 0.969801
vt 0.157858 0.969801
vt 0.157858 0.969800
vt 0.157858 0.969800
vt 0.157858 0.969800
vt 0.157858 0.969800
vt 0.158593 0.969813
vt 0.158593 0.969813
vt 0.158593 0.969813
vt 0.722113 0.972274
vt 0.158593 0.969813
vt 0.158593 0.969813
vt 0.158593 0.969813
vt 0.158593 0.969813
vt 0.158593 0.969813
vt 0.158593 0.969813
vt 0.158593 0.969813
vt 0.158593 0.969813
vt 0.158593 0.969813
vt 0.158593 0.969813
vt 0.722113 0.972274
vt 0.158593 0.969813
vt 0.158593 0.969813
vt 0.158593 0.969813
vt 0.158593 0.969813
vt 0.158593 0.969813
vt 0.158593 0.969813
vt 0.158593 0.969813
vt 0.158593 0.969813
vt 0.158593 0.969813
vt 0.158593 0.969813
vt 0.158593 0.969813
vt 0.158593 0.969813
vt 0.158593 0.969813
vt 0.158593 0.969813
vt 0.158593 0.969813
vt 0.158593 0.969813
vt 0.158593 0.969813
vt 0.158593 0.969813
vt 0.719457 0.969810
vt 0.719490 0.969810
vt 0.719522 0.969811
vt 0.719554 0.969812
vt 0.722113 0.969813
vt 0.722113 0.969813
vt 0.722113 0.969813
vt 0.722113 0.969813
vt 0.722113 0.969813
vt 0.719652 0.969813
vt 0.719652 0.969813
vt 0.724573 0.969813
vt 0.724573 0.969813
vt 0.724573 0.969813
vt 0.724573 0.969813
vt 0.161054 0.969813
vt 0.161054 0.969813
vt 0.161054 0.969813
vt 0.161054 0.969813
vt 0.724573 0.969813
vt 0.719652 0.969813
vt 0.719652 0.969813
vt 0.722113 0.969813
vt 0.722113 0.969813
vt 0.722113 0.969813
vt 0.722113 0.969813
vt 0.722113 0.969813
vt 0.722113 0.969813
vt 0.722113 0.969813
vt 0.722113 0.969813
vt 0.722113 0.969813
vt 0.719652 0.969813
vt 0.719652 0.969813
vt 0.721767 0.969675
vt 0.721767 0.969675
vt 0.721767 0.969675
vt 0.721767 0.969675
vt 0.721767 0.969675
vt 0.721767 0.969675
vt 0.721767 0.969675
vt 0.721767 0.969675
vt 0.721767 0.969675
vt 0.721767 0.969675
vt 0.721767 0.969675
vt 0.721767 0.969675
vt 0.721767 0.969675
vt 0.721767 0.969675
vt 0.721767 0.969675
vt 0.721767 0.969675
vt 0.721767 0.969675
vt 0.721767 0.969675
vt 0.721767 0.969675
vt 0.721767 0.969675
vt 0.721767 0.969675
vt 0.721767 0.969675
vt 0.721767 0.969675
vt 0.721767 0.969675
vt 0.721767 0.969675
vt 0.721767 0.969675
vt 0.721767 0.969675
vt 0.721767 0.969675
vt 0.721767 0.969675
vt 0.721767 0.969675
vt 0.721767 0.969675
vt 0.721767 0.969675
vt 0.721767 0.969675
vt 0.721767 0.969675
vt 0.721767 0.969675
vt 0.721767 0.969675
vt 0.000000 0.000000
vt 0.000000 0.000000
vt 0.000000 0.000000
vt 0.000000 0.000000
vn 1.0000 -0.0000 -0.0000
vn 0.0491 -0.9298 0.3647
vn 0.0000 0.8294 -0.5587
vn 0.0339 -0.6414 0.7664
vn 0.0000 0.7122 -0.7020
vn -0.0000 0.5480 -0.8365
vn -0.0000 0.3820 -0.9242
vn 0.0000 0.0193 -0.9998
vn 0.0225 -0.4265 0.9042
vn 0.0457 -0.8665 0.4971
vn 0.0004 -0.0157 0.9999
vn 0.0387 -0.7341 0.6780
vn 0.0491 -0.9298 -0.3647
vn 0.0000 0.8294 0.5586
vn 0.0339 -0.6414 -0.7664
vn 0.0000 0.7122 0.7020
vn 0.0000 0.5480 0.8365
vn 0.0000 0.3820 0.9242
vn -0.0000 0.0193 0.9998
vn 0.0225 -0.4265 -0.9042
vn 0.0457 -0.8665 -0.4971
vn 0.0004 -0.0157 -0.9999
vn 0.0387 -0.7341 -0.6780
vn 0.0012 0.9235 0.3835
vn 0.0012 0.9235 -0.3835
vn 0.9554 0.2951 -0.0144
vn 0.9774 0.2109 -0.0106
vn 0.0025 1.0000 -0.0038
vn 0.0021 -1.0000 0.0072
vn -1.0000 0.0000 0.0000
vn -0.0004 -0.0002 -1.0000
vn 0.0021 1.0000 -0.0062
vn 0.0003 -1.0000 -0.0008
vn -0.0003 -0.0002 -1.0000
vn 0.0000 0.0000 1.0000
vn -0.9973 -0.0735 0.0082
vn -0.9996 -0.0200 0.0220
vn -0.9998 -0.0200 0.0073
vn 0.0030 1.0000 0.0017
vn -0.0021 -1.0000 0.0072
vn -0.0028 1.0000 0.0029
vn -0.0000 1.0000 -0.0070
vn 0.0000 -1.0000 0.0000
vn 0.0019 -1.0000 0.0004
vn 0.0000 0.0017 1.0000
vn -0.0022 -1.0000 -0.0004
vn -0.0004 -0.0003 -1.0000
vn -0.9975 -0.0704 0.0071
vn -0.9996 -0.0199 0.0218
vn -0.0005 -1.0000 -0.0017
vn 0.0000 -0.0016 -1.0000
vn 0.0000 0.0000 -1.0000
vn -0.9977 -0.0662 0.0150
vn -0.9996 -0.0180 0.0210
vn 0.0023 1.0000 -0.0022
vn 0.0000 -1.0000 0.0072
vn -0.0001 0.0839 -0.9965
vn 0.0018 1.0000 -0.0070
vn -0.0002 0.0319 -0.9995
vn 0.0004 0.0003 1.0000
vn -0.9961 -0.0877 0.0029
vn 0.0004 0.0004 1.0000
vn 0.0002 0.0383 0.9993
vn 0.0004 0.0895 0.9960
vn 0.0000 1.0000 -0.0000
vn 0.0000 0.0320 -0.9995
vn 0.0000 0.0840 -0.9965
vn 0.0000 0.0383 0.9993
vn 0.0000 0.0894 0.9960
vn 0.9524 -0.3038 -0.0267
vn 0.0000 -0.9834 0.1816
vn 0.0000 -0.9849 -0.1734
vn 0.9523 -0.3038 0.0281
vn 0.0000 -0.9837 0.1796
vn 0.9523 -0.3038 0.0277
vn 0.0000 -0.9848 -0.1736
vn 0.9524 -0.3038 -0.0268
vn 0.0004 0.0002 1.0000
vn -0.9970 -0.0777 -0.0034
vn -0.9998 -0.0199 0.0071
vn -0.9997 -0.0222 0.0060
vn -0.9951 -0.0993 -0.0018
vn -0.9956 -0.0937 0.0002
vn -0.9940 -0.1090 0.0103
vn -0.0004 -0.0004 -1.0000
vn 0.8348 0.3652 0.4121
vn 0.2959 0.3730 -0.8794
vn 0.5028 0.4780 0.7202
vn 0.5898 0.7723 -0.2360
vn 0.1692 0.8278 -0.5349
vn 0.1760 0.2903 0.9406
vn 0.1765 0.3958 -0.9012
vn 0.0709 0.9681 0.2405
vn 0.5408 0.8311 0.1299
vn 0.7367 0.4604 -0.4953
vn 0.7915 0.3805 0.4782
vn 0.3786 0.5820 -0.7197
vn 0.6749 0.6796 0.2874
vn 0.0841 0.8952 -0.4377
vn 0.1837 0.3215 0.9289
vn 0.2082 0.5547 -0.8056
vn 0.0697 0.8907 0.4492
vn 0.5837 0.7820 0.2184
vn 0.8022 0.4655 -0.3738
vn 0.6796 0.3847 0.6246
vn -0.9957 -0.0922 0.0000
vn 0.9399 0.2399 0.2431
vn -0.0491 -0.9298 0.3647
vn 0.0000 0.8294 -0.5586
vn -0.0339 -0.6414 0.7664
vn -0.0225 -0.4265 0.9042
vn -0.0457 -0.8665 0.4971
vn -0.0004 -0.0157 0.9999
vn -0.0387 -0.7341 0.6780
vn -0.0491 -0.9298 -0.3647
vn -0.0339 -0.6414 -0.7664
vn -0.0225 -0.4265 -0.9042
vn -0.0457 -0.8665 -0.4971
vn -0.0004 -0.0157 -0.9999
vn -0.0387 -0.7341 -0.6780
vn -0.0012 0.9235 0.3835
vn -0.0012 0.9235 -0.3835
vn -0.9554 0.2951 -0.0144
vn -0.9774 0.2109 -0.0106
vn -0.0025 1.0000 -0.0038
vn 0.0004 -0.0002 -1.0000
vn -0.0021 1.0000 -0.0062
vn -0.0003 -1.0000 -0.0008
vn 0.0003 -0.0002 -1.0000
vn 0.9973 -0.0735 0.0082
vn 0.9996 -0.0200 0.0220
vn 0.9998 -0.0200 0.0073
vn -0.0030 1.0000 0.0017
vn 0.0028 1.0000 0.0029
vn -0.0019 -1.0000 0.0004
vn 0.0022 -1.0000 -0.0004
vn 0.0004 -0.0003 -1.0000
vn 0.9975 -0.0704 0.0071
vn 0.9996 -0.0199 0.0218
vn 0.0005 -1.0000 -0.0017
vn 0.9977 -0.0662 0.0150
vn 0.9996 -0.0180 0.0210
vn -0.0023 1.0000 -0.0022
vn 0.0001 0.0839 -0.9965
vn -0.0018 1.0000 -0.0070
vn 0.0002 0.0319 -0.9995
vn -0.0004 0.0003 1.0000
vn 0.9961 -0.0877 0.0029
vn -0.0004 0.0004 1.0000
vn -0.0002 0.0383 0.9993
vn -0.0004 0.0895 0.9960
vn -0.9524 -0.3038 -0.0267
vn -0.9523 -0.3038 0.0281
vn -0.9523 -0.3038 0.0277
vn -0.9524 -0.3038 -0.0268
vn -0.0004 0.0002 1.0000
vn 0.9970 -0.0777 -0.0034
vn 0.9998 -0.0199 0.0071
vn 0.9997 -0.0222 0.0060
vn 0.9951 -0.0993 -0.0018
vn 0.9956 -0.0937 0.0002
vn 0.9940 -0.1090 0.0103
vn 0.0004 -0.0004 -1.0000
vn -0.8348 0.3652 0.4121
vn -0.2959 0.3730 -0.8794
vn -0.5028 0.4780 0.7202
vn -0.5898 0.7723 -0.2360
vn -0.1692 0.8278 -0.5349
vn -0.1760 0.2903 0.9406
vn -0.1765 0.3958 -0.9012
vn -0.0709 0.9681 0.2405
vn -0.5408 0.8311 0.1299
vn -0.7367 0.4604 -0.4953
vn -0.7915 0.3805 0.4782
vn -0.3786 0.5820 -0.7197
vn -0.6749 0.6796 0.2874
vn -0.0841 0.8952 -0.4377
vn -0.1837 0.3215 0.9289
vn -0.2082 0.5547 -0.8056
vn -0.0697 0.8907 0.4492
vn -0.5837 0.7820 0.2184
vn -0.8022 0.4655 -0.3738
vn -0.6796 0.3847 0.6246
vn 0.9957 -0.0922 -0.0000
vn -0.9399 0.2399 0.2431
usemtl Medieval
s off
f 6/1/1 1/2/1 2/3/1 3/4/1
f 3/4/2 2/3/2 4/5/2 5/6/2
f 24/7/1 29/8/1 25/9/1 22/10/1
f 43/11/3 6/1/3 11/12/3 41/13/3
f 7/14/1 11/12/1 6/1/1 3/4/1
f 15/15/4 12/16/4 13/17/4 21/18/4
f 41/13/5 11/12/5 14/19/5 44/20/5
f 12/16/1 14/19/1 11/12/1 7/14/1
f 44/20/6 14/19/6 16/21/6 46/22/6
f 15/15/1 16/21/1 14/19/1 12/16/1
f 46/22/7 16/21/7 19/23/7 42/24/7
f 19/23/1 17/25/1 9/26/1 20/27/1
f 42/24/8 19/23/8 20/27/8 45/28/8
f 17/25/9 15/15/9 21/18/9 18/29/9
f 7/14/10 3/4/10 5/6/10 8/30/10
f 9/26/11 17/25/11 18/29/11 10/31/11
f 12/16/12 7/14/12 8/30/12 13/17/12
f 24/7/1 22/10/1 2/3/1 1/2/1
f 22/10/13 23/32/13 4/5/13 2/3/13
f 29/8/1 32/33/1 30/34/1 25/9/1
f 49/35/14 47/36/14 29/8/14 24/7/14
f 32/33/1 34/37/1 33/38/1 30/34/1
f 33/38/15 39/39/15 31/40/15 30/34/15
f 47/36/16 50/41/16 32/33/16 29/8/16
f 34/37/1 37/42/1 35/43/1 33/38/1
f 50/41/17 52/44/17 34/37/17 32/33/17
f 52/44/18 48/45/18 37/42/18 34/37/18
f 37/42/1 38/46/1 27/47/1 35/43/1
f 48/45/19 51/48/19 38/46/19 37/42/19
f 35/43/20 36/49/20 39/39/20 33/38/20
f 25/9/21 26/50/21 23/32/21 22/10/21
f 27/47/22 28/51/22 36/49/22 35/43/22
f 30/34/23 31/40/23 26/50/23 25/9/23
f 24/7/24 1/2/24 40/52/24 49/35/24
f 6/1/25 43/11/25 40/52/25 1/2/25
f 66/53/1 86/54/1 191/55/1
f 67/56/1 55/57/1 56/58/1 57/59/1 54/60/1
f 61/61/26 60/62/26 59/63/26 58/64/26
f 62/65/27 61/61/27 58/64/27 63/66/27
f 57/59/1 64/67/1 191/55/1 54/60/1
f 64/67/1 65/68/1 66/53/1 191/55/1
f 139/69/28 134/70/28 225/71/28 240/72/28
f 75/73/29 71/74/29 128/75/29
f 69/76/30 68/77/30 72/78/30
f 57/79/1 56/80/1 71/74/1 70/81/1
f 70/81/1 73/82/1 64/83/1 57/79/1
f 317/84/31 141/85/31 230/86/31 315/87/31
f 78/88/28 72/89/28 211/90/28 212/91/28
f 81/92/32 82/93/32 97/94/32 87/95/32
f 132/96/33 115/97/33 237/98/33 234/99/33
f 69/76/30 72/78/30 391/100/30
f 72/78/34 83/101/34 76/102/34 211/103/34
f 79/104/35 84/105/35 85/106/35 95/107/35
f 213/108/1 211/103/1 76/102/1 330/109/1 331/110/1 85/111/1
f 83/112/34 80/113/34 165/114/34 76/115/34
f 326/116/36 329/117/36 82/93/36 81/92/36
f 83/112/37 84/105/37 79/104/37 80/113/37
f 72/78/38 68/77/38 84/118/38 83/101/38
f 109/119/39 108/120/39 218/121/39 217/122/39
f 73/82/1 75/73/1 65/123/1 64/83/1
f 65/123/1 75/73/1 66/124/1
f 55/125/1 71/74/1 56/80/1
f 179/126/39 178/127/39 244/128/39 243/129/39
f 174/130/40 170/131/40 247/132/40
f 93/133/1 67/56/1 54/60/1
f 94/134/1 88/135/1 89/136/1 90/137/1 145/138/1 144/139/1
f 90/137/1 91/140/1 54/60/1 147/141/1 113/142/1 145/138/1
f 91/140/1 92/143/1 93/133/1 54/60/1
f 106/144/41 105/145/41 219/146/41 223/147/41
f 73/82/42 70/81/42 101/148/42 171/149/42
f 148/150/43 294/151/43 248/152/43 250/153/43
f 90/154/1 89/155/1 100/156/1 99/157/1
f 99/157/1 103/158/1 91/159/1 90/154/1
f 71/74/44 55/125/44 166/160/44 128/75/44
f 131/161/45 132/96/45 151/162/45 163/163/45
f 122/164/46 136/165/46 234/99/46 233/166/46
f 324/167/35 77/168/35 167/169/35 322/170/35
f 180/171/32 181/172/32 241/173/32 242/174/32
f 388/175/30 102/176/30 387/177/30
f 388/175/30 77/168/30 102/176/30
f 74/178/47 326/179/47 327/180/47 96/181/47
f 110/182/32 111/183/32 215/184/32 216/185/32
f 321/186/48 320/187/48 111/183/48 110/182/48
f 325/188/49 324/189/49 108/120/49 109/119/49
f 127/190/43 161/191/43 246/192/43 235/193/43
f 103/158/1 104/194/1 92/195/1 91/159/1
f 92/195/1 104/194/1 93/196/1
f 88/197/1 100/156/1 89/155/1
f 104/194/29 100/156/29 221/198/29
f 66/124/50 75/73/50 128/75/50 129/199/50
f 122/200/1 94/134/1 144/139/1
f 127/201/1 115/202/1 116/203/1 117/204/1 114/205/1
f 117/204/1 120/206/1 182/207/1 112/208/1 146/209/1 114/205/1
f 120/206/1 121/210/1 122/200/1 144/139/1 182/207/1
f 75/73/51 73/82/51 171/149/51 168/211/51
f 170/131/33 148/150/33 250/153/33 247/132/33
f 104/194/51 103/158/51 152/212/51 125/213/51
f 99/157/45 100/156/45 162/214/45 164/215/45
f 107/216/28 102/217/28 226/218/28 227/219/28
f 70/81/45 71/74/45 98/220/45 101/148/45
f 126/221/30 69/76/30 391/100/30 390/222/30 389/223/30 388/175/30 387/177/30 386/224/30 385/225/30 384/226/30 383/227/30 381/228/30 382/229/30 380/230/30 379/231/30 378/232/30
f 117/233/1 116/234/1 132/96/1 131/161/1
f 131/161/1 135/235/1 120/236/1 117/233/1
f 68/77/35 86/237/35 214/238/35 213/108/35
f 103/158/42 99/157/42 164/215/42 152/212/42
f 115/97/43 127/190/43 235/193/43 237/98/43
f 86/237/43 66/124/43 129/199/43 214/238/43
f 294/151/52 176/239/52 249/240/52 358/241/52 248/152/52
f 126/221/30 377/242/30 376/243/30
f 126/221/30 378/232/30 377/242/30
f 325/188/34 109/119/34 217/122/34 323/244/34 343/245/34
f 313/246/53 344/247/53 312/248/53 143/249/53 142/250/53
f 317/84/54 316/251/54 140/252/54 141/85/54
f 176/253/55 175/254/55 245/255/55 249/256/55
f 135/235/1 136/165/1 121/257/1 120/236/1
f 121/257/1 136/165/1 122/164/1
f 115/97/1 132/96/1 116/234/1
f 55/125/43 67/258/43 189/259/43 166/160/43
f 161/191/46 174/130/46 247/132/46 246/192/46
f 161/260/1 127/201/1 114/205/1
f 294/261/1 148/262/1 149/263/1 150/264/1 201/265/1
f 174/130/56 118/266/56 133/267/56 170/131/56
f 184/268/57 183/269/57 155/270/57 156/271/57
f 156/271/26 155/270/26 154/272/26 153/273/26
f 183/269/58 188/274/58 154/272/58 155/270/58
f 157/275/27 156/271/27 153/273/27 158/276/27
f 186/277/59 184/268/59 156/271/59 157/275/59
f 150/264/1 159/278/1 114/205/1 201/265/1
f 159/278/1 160/279/1 161/260/1 114/205/1
f 169/280/45 170/131/45 133/267/45 130/281/45
f 75/73/56 168/211/56 98/220/56 71/74/56
f 100/156/44 88/197/44 224/282/44 221/198/44
f 174/130/51 173/283/51 119/284/51 118/266/51
f 136/165/56 123/285/56 151/162/56 132/96/56
f 313/246/47 142/250/47 229/286/47 311/287/47
f 173/283/42 169/280/42 130/281/42 119/284/42
f 104/194/56 125/213/56 162/214/56 100/156/56
f 376/288/30 377/289/30 172/290/30 177/291/30
f 150/292/1 149/293/1 170/131/1 169/280/1
f 169/280/1 173/283/1 159/294/1 150/292/1
f 316/295/35 106/296/35 223/297/35 314/298/35
f 135/235/42 131/161/42 163/163/42 124/299/42
f 136/165/51 135/235/51 124/299/51 123/285/51
f 94/300/43 122/164/43 233/166/43 222/301/43
f 93/196/50 104/194/50 221/198/50 210/302/50
f 312/303/60 139/304/60 240/305/60 310/306/60
f 126/221/30 374/307/30 375/308/30
f 126/221/30 373/309/30 374/307/30
f 126/221/30 376/243/30 373/309/30
f 84/118/35 68/77/35 213/108/35 85/111/35
f 305/310/61 304/311/61 181/172/61 180/171/61
f 309/312/49 308/313/49 178/127/49 179/126/49
f 308/314/35 138/315/35 236/316/35 306/317/35
f 173/283/1 174/130/1 160/318/1 159/294/1
f 160/318/1 174/130/1 161/191/1
f 148/150/1 170/131/1 149/293/1
f 329/319/62 78/320/62 212/321/62 328/322/62 342/323/62
f 67/258/43 93/196/43 210/302/43 189/259/43
f 158/276/63 153/273/63 187/324/63 185/325/63
f 153/273/64 154/272/64 188/274/64 187/324/64
f 17/25/1 19/23/1 16/21/1 15/15/1
f 69/326/65 126/327/65 193/328/65 192/329/65
f 61/61/66 62/65/66 198/330/66 197/331/66
f 60/62/67 61/61/67 197/331/67 196/332/67
f 63/66/68 58/64/68 194/333/68 199/334/68
f 58/64/69 59/63/69 195/335/69 194/333/69
f 59/63/42 60/62/42 196/332/42 195/335/42
f 68/77/35 69/76/35 86/237/35
f 86/54/35 69/336/35 190/337/35 191/55/35
f 69/336/35 192/338/35 200/339/35 190/337/35
f 126/221/52 375/308/52 176/239/52 294/151/52
f 193/340/52 126/341/52 53/342/52 202/343/52
f 126/341/52 294/261/52 201/265/52 53/342/52
f 54/344/43 191/345/43 190/346/43 203/347/43
f 114/348/43 146/349/43 205/350/43 204/351/43
f 147/352/43 54/344/43 203/347/43 206/353/43
f 201/354/43 114/348/43 204/351/43 53/355/43
f 204/351/43 205/350/43 209/356/43 208/357/43
f 53/355/43 204/351/43 208/357/43 202/358/43
f 206/353/43 203/347/43 207/359/43 51/360/43
f 203/347/43 190/346/43 200/361/43 207/359/43
f 45/28/43 20/27/43 9/26/43 10/31/43
f 28/51/43 27/47/43 38/46/43 51/48/43
f 348/362/1 351/363/1 225/364/1 223/297/1
f 85/106/1 331/365/1 330/366/1 76/115/1 165/114/1 95/107/1
f 233/166/1 351/363/1 348/362/1 222/301/1
f 246/192/1 356/367/1 355/368/1 235/193/1
f 129/369/1 353/370/1 213/108/1 214/238/1
f 221/198/1 350/371/1 371/372/1 370/373/1 220/374/1 210/375/1
f 328/376/1 327/377/1 87/95/1 97/94/1
f 128/75/1 166/378/1 252/379/1 357/380/1
f 348/362/1 359/381/1 239/382/1 224/282/1 222/301/1
f 358/241/1 372/383/1 352/384/1 250/153/1 248/152/1
f 322/385/1 341/386/1 340/387/1 323/244/1 217/122/1 218/121/1
f 220/388/1 370/389/1 371/390/1 350/391/1 227/219/1 226/218/1
f 357/380/1 252/379/1 96/181/1 212/321/1
f 219/146/1 239/392/1 359/393/1 348/394/1 223/147/1
f 355/368/1 356/367/1 238/395/1 236/316/1
f 318/396/1 319/397/1 216/185/1 215/184/1
f 232/398/1 349/399/1 364/400/1 365/401/1 355/402/1 236/403/1
f 221/198/1 224/282/1 239/382/1 350/371/1
f 213/108/1 353/370/1 211/103/1
f 220/374/1 251/404/1 189/259/1 210/375/1
f 314/405/1 339/406/1 338/407/1 315/87/1 230/86/1 231/408/1
f 234/99/1 237/98/1 349/409/1 347/410/1
f 354/411/1 352/412/1 245/413/1 253/414/1
f 356/415/1 366/416/1 367/417/1 354/418/1 253/419/1 238/420/1
f 234/99/1 347/410/1 363/421/1 362/422/1 351/363/1 233/166/1
f 310/423/1 337/424/1 336/425/1 311/287/1 229/286/1 228/426/1
f 347/410/1 349/409/1 232/427/1 240/305/1
f 350/371/1 239/382/1 219/428/1 227/429/1
f 211/90/1 353/430/1 368/431/1 369/432/1 357/433/1 212/91/1
f 357/380/1 369/434/1 368/435/1 353/370/1 129/369/1 128/75/1
f 306/436/1 335/437/1 334/438/1 307/439/1 243/129/1 244/128/1
f 355/368/1 365/440/1 364/441/1 349/409/1 237/98/1 235/193/1
f 247/132/1 354/411/1 367/442/1 366/443/1 356/367/1 246/192/1
f 351/444/1 362/445/1 363/446/1 347/447/1 240/72/1 225/71/1
f 302/448/1 333/449/1 332/450/1 303/451/1 242/174/1 241/173/1
f 245/255/1 352/452/1 372/453/1 358/454/1 249/256/1
f 247/132/1 250/455/1 352/412/1 354/411/1
f 251/404/1 361/456/1 360/457/1 252/458/1 166/160/1 189/259/1
f 80/113/39 79/104/39 95/107/39 165/114/39
f 309/312/34 179/126/34 243/129/34 307/439/34
f 321/186/47 110/182/47 216/185/47 319/397/47
f 136/165/40 132/96/40 234/99/40
f 88/197/43 94/300/43 222/301/43 224/282/43
f 177/459/28 172/460/28 238/420/28 253/419/28
f 142/250/32 143/249/32 228/426/32 229/286/32
f 320/461/62 107/462/62 227/429/62 318/463/62
f 304/464/62 177/465/62 253/414/62 302/466/62 346/467/62
f 305/310/47 180/171/47 242/174/47 303/451/47 345/468/47
f 141/85/39 140/252/39 231/408/39 230/86/39
f 138/469/55 137/470/55 232/398/55 236/403/55
f 77/471/55 74/472/55 96/473/55 167/474/55
f 326/116/47 81/92/47 87/95/47 327/377/47
f 266/475/52 269/476/52 275/477/52 273/478/52
f 269/476/70 268/479/70 274/480/70 275/477/70
f 261/481/71 260/482/71 264/483/71 262/484/71
f 260/482/72 263/485/72 265/486/72 264/483/72
f 259/487/70 258/488/70 264/483/70 265/486/70
f 256/489/52 259/487/52 265/486/52 263/485/52
f 270/490/72 273/478/72 275/477/72 274/480/72
f 271/491/71 270/490/71 274/480/71 272/492/71
f 258/488/73 257/493/73 262/484/73 264/483/73
f 257/493/35 254/494/35 261/481/35 262/484/35
f 268/479/73 267/495/73 272/492/73 274/480/73
f 267/495/35 255/496/35 271/491/35 272/492/35
f 277/497/52 280/498/52 286/499/52 284/500/52
f 280/498/70 279/501/70 285/502/70 286/499/70
f 281/503/72 284/500/72 286/499/72 285/502/72
f 282/504/71 281/503/71 285/502/71 283/505/71
f 279/501/73 278/506/73 283/505/73 285/502/73
f 278/506/35 276/507/35 282/504/35 283/505/35
f 293/508/52 290/509/52 294/510/52 289/511/52
f 291/512/74 290/509/74 293/508/74 292/513/74
f 289/511/75 288/514/75 292/513/75 293/508/75
f 288/514/35 287/515/35 291/512/35 292/513/35
f 298/516/35 300/517/35 296/518/35 86/519/35
f 298/516/76 299/520/76 301/521/76 300/517/76
f 297/522/77 296/518/77 300/517/77 301/521/77
f 295/523/52 297/522/52 301/521/52 299/520/52
f 253/414/1 245/413/1 303/524/1 332/525/1 333/526/1 302/466/1
f 181/172/78 304/311/78 346/527/78 302/448/78 241/173/78
f 175/528/79 177/465/79 304/464/79 305/529/79
f 172/530/80 138/315/80 308/314/80 309/531/80
f 172/530/34 309/531/34 307/532/34 238/395/34
f 134/533/81 106/296/81 316/295/81 317/534/81
f 143/249/78 312/248/78 310/423/78 228/426/78
f 240/305/1 232/427/1 311/535/1 336/536/1 337/537/1 310/306/1
f 140/252/35 316/251/35 314/405/35 231/408/35
f 82/93/78 329/117/78 342/538/78 328/376/78 97/94/78
f 102/176/47 325/539/47 343/540/47 323/541/47 226/542/47
f 167/169/1 226/542/1 323/541/1 340/543/1 341/544/1 322/170/1
f 212/321/1 96/181/1 327/180/1 328/322/1
f 111/183/78 320/187/78 318/396/78 215/184/78
f 105/545/82 107/462/82 320/461/82 321/546/82
f 227/429/1 219/428/1 319/547/1 318/463/1
f 108/120/35 324/189/35 322/385/35 218/121/35
f 236/316/1 238/395/1 307/532/1 334/548/1 335/549/1 306/317/1
f 178/127/35 308/313/35 306/436/35 244/128/35
f 74/178/83 78/320/83 329/319/83 326/179/83
f 134/533/47 317/534/47 315/550/47 225/364/47
f 137/551/84 139/304/84 312/303/84 344/552/84 313/553/84
f 105/545/47 321/546/47 319/547/47 219/428/47
f 175/528/47 305/529/47 345/554/47 303/524/47 245/413/47
f 137/551/85 313/553/85 311/535/85 232/427/85
f 102/176/80 77/168/80 324/167/80 325/539/80
f 223/297/1 225/364/1 315/550/1 338/555/1 339/556/1 314/298/1
f 167/169/1 251/404/1 220/374/1 226/542/1
f 96/473/1 252/557/1 360/558/1 361/559/1 251/560/1 167/474/1
f 172/530/30 377/242/30 138/315/30
f 375/561/30 374/562/30 175/563/30 176/564/30
f 374/562/30 373/565/30 175/563/30
f 175/528/30 373/309/30 177/465/30
f 378/566/30 379/567/30 137/470/30 138/469/30
f 373/309/30 376/243/30 177/465/30
f 377/242/30 378/232/30 138/315/30
f 380/568/30 382/569/30 134/570/30 139/571/30
f 379/572/30 380/573/30 139/574/30 137/575/30
f 134/570/30 382/569/30 381/576/30
f 381/228/30 383/227/30 106/296/30 134/533/30
f 385/225/30 105/545/30 384/226/30
f 383/577/30 384/578/30 105/145/30 106/144/30
f 385/225/30 107/462/30 105/545/30
f 389/579/30 74/580/30 77/581/30 388/582/30
f 387/583/30 107/584/30 385/585/30 386/586/30
f 387/583/30 102/587/30 107/584/30
f 390/222/30 74/178/30 389/223/30
f 390/222/30 78/320/30 74/178/30
f 391/588/30 78/88/30 390/589/30
f 391/588/30 72/89/30 78/88/30
f 404/590/86 405/591/86 392/592/86 395/593/86
f 400/594/87 401/595/87 398/596/87 397/597/87
f 402/598/88 403/599/88 396/600/88 399/601/88
f 407/602/89 400/594/89 397/597/89 406/603/89
f 405/591/90 393/604/90 400/594/90 407/602/90
f 395/593/91 392/592/91 403/599/91 402/598/91
f 393/604/92 394/605/92 401/595/92 400/594/92
f 392/592/93 405/591/93 407/602/93 403/599/93
f 403/599/94 407/602/94 406/603/94 396/600/94
f 394/605/95 393/604/95 405/591/95 404/590/95
f 404/590/43 395/593/43 394/605/43
f 402/598/43 401/595/43 394/605/43 395/593/43
f 401/595/43 402/598/43 399/601/43 398/596/43
f 420/606/96 421/607/96 408/608/96 411/609/96
f 416/610/97 417/611/97 414/612/97 413/613/97
f 419/614/98 412/615/98 425/616/98 426/617/98
f 423/618/89 416/610/89 413/613/89 422/619/89
f 421/607/99 409/620/99 416/610/99 423/618/99
f 411/609/100 408/608/100 419/614/100 418/621/100
f 409/620/101 410/622/101 417/611/101 416/610/101
f 408/608/102 421/607/102 423/618/102 419/614/102
f 419/614/103 423/618/103 422/619/103 412/615/103
f 410/622/104 409/620/104 421/607/104 420/606/104
f 420/606/43 411/609/43 410/622/43
f 418/621/43 417/611/43 410/622/43 411/609/43
f 417/611/43 418/621/43 415/623/43 414/612/43
f 427/624/105 426/617/105 425/616/105 424/625/105
f 412/626/106 415/627/106 424/628/106 425/629/106
f 418/621/107 419/614/107 426/617/107 427/624/107
f 415/623/43 418/621/43 427/624/43 424/625/43
f 431/630/30 430/631/30 429/632/30 428/633/30
f 430/631/108 5/6/108 4/5/108 429/632/108
f 443/634/30 442/635/30 444/636/30 446/637/30
f 43/11/109 41/13/109 434/638/109 431/630/109
f 432/639/30 430/631/30 431/630/30 434/638/30
f 437/640/110 21/18/110 13/17/110 435/641/110
f 41/13/5 44/20/5 436/642/5 434/638/5
f 435/641/30 432/639/30 434/638/30 436/642/30
f 44/20/6 46/22/6 438/643/6 436/642/6
f 437/640/30 435/641/30 436/642/30 438/643/30
f 46/22/7 42/24/7 440/644/7 438/643/7
f 440/644/30 441/645/30 433/646/30 439/647/30
f 42/24/8 45/28/8 441/645/8 440/644/8
f 439/647/111 18/29/111 21/18/111 437/640/111
f 432/639/112 8/30/112 5/6/112 430/631/112
f 433/646/113 10/31/113 18/29/113 439/647/113
f 435/641/114 13/17/114 8/30/114 432/639/114
f 443/634/30 428/633/30 429/632/30 442/635/30
f 442/635/115 429/632/115 4/5/115 23/32/115
f 446/637/30 444/636/30 447/648/30 448/649/30
f 49/35/14 443/634/14 446/637/14 47/36/14
f 448/649/30 447/648/30 449/650/30 450/651/30
f 449/650/116 447/648/116 31/40/116 39/39/116
f 47/36/16 446/637/16 448/649/16 50/41/16
f 450/651/30 449/650/30 451/652/30 452/653/30
f 50/41/17 448/649/17 450/651/17 52/44/17
f 52/44/18 450/651/18 452/653/18 48/45/18
f 452/653/30 451/652/30 445/654/30 453/655/30
f 48/45/19 452/653/19 453/655/19 51/48/19
f 451/652/117 449/650/117 39/39/117 36/49/117
f 444/636/118 442/635/118 23/32/118 26/50/118
f 445/654/119 451/652/119 36/49/119 28/51/119
f 447/648/120 444/636/120 26/50/120 31/40/120
f 443/634/121 49/35/121 40/52/121 428/633/121
f 431/630/122 428/633/122 40/52/122 43/11/122
f 467/656/30 576/657/30 487/658/30
f 468/659/30 455/660/30 458/661/30 457/662/30 456/663/30
f 462/664/123 459/665/123 460/666/123 461/667/123
f 463/668/124 464/669/124 459/665/124 462/664/124
f 458/661/30 455/660/30 576/657/30 465/670/30
f 465/670/30 576/657/30 467/656/30 466/671/30
f 531/672/125 618/673/125 603/674/125 526/675/125
f 476/676/40 522/677/40 472/678/40
f 470/679/1 473/680/1 469/681/1
f 458/682/30 471/683/30 472/678/30 457/684/30
f 471/683/30 458/682/30 465/685/30 474/686/30
f 695/687/126 693/688/126 608/689/126 533/690/126
f 479/691/125 590/692/125 589/693/125 473/694/125
f 482/695/127 488/696/127 498/697/127 483/698/127
f 525/699/128 612/700/128 615/701/128 514/702/128
f 470/679/1 769/703/1 473/680/1
f 473/680/129 589/704/129 477/705/129 484/706/129
f 480/707/35 496/708/35 486/709/35 485/710/35
f 591/711/30 486/712/30 709/713/30 708/714/30 477/705/30 589/704/30
f 484/715/129 477/716/129 552/717/129 481/718/129
f 704/719/130 482/695/130 483/698/130 707/720/130
f 484/715/131 481/718/131 480/707/131 485/710/131
f 473/680/132 484/706/132 485/721/132 469/681/132
f 508/722/133 595/723/133 596/724/133 507/725/133
f 474/686/30 465/685/30 466/726/30 476/676/30
f 466/726/30 467/727/30 476/676/30
f 456/728/30 457/684/30 472/678/30
f 564/729/133 621/730/133 622/731/133 563/732/133
f 559/733/29 625/734/29 556/735/29
f 494/736/30 455/660/30 468/659/30
f 495/737/30 536/738/30 537/739/30 491/740/30 490/741/30 489/742/30
f 491/740/30 537/739/30 512/743/30 539/744/30 455/660/30 492/745/30
f 492/745/30 455/660/30 494/736/30 493/746/30
f 505/747/134 601/748/134 597/749/134 504/750/134
f 474/686/42 171/149/42 101/148/42 471/683/42
f 540/751/43 628/752/43 626/753/43 672/754/43
f 491/755/30 499/756/30 500/757/30 490/758/30
f 499/756/30 491/755/30 492/759/30 502/760/30
f 472/678/135 522/677/135 553/761/135 456/728/135
f 524/762/45 163/163/45 151/162/45 525/699/45
f 519/763/136 611/764/136 612/700/136 528/765/136
f 702/766/35 700/767/35 554/768/35 478/769/35
f 565/770/127 620/771/127 619/772/127 566/773/127
f 766/774/1 765/775/1 501/776/1
f 766/774/1 501/776/1 478/769/1
f 475/777/137 497/778/137 705/779/137 704/780/137
f 509/781/127 594/782/127 593/783/127 510/784/127
f 699/785/138 509/781/138 510/784/138 698/786/138
f 703/787/139 508/722/139 507/725/139 702/788/139
f 521/789/43 613/790/43 624/791/43 551/792/43
f 502/760/30 492/759/30 493/793/30 503/794/30
f 493/793/30 494/795/30 503/794/30
f 489/796/30 490/758/30 500/757/30
f 503/794/40 599/797/40 500/757/40
f 467/727/140 523/798/140 522/677/140 476/676/140
f 519/799/30 536/738/30 495/737/30
f 521/800/30 513/801/30 516/802/30 515/803/30 514/804/30
f 516/802/30 513/801/30 538/805/30 511/806/30 567/807/30 517/808/30
f 517/808/30 567/807/30 536/738/30 519/799/30 518/809/30
f 476/676/51 168/211/51 171/149/51 474/686/51
f 556/735/128 625/734/128 628/752/128 540/751/128
f 503/794/51 125/213/51 152/212/51 502/760/51
f 499/756/45 164/215/45 162/214/45 500/757/45
f 506/810/125 605/811/125 604/812/125 501/813/125
f 471/683/45 101/148/45 98/220/45 472/678/45
f 520/814/1 756/815/1 757/816/1 758/817/1 760/818/1 759/819/1 761/820/1 762/821/1 763/822/1 764/823/1 765/775/1 766/774/1 767/824/1 768/825/1 769/703/1 470/679/1
f 516/826/30 524/762/30 525/699/30 515/827/30
f 524/762/30 516/826/30 517/828/30 527/829/30
f 469/681/35 591/711/35 592/830/35 487/831/35
f 502/760/42 152/212/42 164/215/42 499/756/42
f 514/702/43 615/701/43 613/790/43 521/789/43
f 487/831/43 592/830/43 523/798/43 467/727/43
f 672/754/52 626/753/52 736/832/52 627/833/52 561/834/52
f 520/814/1 754/835/1 755/836/1
f 520/814/1 755/836/1 756/815/1
f 703/787/129 721/837/129 701/838/129 595/723/129 508/722/129
f 691/839/141 534/840/141 535/841/141 690/842/141 722/843/141
f 695/687/142 533/690/142 532/844/142 694/845/142
f 561/846/143 627/847/143 623/848/143 560/849/143
f 527/829/30 517/828/30 518/850/30 528/765/30
f 518/850/30 519/763/30 528/765/30
f 514/702/30 515/827/30 525/699/30
f 456/728/43 553/761/43 574/851/43 468/852/43
f 551/792/136 624/791/136 625/734/136 559/733/136
f 551/853/30 513/801/30 521/800/30
f 672/854/30 583/855/30 542/856/30 541/857/30 540/858/30
f 559/733/56 556/735/56 133/267/56 118/266/56
f 569/859/144 546/860/144 545/861/144 568/862/144
f 546/860/123 543/863/123 544/864/123 545/861/123
f 568/862/145 545/861/145 544/864/145 573/865/145
f 547/866/124 548/867/124 543/863/124 546/860/124
f 571/868/146 547/866/146 546/860/146 569/859/146
f 542/856/30 583/855/30 513/801/30 549/869/30
f 549/869/30 513/801/30 551/853/30 550/870/30
f 555/871/45 130/281/45 133/267/45 556/735/45
f 476/676/56 472/678/56 98/220/56 168/211/56
f 500/757/135 599/797/135 602/872/135 489/796/135
f 559/733/51 118/266/51 119/284/51 558/873/51
f 528/765/56 525/699/56 151/162/56 123/285/56
f 691/839/137 689/874/137 607/875/137 534/840/137
f 558/873/42 119/284/42 130/281/42 555/871/42
f 503/794/56 500/757/56 162/214/56 125/213/56
f 754/876/1 562/877/1 557/878/1 755/879/1
f 542/880/30 555/871/30 556/735/30 541/881/30
f 555/871/30 542/880/30 549/882/30 558/873/30
f 694/883/35 692/884/35 601/885/35 505/886/35
f 527/829/42 124/299/42 163/163/42 524/762/42
f 528/765/51 123/285/51 124/299/51 527/829/51
f 495/887/43 600/888/43 611/764/43 519/763/43
f 494/795/140 588/889/140 599/797/140 503/794/140
f 690/890/147 688/891/147 618/892/147 531/893/147
f 520/814/1 753/894/1 752/895/1
f 520/814/1 752/895/1 751/896/1
f 520/814/1 751/896/1 754/835/1
f 485/721/35 486/712/35 591/711/35 469/681/35
f 683/897/148 565/770/148 566/773/148 682/898/148
f 687/899/139 564/729/139 563/732/139 686/900/139
f 686/901/35 684/902/35 614/903/35 530/904/35
f 558/873/30 549/882/30 550/905/30 559/733/30
f 550/905/30 551/792/30 559/733/30
f 540/751/30 541/881/30 556/735/30
f 707/906/149 720/907/149 706/908/149 590/909/149 479/910/149
f 468/852/43 574/851/43 588/889/43 494/795/43
f 548/867/150 570/911/150 572/912/150 543/863/150
f 543/863/151 572/912/151 573/865/151 544/864/151
f 439/647/30 437/640/30 438/643/30 440/644/30
f 470/913/65 192/329/65 193/328/65 520/914/65
f 462/664/66 580/915/66 581/916/66 463/668/66
f 461/667/67 579/917/67 580/915/67 462/664/67
f 464/669/68 582/918/68 577/919/68 459/665/68
f 459/665/69 577/919/69 578/920/69 460/666/69
f 460/666/42 578/920/42 579/917/42 461/667/42
f 469/681/35 487/831/35 470/679/35
f 487/658/35 576/657/35 575/921/35 470/922/35
f 470/922/35 575/921/35 200/339/35 192/338/35
f 520/814/52 672/754/52 561/834/52 753/894/52
f 193/340/52 202/343/52 454/923/52 520/924/52
f 520/924/52 454/923/52 583/855/52 672/854/52
f 455/925/43 584/926/43 575/927/43 576/928/43
f 513/929/43 585/930/43 586/931/43 538/932/43
f 539/933/43 587/934/43 584/926/43 455/925/43
f 583/935/43 454/936/43 585/930/43 513/929/43
f 585/930/43 208/357/43 209/356/43 586/931/43
f 454/936/43 202/358/43 208/357/43 585/930/43
f 587/934/43 51/360/43 207/359/43 584/926/43
f 584/926/43 207/359/43 200/361/43 575/927/43
f 45/28/43 10/31/43 433/646/43 441/645/43
f 28/51/43 51/48/43 453/655/43 445/654/43
f 726/937/30 601/885/30 603/938/30 729/939/30
f 486/709/30 496/708/30 552/717/30 477/716/30 708/940/30 709/941/30
f 611/764/30 600/888/30 726/937/30 729/939/30
f 624/791/30 613/790/30 733/942/30 734/943/30
f 523/944/30 592/830/30 591/711/30 731/945/30
f 599/797/30 588/946/30 598/947/30 748/948/30 749/949/30 728/950/30
f 706/951/30 498/697/30 488/696/30 705/952/30
f 522/677/30 735/953/30 630/954/30 553/955/30
f 726/937/30 600/888/30 602/872/30 617/956/30 737/957/30
f 736/832/30 626/753/30 628/752/30 730/958/30 750/959/30
f 700/960/30 596/724/30 595/723/30 701/838/30 718/961/30 719/962/30
f 598/963/30 604/812/30 605/811/30 728/964/30 749/965/30 748/966/30
f 735/953/30 590/909/30 497/778/30 630/954/30
f 597/749/30 601/748/30 726/967/30 737/968/30 617/969/30
f 733/942/30 614/903/30 616/970/30 734/943/30
f 696/971/30 593/783/30 594/782/30 697/972/30
f 610/973/30 614/974/30 733/975/30 743/976/30 742/977/30 727/978/30
f 599/797/30 728/950/30 617/956/30 602/872/30
f 591/711/30 589/704/30 731/945/30
f 598/947/30 588/946/30 574/851/30 629/979/30
f 692/980/30 609/981/30 608/689/30 693/688/30 716/982/30 717/983/30
f 612/700/30 725/984/30 727/985/30 615/701/30
f 732/986/30 631/987/30 623/988/30 730/989/30
f 734/990/30 616/991/30 631/992/30 732/993/30 745/994/30 744/995/30
f 612/700/30 611/764/30 729/939/30 740/996/30 741/997/30 725/984/30
f 688/998/30 606/999/30 607/875/30 689/874/30 714/1000/30 715/1001/30
f 725/984/30 618/892/30 610/1002/30 727/985/30
f 728/950/30 605/1003/30 597/1004/30 617/956/30
f 589/693/30 590/692/30 735/1005/30 747/1006/30 746/1007/30 731/1008/30
f 735/953/30 522/677/30 523/944/30 731/945/30 746/1009/30 747/1010/30
f 684/1011/30 622/731/30 621/730/30 685/1012/30 712/1013/30 713/1014/30
f 733/942/30 613/790/30 615/701/30 727/985/30 742/1015/30 743/1016/30
f 625/734/30 624/791/30 734/943/30 744/1017/30 745/1018/30 732/986/30
f 729/1019/30 603/674/30 618/673/30 725/1020/30 741/1021/30 740/1022/30
f 680/1023/30 619/772/30 620/771/30 681/1024/30 710/1025/30 711/1026/30
f 623/848/30 627/847/30 736/1027/30 750/1028/30 730/1029/30
f 625/734/30 732/986/30 730/989/30 628/1030/30
f 629/979/30 574/851/30 553/761/30 630/1031/30 738/1032/30 739/1033/30
f 481/718/133 552/717/133 496/708/133 480/707/133
f 687/899/129 685/1012/129 621/730/129 564/729/129
f 699/785/137 697/972/137 594/782/137 509/781/137
f 528/765/29 612/700/29 525/699/29
f 489/796/43 602/872/43 600/888/43 495/887/43
f 562/1034/125 631/992/125 616/991/125 557/1035/125
f 534/840/127 607/875/127 606/999/127 535/841/127
f 698/1036/149 696/1037/149 605/1003/149 506/1038/149
f 682/1039/149 724/1040/149 680/1041/149 631/987/149 562/1042/149
f 683/897/137 723/1043/137 681/1024/137 620/771/137 565/770/137
f 533/690/133 608/689/133 609/981/133 532/844/133
f 530/1044/143 614/974/143 610/973/143 529/1045/143
f 478/1046/143 554/1047/143 497/1048/143 475/1049/143
f 704/719/137 705/952/137 488/696/137 482/695/137
f 644/1050/52 651/1051/52 653/1052/52 647/1053/52
f 647/1053/152 653/1052/152 652/1054/152 646/1055/152
f 639/1056/71 640/1057/71 642/1058/71 638/1059/71
f 638/1059/72 642/1058/72 643/1060/72 641/1061/72
f 637/1062/152 643/1060/152 642/1058/152 636/1063/152
f 634/1064/52 641/1061/52 643/1060/52 637/1062/52
f 648/1065/72 652/1054/72 653/1052/72 651/1051/72
f 649/1066/71 650/1067/71 652/1054/71 648/1065/71
f 636/1063/153 642/1058/153 640/1057/153 635/1068/153
f 635/1068/35 640/1057/35 639/1056/35 632/1069/35
f 646/1055/153 652/1054/153 650/1067/153 645/1070/153
f 645/1070/35 650/1067/35 649/1066/35 633/1071/35
f 655/1072/52 662/1073/52 664/1074/52 658/1075/52
f 658/1075/152 664/1074/152 663/1076/152 657/1077/152
f 659/1078/72 663/1076/72 664/1074/72 662/1073/72
f 660/1079/71 661/1080/71 663/1076/71 659/1078/71
f 657/1077/153 663/1076/153 661/1080/153 656/1081/153
f 656/1081/35 661/1080/35 660/1079/35 654/1082/35
f 671/1083/52 667/1084/52 672/1085/52 668/1086/52
f 669/1087/74 670/1088/74 671/1083/74 668/1086/74
f 667/1084/154 671/1083/154 670/1088/154 666/1089/154
f 666/1089/35 670/1088/35 669/1087/35 665/1090/35
f 676/1091/35 487/1092/35 674/1093/35 678/1094/35
f 676/1091/76 678/1094/76 679/1095/76 677/1096/76
f 675/1097/155 679/1095/155 678/1094/155 674/1093/155
f 673/1098/52 677/1096/52 679/1095/52 675/1097/52
f 631/987/30 680/1041/30 711/1099/30 710/1100/30 681/1101/30 623/988/30
f 566/773/156 619/772/156 680/1023/156 724/1102/156 682/898/156
f 560/1103/157 683/1104/157 682/1039/157 562/1042/157
f 557/1105/158 687/1106/158 686/901/158 530/904/158
f 557/1105/129 616/970/129 685/1107/129 687/1106/129
f 526/1108/159 695/1109/159 694/883/159 505/886/159
f 535/841/156 606/999/156 688/998/156 690/842/156
f 618/892/30 688/891/30 715/1110/30 714/1111/30 689/1112/30 610/1002/30
f 532/844/35 609/981/35 692/980/35 694/845/35
f 483/698/156 498/697/156 706/951/156 720/1113/156 707/720/156
f 501/776/137 604/1114/137 701/1115/137 721/1116/137 703/1117/137
f 554/768/30 700/767/30 719/1118/30 718/1119/30 701/1115/30 604/1114/30
f 590/909/30 706/908/30 705/779/30 497/778/30
f 510/784/156 593/783/156 696/971/156 698/786/156
f 504/1120/160 699/1121/160 698/1036/160 506/1038/160
f 605/1003/30 696/1037/30 697/1122/30 597/1004/30
f 507/725/35 596/724/35 700/960/35 702/788/35
f 614/903/30 684/902/30 713/1123/30 712/1124/30 685/1107/30 616/970/30
f 563/732/35 622/731/35 684/1011/35 686/900/35
f 475/777/161 704/780/161 707/906/161 479/910/161
f 526/1108/137 603/938/137 693/1125/137 695/1109/137
f 529/1126/162 691/1127/162 722/1128/162 690/890/162 531/893/162
f 504/1120/137 597/1004/137 697/1122/137 699/1121/137
f 560/1103/137 623/988/137 681/1101/137 723/1129/137 683/1104/137
f 529/1126/163 610/1002/163 689/1112/163 691/1127/163
f 501/776/158 703/1117/158 702/766/158 478/769/158
f 601/885/30 692/884/30 717/1130/30 716/1131/30 693/1125/30 603/938/30
f 554/768/30 604/1114/30 598/947/30 629/979/30
f 497/1048/30 554/1047/30 629/1132/30 739/1133/30 738/1134/30 630/1135/30
f 557/1105/1 530/904/1 755/836/1
f 753/1136/1 561/1137/1 560/1138/1 752/1139/1
f 752/1139/1 560/1138/1 751/1140/1
f 560/1103/1 562/1042/1 751/896/1
f 756/1141/1 530/1044/1 529/1045/1 757/1142/1
f 751/896/1 562/1042/1 754/835/1
f 755/836/1 530/904/1 756/815/1
f 758/1143/1 531/1144/1 526/1145/1 760/1146/1
f 757/1147/1 529/1148/1 531/1149/1 758/1150/1
f 526/1145/1 759/1151/1 760/1146/1
f 759/819/1 526/1108/1 505/886/1 761/820/1
f 763/822/1 762/821/1 504/1120/1
f 761/1152/1 505/747/1 504/750/1 762/1153/1
f 763/822/1 504/1120/1 506/1038/1
f 767/1154/1 766/1155/1 478/1156/1 475/1157/1
f 765/1158/1 764/1159/1 763/1160/1 506/1161/1
f 765/1158/1 506/1161/1 501/1162/1
f 768/825/1 767/824/1 475/777/1
f 768/825/1 475/777/1 479/910/1
f 769/1163/1 768/1164/1 479/691/1
f 769/1163/1 479/691/1 473/694/1
f 782/1165/164 773/1166/164 770/1167/164 783/1168/164
f 778/1169/165 775/1170/165 776/1171/165 779/1172/165
f 780/1173/166 777/1174/166 774/1175/166 781/1176/166
f 785/1177/167 784/1178/167 775/1170/167 778/1169/167
f 783/1168/168 785/1177/168 778/1169/168 771/1179/168
f 773/1166/169 780/1173/169 781/1176/169 770/1167/169
f 771/1179/170 778/1169/170 779/1172/170 772/1180/170
f 770/1167/171 781/1176/171 785/1177/171 783/1168/171
f 781/1176/172 774/1175/172 784/1178/172 785/1177/172
f 772/1180/173 782/1165/173 783/1168/173 771/1179/173
f 782/1165/43 772/1180/43 773/1166/43
f 780/1173/43 773/1166/43 772/1180/43 779/1172/43
f 779/1172/43 776/1171/43 777/1174/43 780/1173/43
f 798/1181/174 789/1182/174 786/1183/174 799/1184/174
f 794/1185/175 791/1186/175 792/1187/175 795/1188/175
f 797/1189/176 804/1190/176 803/1191/176 790/1192/176
f 801/1193/167 800/1194/167 791/1186/167 794/1185/167
f 799/1184/177 801/1193/177 794/1185/177 787/1195/177
f 789/1182/178 796/1196/178 797/1189/178 786/1183/178
f 787/1195/179 794/1185/179 795/1188/179 788/1197/179
f 786/1183/180 797/1189/180 801/1193/180 799/1184/180
f 797/1189/181 790/1192/181 800/1194/181 801/1193/181
f 788/1197/182 798/1181/182 799/1184/182 787/1195/182
f 798/1181/43 788/1197/43 789/1182/43
f 796/1196/43 789/1182/43 788/1197/43 795/1188/43
f 795/1188/43 792/1187/43 793/1198/43 796/1196/43
f 805/1199/183 802/1200/183 803/1191/183 804/1190/183
f 790/1201/184 803/1202/184 802/1203/184 793/1204/184
f 796/1196/185 805/1199/185 804/1190/185 797/1189/185
f 793/1198/43 802/1200/43 805/1199/43 796/1196/43
o Wall2_Cube.003_Cube.005
v 1.169226 2.587668 3.980937
v 1.169226 2.253731 3.980937
v 1.169226 2.187461 3.811978
v 0.835446 2.192018 3.980937
v 0.835446 2.125749 3.811978
v 1.169226 2.407006 3.542142
v 1.169226 1.967451 3.428496
v 0.835446 1.905739 3.428496
v 1.169226 0.000000 2.653954
v 0.835446 -0.000000 2.653954
v 1.169226 2.094804 3.078629
v 1.169226 1.660852 3.096535
v 0.835446 1.599139 3.096535
v 1.169226 1.761103 2.740057
v 1.169226 1.383053 2.864049
v 1.169226 1.361228 2.478059
v 1.169226 0.968931 2.668729
v 0.835446 0.907219 2.668729
v 1.169226 1.026919 2.339865
v 1.169226 0.000000 2.320016
v 0.835446 1.321340 2.864049
v 0.835448 1.349094 3.002790
v 0.835448 1.573610 3.190685
v 0.835448 2.052774 3.980937
v 0.835448 1.999214 3.768904
v 0.835448 1.014401 2.844934
v 0.835448 -0.000000 2.832991
v 0.835448 1.821403 3.458975
v -0.000000 -0.000000 3.980937
v -0.000000 -0.000000 2.832991
v 0.799430 2.052774 3.980937
v 0.799430 1.999214 3.768904
v 0.799430 1.014401 2.844934
v 0.799430 0.000000 2.832991
v 0.799430 1.821403 3.458975
v 0.799430 1.573610 3.190685
v 0.799430 1.349094 3.002790
v 0.799430 0.000000 3.980937
v 0.749593 1.930122 3.795061
v 0.749593 1.966412 3.909180
v 0.749592 0.071972 2.907253
v 0.749593 0.071972 3.909180
v 0.749593 1.308624 3.064403
v 0.749593 1.762744 3.503439
v 0.799430 1.308624 3.064403
v 0.799430 0.071972 2.907253
v 0.799430 0.998468 2.918145
v 0.799430 0.071972 3.909180
v 0.799430 1.762744 3.503439
v 0.799430 1.930122 3.795061
v 0.799430 1.966412 3.909180
v 0.799430 1.522874 3.243791
v 1.169226 2.187461 4.149896
v 0.835446 2.125749 4.149896
v 1.169226 2.407006 4.419732
v 1.169226 1.967451 4.533378
v 0.835446 1.905739 4.533378
v 1.169226 0.000000 5.307921
v 0.835446 -0.000000 5.307921
v 1.169226 2.094804 4.883245
v 1.169226 1.660852 4.865339
v 0.835446 1.599139 4.865339
v 1.169226 1.761103 5.221817
v 1.169226 1.383053 5.097826
v 1.169226 1.361228 5.483815
v 1.169226 0.968931 5.293145
v 0.835446 0.907219 5.293145
v 1.169226 1.026919 5.622009
v 1.169226 0.000000 5.641858
v 0.835446 1.321340 5.097826
v 0.835448 1.349094 4.959085
v 0.835448 1.573610 4.771189
v 0.835448 1.999214 4.192970
v 0.835448 1.014401 5.116941
v 0.835448 -0.000000 5.128883
v 0.835448 1.821403 4.502899
v 0.799430 1.999214 4.192970
v 0.799430 1.014401 5.116941
v 0.799430 0.000000 5.128883
v 0.799430 1.821403 4.502899
v 0.799430 1.573610 4.771189
v 0.799430 1.349094 4.959085
v 0.749593 1.930122 4.166813
v 0.749593 1.966412 4.052694
v 0.749593 0.071972 5.054621
v 0.749593 0.071972 4.052694
v 0.749593 1.308624 4.897471
v 0.749593 1.762744 4.458436
v 0.799430 1.308624 4.897471
v 0.799430 0.071972 5.054621
v 0.799430 0.998468 5.043729
v 0.799430 0.071972 4.052694
v 0.799430 1.762744 4.458436
v 0.799430 1.930122 4.166813
v 0.799430 1.966412 4.052694
v 0.799430 1.522874 4.718083
v 0.000000 2.590781 3.980937
v 0.000000 2.094804 3.078629
v 0.000000 1.026919 2.339865
v 0.000000 2.407006 3.542142
v 0.000000 1.761103 2.740057
v -0.000000 -0.000000 2.320016
v 0.000000 1.361228 2.478060
v 0.000000 2.094804 4.883245
v 0.000000 1.026919 5.622009
v 0.000000 2.407006 4.419733
v 0.000000 1.761103 5.221817
v 0.000000 -0.000000 5.641858
v 0.000000 1.361228 5.483815
v 1.069991 0.000000 6.000947
v 1.069991 3.402719 6.389215
v 1.069991 3.132251 6.682903
v 1.069991 2.193861 6.759985
v 1.516660 1.177829 7.209778
v 1.094431 2.540751 7.087451
v 1.091593 2.539518 6.910208
v 1.511619 1.175644 6.795265
v 1.763635 0.010864 6.758008
v 1.767941 0.010884 7.254491
v 1.069991 2.196912 7.228096
v 1.069991 3.136184 7.301395
v 1.069991 3.402719 7.594658
v 1.069991 3.402719 6.000947
v 0.866583 3.934202 8.000000
v 0.866583 3.458668 8.000000
v 1.069991 2.564195 6.911500
v 1.069991 3.402312 6.910043
v 1.369991 4.110863 0.993970
v 1.369991 4.107758 0.493396
v 0.853602 4.111970 0.994160
v 0.866582 3.934841 7.497915
v 1.069991 2.565415 7.086049
v 0.849934 4.108884 0.493599
v 1.069991 3.403564 7.084670
v 1.369991 4.112583 1.494858
v 0.866582 3.929702 6.496490
v 0.866582 3.928622 6.000947
v 0.866582 3.932782 6.997046
v 0.866767 4.292350 8.000000
v 0.852032 4.293097 7.497836
v 0.833285 4.288064 6.496392
v 0.840622 4.291156 6.996957
v 1.369991 4.109084 1.999053
v 0.866675 4.113277 1.999053
v 0.859307 4.113970 1.495034
v 1.069991 3.402719 8.000000
v 1.369991 3.402719 6.000947
v 1.069991 3.402719 4.388267
v 1.069991 3.132252 4.681956
v 1.069991 2.193862 4.759038
v 1.069991 2.196912 5.227149
v 1.069991 3.136184 5.300448
v 1.069991 3.402719 5.593711
v 1.069991 3.402719 4.000000
v 1.369991 4.291701 7.497659
v 1.369991 4.290699 8.000000
v 1.369991 3.403564 7.084670
v 0.000001 3.402312 6.910043
v 1.069991 2.564195 4.910553
v 1.069991 3.402312 4.909096
v 1.369991 4.110863 2.994917
v 1.369991 4.107757 2.494343
v 0.853602 4.111970 2.995107
v 0.000001 2.564194 6.911500
v 0.866583 3.934841 5.496968
v 1.069991 2.565415 5.085102
v 0.849934 4.108884 2.494546
v 1.069991 3.403565 5.083723
v 1.369991 4.109084 4.000000
v 0.866582 3.929703 4.495543
v 0.866582 3.928622 4.000000
v 0.866582 3.932783 4.996099
v 0.866767 4.292350 6.000947
v 0.852032 4.293098 5.496889
v 0.833285 4.288064 4.495445
v 0.840622 4.291157 4.996010
v 1.369991 4.112583 3.495806
v 0.866674 4.110486 4.000000
v 0.859307 4.113970 3.495981
v 1.069991 1.139372 2.650715
v 1.069991 1.139372 5.430565
v 1.069991 -0.000000 1.999053
v 1.069991 3.402719 2.387320
v 1.069991 3.132252 2.681009
v 1.069991 2.193862 2.758091
v 0.000000 3.403565 1.081829
v 0.000000 2.565415 1.083208
v 1.069991 2.196913 3.226202
v 1.069991 3.136184 3.299501
v 1.069991 3.402719 3.592763
v 0.000001 3.403565 3.082776
v 0.000000 2.565415 3.084155
v 0.000001 3.403564 5.083723
v 0.866582 3.458668 0.000000
v 1.069991 3.402719 1.999053
v 1.369991 3.402719 7.594658
v 1.369991 3.928582 6.496288
v 0.000000 2.564195 0.908659
v 1.069991 2.564195 2.909606
v 1.069991 3.402313 2.908149
v 1.369991 4.110863 4.995865
v 1.369991 4.107757 4.495291
v 0.853603 4.111970 4.996055
v 0.000000 3.402313 0.907202
v 0.866582 3.934841 3.496021
v 1.069991 2.565415 3.084155
v 0.849934 4.108883 4.495494
v 1.069991 3.403565 3.082776
v 1.369991 4.109084 6.000947
v 0.866582 3.929703 2.494595
v 0.866582 3.934203 1.999053
v 0.866582 3.932783 2.995152
v 0.866767 4.292350 4.000000
v 0.852032 4.293098 3.495942
v 0.833285 4.288064 2.494498
v 0.840622 4.291157 2.995062
v 1.369991 4.112583 5.496753
v 0.866674 4.110486 6.000947
v 0.859307 4.113970 5.496928
v 1.069991 2.381114 4.000000
v 1.069991 1.978642 4.684576
v 1.069991 -0.000000 2.321044
v 1.069991 0.000000 5.640904
v 1.069991 3.402720 0.386373
v 1.069991 3.132252 0.680062
v 1.069991 2.193862 0.757144
v 0.000001 3.402312 2.908149
v 0.000000 2.565415 5.085102
v 1.516660 1.177830 1.206937
v 1.094431 2.540752 1.084610
v 1.091593 2.539519 0.907367
v 1.511619 1.175645 0.792423
v 1.764207 0.008218 0.755083
v 1.768512 0.008234 1.251751
v 1.069991 2.196913 1.225255
v 1.069991 3.136184 1.298554
v 1.069991 3.402719 1.591816
v 0.000001 3.402312 4.909096
v 0.000000 2.564195 2.909606
v 0.000000 2.564195 4.910553
v 1.369991 3.927468 6.000947
v 1.069991 3.402719 0.000000
v 1.369991 4.286930 6.496187
v 1.369991 4.290039 6.996766
v 0.000001 3.403564 7.084670
v 1.069991 2.564196 0.908659
v 1.069991 3.402313 0.907202
v 1.369991 4.107757 6.496238
v 1.369991 4.110862 6.996812
v 0.853602 4.111969 6.997002
v 0.000001 2.565414 7.086049
v 0.866583 3.934842 1.495074
v 1.069991 2.565416 1.083208
v 0.849934 4.108883 6.496441
v 1.069991 3.403565 1.081829
v 1.369991 4.112582 7.497700
v 0.866582 3.929703 0.493648
v 0.866582 3.928623 0.000000
v 0.866583 3.932783 0.994205
v 0.866767 4.292351 1.999053
v 0.852032 4.293098 1.494995
v 0.833285 4.288064 0.493551
v 0.840623 4.291157 0.994115
v 1.369991 4.111636 8.000000
v 0.866675 4.113276 8.000000
v 0.859307 4.113969 7.497876
v 1.069991 2.081673 3.266792
v 0.819051 2.540005 0.907454
v 0.866771 1.176516 0.792578
v 1.069991 0.000000 1.252206
v 1.069991 0.000000 0.754965
v 0.871754 1.178674 1.207087
v 0.821872 2.541231 1.084694
v 0.749593 1.515386 3.239627
v 0.798962 1.522874 3.243791
v 0.749593 0.996354 2.927849
v 0.798962 0.998468 2.918145
v 0.749593 1.515386 4.722248
v 0.798962 1.522874 4.718083
v 0.749593 0.996354 5.034026
v 0.798962 0.998468 5.043729
v 1.369991 3.402719 6.389215
v 1.069991 -0.000000 0.000000
v 0.566582 0.000000 0.000000
v 0.000001 3.458668 8.000000
v 0.000000 3.458668 0.000000
v 0.749593 0.066454 5.218866
v 0.749593 0.066454 2.743008
v 0.749593 2.005374 5.218866
v 0.749593 2.005374 2.743008
v 1.041742 1.177829 7.209778
v 1.041742 2.540751 7.087451
v 1.041742 2.539518 6.910208
v 1.041742 1.175645 6.795265
v 1.069991 -0.000000 6.757661
v 1.069991 -0.000000 7.254908
v 0.782574 0.422061 2.886990
v 0.782574 0.302840 2.886990
v 0.749593 0.302840 2.886990
v 0.749593 0.422061 2.886990
v 0.749593 0.302840 5.071529
v 0.782574 0.422061 5.071529
v 0.782574 0.302840 5.071529
v 0.749593 0.422061 5.071529
v 0.782574 0.838142 2.886990
v 0.782574 0.718921 2.886990
v 0.749593 0.718921 2.886990
v 0.749593 0.838142 2.886990
v 0.749593 0.718921 5.071529
v 0.782574 0.838142 5.071529
v 0.782574 0.718921 5.071529
v 0.749593 0.838142 5.071529
v 0.782574 1.254223 2.886990
v 0.782574 1.135002 2.886990
v 0.749593 1.135002 2.886990
v 0.749593 1.254223 2.886990
v 0.749593 1.135002 5.071529
v 0.782574 1.254223 5.071529
v 0.782574 1.135002 5.071529
v 0.749593 1.254223 5.071529
v 0.782574 1.670304 2.886990
v 0.782574 1.551083 2.886990
v 0.749593 1.551083 2.886990
v 0.749593 1.670304 2.886990
v 0.749593 1.551083 5.071529
v 0.782574 1.670304 5.071529
v 0.782574 1.551083 5.071529
v 0.749593 1.670304 5.071529
v -0.000000 0.000001 0.000000
v 1.069991 -0.000000 8.000000
v 0.000000 0.000000 6.000947
v 0.566583 0.000000 6.000947
v 0.566583 0.000000 1.999053
v 0.566583 0.000000 2.321044
v 0.566583 0.000000 5.640904
v 0.566583 0.000000 8.000000
v -0.000000 0.000001 1.999053
v -0.000000 0.000001 2.321044
v 0.000000 -0.000000 8.000000
v 0.000000 -0.000000 5.128883
v 1.369991 3.402312 6.910043
v 1.369991 3.933464 7.497741
v 1.369991 3.931685 6.996858
v 1.369991 3.932572 8.000000
v 1.369991 3.402719 8.000000
v 1.369991 4.290040 4.995819
v 1.369991 4.286931 4.495240
v 1.369991 4.291701 5.496712
v 1.369991 4.290699 6.000947
v 1.369991 3.928583 4.495341
v 1.369991 3.402719 5.593710
v 1.369991 3.403565 5.083723
v 1.369991 3.402719 4.000000
v 1.369991 3.927468 4.000000
v 1.369991 3.402719 4.388267
v 1.369991 3.402312 4.909096
v 1.369991 3.933464 5.496794
v 1.369991 3.931686 4.995911
v 1.369991 3.927468 1.999053
v 1.369991 3.403565 1.081829
v 1.369991 3.933465 1.494899
v 1.369991 4.290700 1.999053
v 1.369991 4.290040 2.994872
v 1.369991 4.286931 2.494293
v 1.369991 4.291701 3.495764
v 1.369991 4.290700 4.000000
v 1.369991 3.928583 2.494394
v 1.369991 3.402719 3.592763
v 1.369991 3.403565 3.082776
v 1.369991 3.402719 1.999053
v 1.369991 3.402719 2.387320
v 1.369991 3.402313 2.908149
v 1.369991 3.933464 3.495847
v 1.369991 3.931686 2.994963
v 1.369991 4.290040 0.993925
v 1.369991 4.286931 0.493346
v 1.369991 4.291702 1.494817
v 1.369991 3.928583 0.493447
v 1.369991 3.402719 1.591816
v 1.369991 3.402719 0.000000
v 1.369991 3.927469 0.000000
v 1.369991 3.402720 0.386373
v 1.369991 3.402313 0.907202
v 1.369991 3.931686 0.994016
v 1.069991 3.402719 6.311893
v 1.069991 3.402719 4.314458
v 1.069991 3.402719 5.674798
v 1.280577 3.402719 6.311893
v 1.280577 3.402719 6.000941
v 1.280577 3.402719 5.674798
v 1.069991 2.798869 6.000941
v 1.069991 2.856294 6.311893
v 1.097104 2.856294 6.311893
v 1.069991 2.856294 5.674798
v 1.097104 2.798869 6.000941
v 1.097105 2.856294 5.674798
v 1.069991 3.402719 3.677363
v 1.280577 3.402719 4.314458
v 1.280577 3.402719 4.003507
v 1.280577 3.402719 3.677363
v 1.069991 2.798869 4.003507
v 1.069991 2.856294 4.314458
v 1.097104 2.856294 4.314458
v 1.069991 2.856294 3.677363
v 1.097104 2.798869 4.003507
v 1.097105 2.856294 3.677363
v 1.069991 3.402719 2.314075
v 1.069991 3.402719 1.676981
v 1.280577 3.402719 2.314075
v 1.280577 3.402719 2.003124
v 1.280577 3.402719 1.676981
v 1.069991 2.798869 2.003124
v 1.069991 2.856294 2.314075
v 1.097104 2.856294 2.314075
v 1.069991 2.856294 1.676981
v 1.097104 2.798869 2.003124
v 1.097105 2.856294 1.676981
v 1.069991 3.402719 7.674663
v 1.280577 3.402719 8.000000
v 1.280577 3.402719 7.674663
v 1.069991 2.798869 8.000000
v 1.069991 2.856294 7.674663
v 1.097104 2.798869 8.000000
v 1.097104 2.856294 7.674663
v 1.069991 3.402719 0.309961
v 1.280577 3.402719 0.309961
v 1.280577 3.402719 0.000000
v 1.069991 2.798869 0.000000
v 1.069991 2.856294 0.309961
v 1.097104 2.856294 0.309961
v 1.097104 2.798869 0.000000
v 1.369991 3.627265 0.518599
v 1.369991 3.816950 6.000947
v 1.369991 3.798269 6.096542
v 1.369991 3.820107 4.000000
v 1.369991 3.729442 6.252881
v 1.369991 3.720539 8.000000
v 1.369991 3.635325 1.165021
v 1.369991 3.725722 2.281384
v 1.369991 3.729784 5.227385
v 1.369991 3.761883 5.470409
v 1.369991 3.801270 1.999053
v 1.369991 3.814428 3.012504
v 1.369991 3.797426 7.474390
v 1.369991 3.629881 0.728288
v 1.369991 3.825647 4.458547
v 1.369991 3.824464 7.007405
v 1.369991 3.770864 3.473470
v 1.369991 3.760106 4.289719
v 1.369991 3.753506 2.483064
v 1.369991 3.796802 6.480691
v 1.369991 3.721307 3.210153
v 1.369991 3.642971 1.778266
v 1.369991 3.623589 0.223747
v 1.369991 3.639436 1.494780
v 1.369991 3.632582 0.944965
v 1.369991 3.620842 0.000000
v 1.369991 3.773046 5.018170
v 1.369991 3.812005 0.443523
v 1.369991 3.709472 7.239206
v 0.866583 3.833709 6.497217
v 0.866582 3.854879 6.012198
v 0.866582 3.824924 7.007260
v 0.866582 3.844641 5.015140
v 0.866583 3.874381 5.475386
v 0.866583 3.840860 7.503876
v 0.866583 3.776488 6.262030
v 0.866583 3.759139 7.261258
v 0.866582 3.828294 5.252956
v 0.866582 3.853479 4.482900
v 0.866582 3.807276 4.035112
v 0.866582 3.867972 3.005069
v 0.866582 3.837900 3.485073
v 0.866582 3.819507 3.245070
v 0.866582 3.842657 2.489246
v 0.866582 3.766791 2.262211
v 0.866582 3.811749 2.009350
v 0.866583 3.812831 1.488828
v 0.866582 3.754981 1.262736
v 0.866582 3.788834 1.036644
v 0.866582 3.791875 0.000000
v 0.866583 3.786144 0.468299
v 0.866582 3.748272 0.221048
v 1.369991 3.846596 1.463388
v 1.369991 3.781032 1.015996
v 1.369991 3.808667 0.000000
v 1.369991 3.763209 0.283756
v -1.169225 2.587668 3.980937
v -1.169225 2.253731 3.980937
v -1.169225 2.187461 3.811978
v -0.835446 2.192018 3.980937
v -0.835446 2.125749 3.811978
v -1.169225 2.407006 3.542142
v -1.169225 1.967451 3.428496
v -0.835446 1.905739 3.428496
v -1.169226 0.000000 2.653954
v -0.835446 0.000000 2.653954
v -1.169225 2.094804 3.078629
v -1.169225 1.660852 3.096535
v -0.835446 1.599139 3.096535
v -1.169225 1.761103 2.740057
v -1.169226 1.383053 2.864049
v -1.169226 1.361228 2.478059
v -1.169226 0.968931 2.668729
v -0.835446 0.907219 2.668729
v -1.169226 1.026919 2.339865
v -1.169226 0.000000 2.320016
v -0.835446 1.321340 2.864049
v -0.835448 1.349094 3.002790
v -0.835448 1.573610 3.190686
v -0.835448 2.052774 3.980937
v -0.835448 1.999214 3.768904
v -0.835448 1.014401 2.844934
v -0.835448 0.000000 2.832991
v -0.835448 1.821403 3.458975
v -0.799429 2.052774 3.980937
v -0.799429 1.999214 3.768904
v -0.799430 1.014401 2.844934
v -0.799430 0.000000 2.832991
v -0.799429 1.821403 3.458975
v -0.799429 1.573610 3.190686
v -0.799429 1.349094 3.002790
v -0.799430 0.000000 3.980937
v -0.749592 1.930122 3.795061
v -0.749592 1.966412 3.909180
v -0.749593 0.071972 2.907253
v -0.749593 0.071972 3.909180
v -0.749592 1.308624 3.064404
v -0.749592 1.762744 3.503439
v -0.799429 1.308624 3.064404
v -0.799430 0.071972 2.907253
v -0.799430 0.998468 2.918145
v -0.799430 0.071972 3.909180
v -0.799429 1.762744 3.503439
v -0.799429 1.930122 3.795061
v -0.799429 1.966412 3.909180
v -0.799429 1.522874 3.243791
v -1.169225 2.187461 4.149897
v -0.835446 2.125749 4.149897
v -1.169225 2.407006 4.419733
v -1.169225 1.967451 4.533379
v -0.835446 1.905739 4.533379
v -1.169226 0.000000 5.307921
v -0.835446 0.000000 5.307921
v -1.169225 2.094804 4.883245
v -1.169225 1.660852 4.865339
v -0.835446 1.599139 4.865339
v -1.169225 1.761103 5.221817
v -1.169225 1.383053 5.097826
v -1.169225 1.361228 5.483815
v -1.169225 0.968931 5.293145
v -0.835446 0.907219 5.293145
v -1.169225 1.026919 5.622009
v -1.169226 0.000000 5.641858
v -0.835446 1.321340 5.097826
v -0.835448 1.349094 4.959085
v -0.835448 1.573610 4.771189
v -0.835448 1.999214 4.192970
v -0.835448 1.014401 5.116941
v -0.835448 0.000000 5.128883
v -0.835448 1.821403 4.502899
v -0.799429 1.999214 4.192970
v -0.799429 1.014401 5.116941
v -0.799430 0.000000 5.128883
v -0.799429 1.821403 4.502899
v -0.799429 1.573610 4.771189
v -0.799429 1.349094 4.959085
v -0.749592 1.930122 4.166813
v -0.749592 1.966412 4.052694
v -0.749592 0.071972 5.054621
v -0.749593 0.071972 4.052694
v -0.749592 1.308624 4.897471
v -0.749592 1.762744 4.458436
v -0.799429 1.308624 4.897471
v -0.799430 0.071972 5.054621
v -0.799429 0.998468 5.043729
v -0.799430 0.071972 4.052694
v -0.799429 1.762744 4.458436
v -0.799429 1.930122 4.166813
v -0.799429 1.966412 4.052694
v -0.799429 1.522874 4.718083
v -1.069991 0.000000 6.000947
v -1.069989 3.402719 6.389215
v -1.069990 3.132252 6.682903
v -1.069990 2.193862 6.759985
v -1.516660 1.177829 7.209778
v -1.094430 2.540752 7.087451
v -1.091591 2.539518 6.910208
v -1.511619 1.175645 6.795265
v -1.763635 0.010864 6.758008
v -1.767941 0.010884 7.254491
v -1.069990 2.196912 7.228096
v -1.069990 3.136184 7.301395
v -1.069989 3.402719 7.594658
v -1.069990 3.402719 6.000947
v -0.866581 3.934203 8.000000
v -0.866581 3.458669 8.000000
v -1.069990 2.564195 6.911500
v -1.069989 3.402312 6.910043
v -1.369990 4.110863 0.993970
v -1.369990 4.107758 0.493396
v -0.853601 4.111970 0.994160
v -0.866581 3.934841 7.497915
v -1.069990 2.565415 7.086049
v -0.849933 4.108884 0.493599
v -1.069989 3.403565 7.084670
v -1.369990 4.112583 1.494858
v -0.866581 3.929703 6.496490
v -0.866581 3.928622 6.000947
v -0.866581 3.932783 6.997046
v -0.866765 4.292350 8.000000
v -0.852031 4.293097 7.497836
v -0.833283 4.288064 6.496392
v -0.840621 4.291156 6.996957
v -1.369990 4.109084 1.999053
v -0.866673 4.113277 1.999053
v -0.859306 4.113970 1.495034
v -1.069989 3.402719 8.000000
v -1.369990 3.402719 6.000947
v -1.069990 3.402719 4.388267
v -1.069990 3.132252 4.681956
v -1.069990 2.193862 4.759038
v -1.069990 2.196913 5.227149
v -1.069990 3.136184 5.300448
v -1.069990 3.402719 5.593711
v -1.069990 3.402719 4.000000
v -1.369989 4.291701 7.497659
v -1.369989 4.290699 8.000000
v -1.369989 3.403565 7.084670
v -1.069990 2.564195 4.910553
v -1.069990 3.402313 4.909096
v -1.369990 4.110863 2.994918
v -1.369990 4.107757 2.494344
v -0.853601 4.111970 2.995107
v -0.866581 3.934842 5.496968
v -1.069990 2.565415 5.085102
v -0.849932 4.108884 2.494546
v -1.069990 3.403565 5.083723
v -1.369990 4.109084 4.000000
v -0.866581 3.929703 4.495543
v -0.866581 3.928622 4.000000
v -0.866581 3.932783 4.996099
v -0.866765 4.292350 6.000947
v -0.852031 4.293098 5.496889
v -0.833283 4.288064 4.495445
v -0.840621 4.291157 4.996010
v -1.369990 4.112583 3.495806
v -0.866673 4.110486 4.000000
v -0.859306 4.113970 3.495982
v -1.069991 1.139372 2.650715
v -1.069990 1.139372 5.430565
v -1.069991 0.000000 1.999053
v -1.069990 3.402720 2.387320
v -1.069990 3.132252 2.681009
v -1.069990 2.193863 2.758091
v -1.069990 2.196913 3.226203
v -1.069990 3.136185 3.299501
v -1.069990 3.402719 3.592764
v -0.866582 3.458669 0.000000
v -1.069990 3.402719 1.999053
v -1.369989 3.402719 7.594658
v -1.369989 3.928583 6.496288
v -1.069990 2.564196 2.909606
v -1.069990 3.402313 2.908149
v -1.369989 4.110863 4.995865
v -1.369989 4.107757 4.495291
v -0.853601 4.111970 4.996055
v -0.866581 3.934842 3.496021
v -1.069990 2.565416 3.084155
v -0.849932 4.108883 4.495494
v -1.069990 3.403566 3.082776
v -1.369989 4.109084 6.000947
v -0.866581 3.929703 2.494595
v -0.866581 3.934204 1.999053
v -0.866581 3.932784 2.995152
v -0.866765 4.292350 4.000000
v -0.852031 4.293098 3.495942
v -0.833284 4.288064 2.494498
v -0.840621 4.291157 2.995062
v -1.369989 4.112583 5.496753
v -0.866673 4.110486 6.000947
v -0.859306 4.113970 5.496928
v -1.069990 2.381114 4.000000
v -1.069990 1.978642 4.684576
v -1.069991 0.000000 2.321044
v -1.069991 0.000000 5.640904
v -1.069990 3.402720 0.386373
v -1.069990 3.132253 0.680062
v -1.069990 2.193863 0.757144
v -1.516660 1.177830 1.206937
v -1.094430 2.540753 1.084610
v -1.091592 2.539519 0.907367
v -1.511619 1.175646 0.792423
v -1.764207 0.008219 0.755083
v -1.768512 0.008234 1.251751
v -1.069990 2.196913 1.225255
v -1.069990 3.136185 1.298554
v -1.069990 3.402720 1.591816
v -1.369989 3.927468 6.000947
v -1.069990 3.402720 0.000000
v -1.369989 4.286930 6.496187
v -1.369989 4.290039 6.996766
v -1.069990 2.564196 0.908659
v -1.069990 3.402313 0.907202
v -1.369989 4.107757 6.496238
v -1.369989 4.110862 6.996812
v -0.853601 4.111969 6.997002
v -0.866581 3.934842 1.495074
v -1.069990 2.565416 1.083208
v -0.849932 4.108883 6.496441
v -1.069990 3.403566 1.081829
v -1.369989 4.112582 7.497700
v -0.866581 3.929703 0.493648
v -0.866581 3.928623 0.000000
v -0.866581 3.932784 0.994205
v -0.866765 4.292351 1.999053
v -0.852031 4.293098 1.494995
v -0.833284 4.288064 0.493551
v -0.840621 4.291157 0.994115
v -1.369989 4.111636 8.000000
v -0.866673 4.113276 8.000000
v -0.859306 4.113969 7.497876
v -1.069990 2.081674 3.266792
v -0.819050 2.540005 0.907454
v -0.866770 1.176516 0.792578
v -1.069991 0.000000 1.252206
v -1.069991 0.000000 0.754965
v -0.871754 1.178674 1.207087
v -0.821871 2.541231 1.084694
v -0.749592 1.515386 3.239627
v -0.798962 1.522874 3.243791
v -0.749592 0.996355 2.927849
v -0.798962 0.998468 2.918145
v -0.749592 1.515386 4.722248
v -0.798962 1.522874 4.718083
v -0.749592 0.996355 5.034026
v -0.798962 0.998468 5.043729
v -1.369989 3.402719 6.389215
v -1.069991 0.000000 0.000000
v -0.566583 0.000000 0.000000
v -0.749593 0.066455 5.218866
v -0.749593 0.066455 2.743008
v -0.749592 2.005375 5.218866
v -0.749592 2.005375 2.743008
v -1.041742 1.177829 7.209778
v -1.041741 2.540752 7.087451
v -1.041741 2.539518 6.910208
v -1.041742 1.175645 6.795265
v -1.069991 0.000000 6.757661
v -1.069991 0.000000 7.254908
v -0.782574 0.422061 2.886990
v -0.782574 0.302840 2.886990
v -0.749593 0.302840 2.886990
v -0.749593 0.422061 2.886990
v -0.749592 0.302840 5.071529
v -0.782573 0.422061 5.071529
v -0.782573 0.302840 5.071529
v -0.749592 0.422061 5.071529
v -0.782574 0.838142 2.886990
v -0.782574 0.718921 2.886990
v -0.749592 0.718921 2.886990
v -0.749592 0.838142 2.886990
v -0.749592 0.718921 5.071529
v -0.782573 0.838142 5.071529
v -0.782573 0.718921 5.071529
v -0.749592 0.838142 5.071529
v -0.782573 1.254223 2.886990
v -0.782573 1.135002 2.886990
v -0.749592 1.135002 2.886990
v -0.749592 1.254223 2.886990
v -0.749592 1.135002 5.071529
v -0.782573 1.254223 5.071529
v -0.782573 1.135002 5.071529
v -0.749592 1.254223 5.071529
v -0.782573 1.670304 2.886990
v -0.782573 1.551083 2.886990
v -0.749592 1.551083 2.886990
v -0.749592 1.670304 2.886990
v -0.749592 1.551083 5.071529
v -0.782573 1.670304 5.071529
v -0.782573 1.551083 5.071529
v -0.749592 1.670304 5.071529
v -1.069991 0.000000 8.000000
v -0.566582 0.000000 6.000947
v -0.566583 0.000000 1.999053
v -0.566583 0.000000 2.321044
v -0.566582 0.000000 5.640904
v -0.566582 0.000000 8.000000
v -1.369989 3.402312 6.910043
v -1.369989 3.933464 7.497741
v -1.369989 3.931686 6.996858
v -1.369989 3.932572 8.000000
v -1.369989 3.402719 8.000000
v -1.369989 4.290040 4.995819
v -1.369989 4.286931 4.495240
v -1.369989 4.291701 5.496712
v -1.369989 4.290699 6.000947
v -1.369989 3.928583 4.495341
v -1.369990 3.402719 5.593711
v -1.369990 3.403565 5.083723
v -1.369990 3.402719 4.000000
v -1.369990 3.927469 4.000000
v -1.369990 3.402719 4.388267
v -1.369990 3.402313 4.909096
v -1.369989 3.933464 5.496794
v -1.369989 3.931686 4.995911
v -1.369990 3.927469 1.999053
v -1.369990 3.403566 1.081829
v -1.369990 3.933465 1.494899
v -1.369990 4.290700 1.999053
v -1.369990 4.290040 2.994872
v -1.369990 4.286931 2.494293
v -1.369990 4.291701 3.495765
v -1.369990 4.290700 4.000000
v -1.369990 3.928583 2.494394
v -1.369990 3.402719 3.592764
v -1.369990 3.403566 3.082776
v -1.369990 3.402719 1.999053
v -1.369990 3.402720 2.387320
v -1.369990 3.402313 2.908149
v -1.369990 3.933465 3.495847
v -1.369990 3.931687 2.994963
v -1.369990 4.290040 0.993925
v -1.369990 4.286931 0.493346
v -1.369990 4.291702 1.494817
v -1.369990 3.928584 0.493447
v -1.369990 3.402720 1.591816
v -1.369990 3.402720 0.000000
v -1.369990 3.927469 0.000000
v -1.369990 3.402720 0.386373
v -1.369990 3.402313 0.907202
v -1.369990 3.931687 0.994016
v -1.069990 3.402719 6.311893
v -1.069990 3.402719 4.314458
v -1.069990 3.402719 5.674798
v -1.280575 3.402719 6.311893
v -1.280575 3.402719 6.000941
v -1.280576 3.402719 5.674798
v -1.069990 2.798869 6.000941
v -1.069990 2.856295 6.311893
v -1.097103 2.856295 6.311893
v -1.069990 2.856295 5.674798
v -1.097103 2.798869 6.000941
v -1.097103 2.856295 5.674798
v -1.069990 3.402719 3.677363
v -1.280576 3.402719 4.314458
v -1.280576 3.402719 4.003507
v -1.280576 3.402719 3.677363
v -1.069990 2.798869 4.003507
v -1.069990 2.856295 4.314458
v -1.097103 2.856295 4.314458
v -1.069990 2.856295 3.677363
v -1.097103 2.798869 4.003507
v -1.097104 2.856295 3.677363
v -1.069990 3.402719 2.314075
v -1.069990 3.402719 1.676981
v -1.280576 3.402719 2.314075
v -1.280576 3.402719 2.003124
v -1.280576 3.402719 1.676981
v -1.069990 2.798869 2.003124
v -1.069990 2.856295 2.314075
v -1.097104 2.856295 2.314075
v -1.069990 2.856295 1.676981
v -1.097104 2.798869 2.003124
v -1.097104 2.856295 1.676981
v -1.069989 3.402719 7.674663
v -1.280575 3.402719 8.000000
v -1.280575 3.402719 7.674663
v -1.069989 2.798869 8.000000
v -1.069990 2.856295 7.674663
v -1.097103 2.798869 8.000000
v -1.097103 2.856295 7.674663
v -1.069990 3.402719 0.309961
v -1.280576 3.402719 0.309961
v -1.280576 3.402719 0.000000
v -1.069990 2.798869 0.000000
v -1.069990 2.856295 0.309961
v -1.097104 2.856295 0.309961
v -1.097104 2.798869 0.000000
v -1.369990 3.627266 0.518599
v -1.369989 3.816950 6.000947
v -1.369989 3.798270 6.096542
v -1.369990 3.820107 4.000000
v -1.369989 3.729442 6.252881
v -1.369989 3.720539 8.000000
v -1.369990 3.635326 1.165021
v -1.369990 3.725722 2.281384
v -1.369990 3.729784 5.227385
v -1.369990 3.761884 5.470409
v -1.369990 3.801271 1.999053
v -1.369990 3.814429 3.012504
v -1.369989 3.797426 7.474390
v -1.369990 3.629881 0.728288
v -1.369990 3.825647 4.458547
v -1.369989 3.824464 7.007405
v -1.369990 3.770865 3.473470
v -1.369990 3.760107 4.289720
v -1.369990 3.753507 2.483064
v -1.369989 3.796803 6.480691
v -1.369990 3.721308 3.210153
v -1.369990 3.642971 1.778266
v -1.369990 3.623589 0.223747
v -1.369990 3.639436 1.494780
v -1.369990 3.632582 0.944965
v -1.369990 3.620842 0.000000
v -1.369989 3.773047 5.018170
v -1.369990 3.812006 0.443523
v -1.369989 3.709473 7.239206
v -0.866581 3.833709 6.497217
v -0.866581 3.854880 6.012198
v -0.866581 3.824924 7.007260
v -0.866581 3.844641 5.015140
v -0.866581 3.874381 5.475386
v -0.866581 3.840861 7.503876
v -0.866581 3.776488 6.262030
v -0.866581 3.759140 7.261258
v -0.866581 3.828295 5.252956
v -0.866581 3.853480 4.482900
v -0.866581 3.807277 4.035112
v -0.866581 3.867972 3.005069
v -0.866581 3.837900 3.485073
v -0.866581 3.819508 3.245071
v -0.866581 3.842658 2.489246
v -0.866581 3.766792 2.262211
v -0.866581 3.811749 2.009350
v -0.866581 3.812831 1.488828
v -0.866581 3.754981 1.262736
v -0.866581 3.788835 1.036644
v -0.866581 3.791876 0.000000
v -0.866582 3.786144 0.468299
v -0.866582 3.748273 0.221048
v -1.369990 3.846596 1.463388
v -1.369990 3.781033 1.015996
v -1.369990 3.808668 0.000000
v -1.369990 3.763210 0.283756
vt 0.158847 0.968656
vt 0.158847 0.968656
vt 0.158847 0.968656
vt 0.158847 0.968656
vt 0.158847 0.968656
vt 0.158847 0.968656
vt 0.158847 0.968656
vt 0.158847 0.968656
vt 0.158847 0.968656
vt 0.158847 0.968656
vt 0.158847 0.968656
vt 0.158847 0.968656
vt 0.158847 0.968656
vt 0.158847 0.968656
vt 0.158847 0.968656
vt 0.158847 0.968656
vt 0.158847 0.968656
vt 0.158847 0.968656
vt 0.158847 0.968656
vt 0.158847 0.968656
vt 0.158847 0.968656
vt 0.158847 0.968656
vt 0.158847 0.968656
vt 0.158847 0.968656
vt 0.158847 0.968656
vt 0.158847 0.968656
vt 0.158847 0.968656
vt 0.158847 0.968656
vt 0.033494 0.968175
vt 0.033494 0.968175
vt 0.033494 0.968175
vt 0.033494 0.968175
vt 0.033494 0.968175
vt 0.033494 0.968175
vt 0.033494 0.968175
vt 0.033494 0.968175
vt 0.033494 0.968175
vt 0.033494 0.968175
vt 0.033494 0.968175
vt 0.033494 0.968175
vt 0.158847 0.968656
vt 0.158847 0.968656
vt 0.158847 0.968656
vt 0.033494 0.968175
vt 0.033494 0.968175
vt 0.156192 0.966164
vt 0.156192 0.966164
vt 0.156192 0.966164
vt 0.156192 0.966164
vt 0.033494 0.968174
vt 0.033494 0.968174
vt 0.033494 0.968174
vt 0.033494 0.968174
vt 0.033494 0.968174
vt 0.033494 0.968174
vt 0.033494 0.968174
vt 0.156192 0.966164
vt 0.156192 0.966164
vt 0.156192 0.966164
vt 0.156192 0.966164
vt 0.656837 0.969476
vt 0.656837 0.969476
vt 0.656837 0.969476
vt 0.656837 0.969476
vt 0.656837 0.969476
vt 0.656837 0.969476
vt 0.656837 0.969476
vt 0.656837 0.969476
vt 0.656837 0.969476
vt 0.656837 0.969476
vt 0.656837 0.969476
vt 0.656837 0.969476
vt 0.656837 0.969477
vt 0.656837 0.969477
vt 0.656837 0.969477
vt 0.656837 0.969477
vt 0.656837 0.969477
vt 0.656837 0.969477
vt 0.656837 0.969477
vt 0.656837 0.969477
vt 0.656837 0.969477
vt 0.656837 0.969477
vt 0.656837 0.969477
vt 0.656837 0.969477
vt 0.656837 0.969477
vt 0.656837 0.969477
vt 0.219395 0.970239
vt 0.219395 0.970239
vt 0.219395 0.970239
vt 0.656837 0.969476
vt 0.656837 0.969476
vt 0.656837 0.969476
vt 0.656837 0.969476
vt 0.158847 0.968656
vt 0.158847 0.968656
vt 0.158847 0.968656
vt 0.158847 0.968656
vt 0.158847 0.968656
vt 0.158847 0.968656
vt 0.158847 0.968656
vt 0.158847 0.968656
vt 0.158847 0.968656
vt 0.158847 0.968656
vt 0.158847 0.968656
vt 0.158847 0.968656
vt 0.158847 0.968656
vt 0.158847 0.968656
vt 0.158847 0.968656
vt 0.158847 0.968656
vt 0.158847 0.968656
vt 0.033494 0.968175
vt 0.033494 0.968175
vt 0.033494 0.968175
vt 0.033494 0.968175
vt 0.033494 0.968175
vt 0.033494 0.968175
vt 0.033494 0.968175
vt 0.033494 0.968175
vt 0.033494 0.968175
vt 0.033494 0.968175
vt 0.158847 0.968656
vt 0.158847 0.968656
vt 0.158847 0.968656
vt 0.033494 0.968175
vt 0.033494 0.968175
vt 0.156192 0.966164
vt 0.033494 0.968174
vt 0.033494 0.968174
vt 0.033494 0.968174
vt 0.033494 0.968174
vt 0.033494 0.968174
vt 0.033494 0.968174
vt 0.156192 0.966164
vt 0.156192 0.966164
vt 0.156192 0.966164
vt 0.158847 0.968656
vt 0.158847 0.968656
vt 0.158847 0.968656
vt 0.656837 0.969476
vt 0.656837 0.969476
vt 0.656837 0.969476
vt 0.656837 0.969476
vt 0.656837 0.969476
vt 0.656837 0.969476
vt 0.656837 0.969477
vt 0.656837 0.969477
vt 0.656837 0.969477
vt 0.656837 0.969477
vt 0.219395 0.970239
vt 0.219395 0.970239
vt 0.219395 0.970239
vt 0.656837 0.969477
vt 0.656837 0.969477
vt 0.656837 0.969477
vt 0.656837 0.969477
vt 0.656837 0.969477
vt 0.656837 0.969477
vt 0.656837 0.969477
vt 0.656837 0.969477
vt 0.219395 0.970239
vt 0.219395 0.970239
vt 0.219395 0.970239
vt 0.656837 0.969477
vt 0.656837 0.969477
vt 0.158847 0.968656
vt 0.033494 0.968175
vt 0.033494 0.968175
vt 0.033494 0.968175
vt 0.033494 0.968175
vt 0.033494 0.968175
vt 0.033494 0.968175
vt 0.033494 0.968175
vt 0.033494 0.968175
vt 0.095625 0.970114
vt 0.095625 0.970114
vt 0.095625 0.970114
vt 0.095625 0.970114
vt 0.095625 0.970114
vt 0.095625 0.970114
vt 0.033494 0.968175
vt 0.033494 0.968175
vt 0.719905 0.968656
vt 0.719905 0.968656
vt 0.719905 0.968656
vt 0.719905 0.968656
vt 0.159247 0.968175
vt 0.159247 0.968175
vt 0.159247 0.968175
vt 0.159247 0.968175
vt 0.158847 0.968656
vt 0.158847 0.968656
vt 0.158847 0.968656
vt 0.158847 0.968656
vt 0.158847 0.968656
vt 0.158847 0.968656
vt 0.158847 0.968656
vt 0.158847 0.968656
vt 0.158847 0.968656
vt 0.158847 0.968656
vt 0.158847 0.968656
vt 0.158847 0.968656
vt 0.158847 0.968656
vt 0.158847 0.968656
vt 0.158847 0.968656
vt 0.158847 0.968656
vt 0.158847 0.968656
vt 0.158847 0.968656
vt 0.158847 0.968656
vt 0.158847 0.968656
vt 0.158847 0.968656
vt 0.722366 0.968656
vt 0.722366 0.968656
vt 0.722366 0.968656
vt 0.722366 0.968656
vt 0.158847 0.968656
vt 0.158847 0.968656
vt 0.158847 0.968656
vt 0.158847 0.968656
vt 0.158847 0.968656
vt 0.158847 0.968656
vt 0.158847 0.968656
vt 0.158847 0.968656
vt 0.158847 0.968656
vt 0.158847 0.968656
vt 0.722366 0.968656
vt 0.722366 0.968656
vt 0.158847 0.968656
vt 0.158847 0.968656
vt 0.158847 0.968656
vt 0.158847 0.968656
vt 0.158847 0.968656
vt 0.158847 0.968656
vt 0.158847 0.968656
vt 0.158847 0.968656
vt 0.158847 0.968656
vt 0.158847 0.968656
vt 0.158847 0.968656
vt 0.158847 0.968656
vt 0.722366 0.968656
vt 0.722366 0.968656
vt 0.722366 0.968656
vt 0.722366 0.968656
vt 0.722366 0.968656
vt 0.722366 0.968656
vt 0.722366 0.968656
vt 0.722366 0.968656
vt 0.722366 0.968656
vt 0.722366 0.968656
vt 0.722366 0.968656
vt 0.722366 0.968656
vt 0.722366 0.968656
vt 0.722366 0.968656
vt 0.722366 0.968656
vt 0.722366 0.968656
vt 0.159247 0.968175
vt 0.159247 0.968175
vt 0.159247 0.968175
vt 0.159247 0.968175
vt 0.158847 0.968656
vt 0.158847 0.968656
vt 0.158847 0.968656
vt 0.158847 0.968656
vt 0.158847 0.968656
vt 0.158847 0.968656
vt 0.158847 0.968656
vt 0.158847 0.968656
vt 0.158847 0.968656
vt 0.158847 0.968656
vt 0.033494 0.968175
vt 0.033494 0.968175
vt 0.033494 0.968175
vt 0.033494 0.968175
vt 0.033494 0.968175
vt 0.033494 0.968175
vt 0.033494 0.968175
vt 0.033494 0.968175
vt 0.033494 0.968175
vt 0.033494 0.968175
vt 0.033494 0.968175
vt 0.158847 0.968656
vt 0.158847 0.968656
vt 0.158847 0.968656
vt 0.158847 0.968656
vt 0.158847 0.968656
vt 0.158847 0.968656
vt 0.719905 0.968656
vt 0.719905 0.968656
vt 0.719905 0.968656
vt 0.719905 0.968656
vt 0.158847 0.968656
vt 0.158847 0.968656
vt 0.158847 0.968656
vt 0.158847 0.968656
vt 0.158847 0.968656
vt 0.158847 0.968656
vt 0.158847 0.968656
vt 0.159247 0.968175
vt 0.159247 0.968175
vt 0.159247 0.968175
vt 0.159247 0.968175
vt 0.158847 0.968656
vt 0.158847 0.968656
vt 0.158847 0.968656
vt 0.158847 0.968656
vt 0.159247 0.968175
vt 0.159247 0.968175
vt 0.159247 0.968175
vt 0.159247 0.968175
vt 0.159247 0.968175
vt 0.159247 0.968175
vt 0.158847 0.968656
vt 0.158847 0.968656
vt 0.158847 0.968656
vt 0.158847 0.968656
vt 0.158847 0.968656
vt 0.158847 0.968656
vt 0.158847 0.968656
vt 0.158847 0.968656
vt 0.158847 0.968656
vt 0.158847 0.968656
vt 0.158847 0.968656
vt 0.158847 0.968656
vt 0.722366 0.968656
vt 0.722366 0.968656
vt 0.722366 0.968656
vt 0.722366 0.968656
vt 0.158847 0.968656
vt 0.158847 0.968656
vt 0.158847 0.968656
vt 0.158847 0.968656
vt 0.158847 0.968656
vt 0.158847 0.968656
vt 0.158847 0.968656
vt 0.158847 0.968656
vt 0.158847 0.968656
vt 0.158847 0.968656
vt 0.158847 0.968656
vt 0.158847 0.968656
vt 0.722366 0.968656
vt 0.722366 0.968656
vt 0.722366 0.968656
vt 0.722366 0.968656
vt 0.722366 0.968656
vt 0.722366 0.968656
vt 0.722366 0.968656
vt 0.722366 0.968656
vt 0.722366 0.968656
vt 0.722366 0.968656
vt 0.722366 0.968656
vt 0.722366 0.968656
vt 0.722366 0.968656
vt 0.722366 0.968656
vt 0.722366 0.968656
vt 0.722366 0.968656
vt 0.158847 0.968656
vt 0.158847 0.968656
vt 0.158847 0.968656
vt 0.158847 0.968656
vt 0.158847 0.968656
vt 0.158847 0.968656
vt 0.158847 0.968656
vt 0.158847 0.968656
vt 0.033494 0.968175
vt 0.033494 0.968175
vt 0.033494 0.968175
vt 0.033494 0.968175
vt 0.033494 0.968175
vt 0.033494 0.968175
vt 0.033494 0.968175
vt 0.033494 0.968175
vt 0.033494 0.968175
vt 0.033494 0.968175
vt 0.033494 0.968175
vt 0.158847 0.968656
vt 0.158847 0.968656
vt 0.158847 0.968656
vt 0.158847 0.968656
vt 0.158847 0.968656
vt 0.158847 0.968656
vt 0.158847 0.968656
vt 0.158847 0.968656
vt 0.722366 0.968656
vt 0.722366 0.968656
vt 0.722366 0.968656
vt 0.722366 0.968656
vt 0.158847 0.968656
vt 0.158847 0.968656
vt 0.158847 0.968656
vt 0.158847 0.968656
vt 0.158847 0.968656
vt 0.158847 0.968656
vt 0.158847 0.968656
vt 0.158847 0.968656
vt 0.158847 0.968656
vt 0.158847 0.968656
vt 0.158847 0.968656
vt 0.158847 0.968656
vt 0.158847 0.968656
vt 0.158847 0.968656
vt 0.158847 0.968656
vt 0.158847 0.968656
vt 0.158847 0.968656
vt 0.158847 0.968656
vt 0.158847 0.968656
vt 0.158847 0.968656
vt 0.722366 0.968656
vt 0.722366 0.968656
vt 0.159247 0.968175
vt 0.159247 0.968175
vt 0.159247 0.968175
vt 0.159247 0.968175
vt 0.158847 0.968656
vt 0.158847 0.968656
vt 0.158847 0.968656
vt 0.722366 0.968656
vt 0.722366 0.968656
vt 0.158847 0.968656
vt 0.158847 0.968656
vt 0.722366 0.968656
vt 0.158847 0.968656
vt 0.158847 0.968656
vt 0.158847 0.968656
vt 0.158847 0.968656
vt 0.722366 0.968656
vt 0.722366 0.968656
vt 0.158847 0.968656
vt 0.158847 0.968656
vt 0.158847 0.968656
vt 0.158847 0.968656
vt 0.722366 0.968656
vt 0.722366 0.968656
vt 0.159247 0.968175
vt 0.159247 0.968175
vt 0.158847 0.968656
vt 0.158847 0.968656
vt 0.719905 0.968656
vt 0.719905 0.968656
vt 0.719905 0.968656
vt 0.719905 0.968656
vt 0.719905 0.968656
vt 0.719905 0.968656
vt 0.719905 0.968656
vt 0.719905 0.968656
vt 0.033494 0.968175
vt 0.033494 0.968175
vt 0.033494 0.968175
vt 0.033494 0.968175
vt 0.033494 0.968175
vt 0.033494 0.968175
vt 0.158847 0.968656
vt 0.158847 0.968656
vt 0.095625 0.970114
vt 0.095625 0.970114
vt 0.095625 0.970114
vt 0.095625 0.970114
vt 0.095625 0.970114
vt 0.095625 0.970114
vt 0.095625 0.970114
vt 0.095625 0.970114
vt 0.095625 0.970114
vt 0.095625 0.970114
vt 0.033494 0.968175
vt 0.033494 0.968175
vt 0.158847 0.968656
vt 0.158847 0.968656
vt 0.722366 0.968656
vt 0.158847 0.968656
vt 0.158847 0.968656
vt 0.158847 0.968656
vt 0.722366 0.968656
vt 0.722366 0.968656
vt 0.722366 0.968656
vt 0.158847 0.968656
vt 0.158847 0.968656
vt 0.158847 0.968656
vt 0.722366 0.968656
vt 0.722366 0.968656
vt 0.158847 0.968656
vt 0.158847 0.968656
vt 0.158847 0.968656
vt 0.158847 0.968656
vt 0.158847 0.968656
vt 0.722366 0.968656
vt 0.722366 0.968656
vt 0.158847 0.968656
vt 0.158847 0.968656
vt 0.158847 0.968656
vt 0.722366 0.968656
vt 0.159247 0.968175
vt 0.159247 0.968175
vt 0.722366 0.968656
vt 0.722366 0.968656
vt 0.158847 0.968656
vt 0.158847 0.968656
vt 0.722366 0.968656
vt 0.722366 0.968656
vt 0.722366 0.968656
vt 0.722366 0.968656
vt 0.158847 0.968656
vt 0.158847 0.968656
vt 0.158847 0.968656
vt 0.095625 0.970114
vt 0.095625 0.970114
vt 0.219395 0.970239
vt 0.219395 0.970239
vt 0.219395 0.970239
vt 0.095013 0.845135
vt 0.095014 0.845135
vt 0.095014 0.845135
vt 0.095013 0.845135
vt 0.531896 0.969448
vt 0.531896 0.969448
vt 0.531896 0.969448
vt 0.531896 0.969448
vt 0.095625 0.970114
vt 0.095625 0.970114
vt 0.095625 0.970114
vt 0.095625 0.970114
vt 0.095625 0.970114
vt 0.095625 0.970114
vt 0.657552 0.969945
vt 0.657552 0.969945
vt 0.657552 0.969945
vt 0.657552 0.969945
vt 0.657552 0.969945
vt 0.657552 0.969945
vt 0.657552 0.969945
vt 0.657552 0.969945
vt 0.657552 0.969945
vt 0.657552 0.969945
vt 0.657552 0.969945
vt 0.657552 0.969945
vt 0.657552 0.969945
vt 0.657552 0.969945
vt 0.657552 0.969945
vt 0.657552 0.969945
vt 0.657552 0.969945
vt 0.657552 0.969945
vt 0.657552 0.969945
vt 0.657552 0.969945
vt 0.657552 0.969945
vt 0.657552 0.969945
vt 0.657552 0.969945
vt 0.657552 0.969945
vt 0.657552 0.969945
vt 0.657552 0.969945
vt 0.657552 0.969945
vt 0.657552 0.969945
vt 0.657552 0.969945
vt 0.657552 0.969945
vt 0.657552 0.969945
vt 0.657552 0.969945
vt 0.032930 0.968656
vt 0.032930 0.968656
vt 0.032930 0.968656
vt 0.032930 0.968656
vt 0.033495 0.968174
vt 0.033495 0.968174
vt 0.033495 0.968174
vt 0.033495 0.968174
vt 0.032930 0.968656
vt 0.032930 0.968656
vt 0.032930 0.968656
vt 0.032930 0.968656
vt 0.033494 0.968174
vt 0.033494 0.968174
vt 0.033494 0.968174
vt 0.033494 0.968174
vt 0.156192 0.966164
vt 0.156192 0.966164
vt 0.156192 0.966164
vt 0.156192 0.966164
vt 0.156192 0.966164
vt 0.156192 0.966164
vt 0.156192 0.966164
vt 0.156192 0.966164
vt 0.156192 0.966164
vt 0.156192 0.966164
vt 0.156192 0.966164
vt 0.156192 0.966164
vt 0.156192 0.966164
vt 0.156192 0.966164
vt 0.156192 0.966164
vt 0.156192 0.966164
vt 0.156192 0.966164
vt 0.156192 0.966164
vt 0.156192 0.966164
vt 0.156192 0.966164
vt 0.156192 0.966164
vt 0.722366 0.968656
vt 0.158847 0.968656
vt 0.158847 0.968656
vt 0.158847 0.968656
vt 0.158847 0.968656
vt 0.158847 0.968656
vt 0.158847 0.968656
vt 0.158847 0.968656
vt 0.158847 0.968656
vt 0.158847 0.968656
vt 0.158847 0.968656
vt 0.158847 0.968656
vt 0.158847 0.968656
vt 0.158847 0.968656
vt 0.722366 0.968656
vt 0.158847 0.968656
vt 0.158847 0.968656
vt 0.722366 0.968656
vt 0.158847 0.968656
vt 0.158847 0.968656
vt 0.158847 0.968656
vt 0.158847 0.968656
vt 0.158847 0.968656
vt 0.722366 0.968656
vt 0.722366 0.968656
vt 0.722366 0.968656
vt 0.158847 0.968656
vt 0.722366 0.968656
vt 0.722366 0.968656
vt 0.158847 0.968656
vt 0.158847 0.968656
vt 0.158847 0.968656
vt 0.158847 0.968656
vt 0.158847 0.968656
vt 0.158847 0.968656
vt 0.719905 0.968656
vt 0.719905 0.968656
vt 0.719905 0.968656
vt 0.719905 0.968656
vt 0.719905 0.968656
vt 0.719905 0.968656
vt 0.719905 0.968656
vt 0.719905 0.968656
vt 0.157858 0.969800
vt 0.157858 0.969800
vt 0.157858 0.969800
vt 0.157858 0.969800
vt 0.157858 0.969801
vt 0.157858 0.969801
vt 0.157858 0.969801
vt 0.157858 0.969800
vt 0.157858 0.969800
vt 0.157858 0.969801
vt 0.157858 0.969800
vt 0.157858 0.969800
vt 0.157858 0.969800
vt 0.157858 0.969801
vt 0.157858 0.969800
vt 0.157858 0.969801
vt 0.157858 0.969801
vt 0.157858 0.969801
vt 0.157858 0.969801
vt 0.157858 0.969801
vt 0.157858 0.969801
vt 0.157858 0.969801
vt 0.157858 0.969800
vt 0.157858 0.969800
vt 0.157858 0.969800
vt 0.157858 0.969800
vt 0.157858 0.969801
vt 0.157858 0.969801
vt 0.157858 0.969801
vt 0.157858 0.969801
vt 0.157858 0.969801
vt 0.157858 0.969801
vt 0.157858 0.969801
vt 0.157858 0.969801
vt 0.157858 0.969800
vt 0.157858 0.969800
vt 0.157858 0.969801
vt 0.157858 0.969800
vt 0.157858 0.969801
vt 0.157858 0.969800
vt 0.157858 0.969801
vt 0.157858 0.969800
vt 0.157858 0.969800
vt 0.157858 0.969800
vt 0.157858 0.969800
vt 0.157858 0.969801
vt 0.157858 0.969801
vt 0.157858 0.969801
vt 0.157858 0.969801
vt 0.722366 0.968656
vt 0.722366 0.968656
vt 0.158847 0.968656
vt 0.158847 0.968656
vt 0.158847 0.968656
vt 0.158847 0.968656
vt 0.158847 0.968656
vt 0.719905 0.968656
vt 0.719905 0.968656
vt 0.158847 0.968656
vt 0.719905 0.968656
vt 0.719905 0.968656
vt 0.158847 0.968656
vt 0.158847 0.968656
vt 0.719905 0.968656
vt 0.719905 0.968656
vt 0.719905 0.968656
vt 0.719905 0.968656
vt 0.719905 0.968656
vt 0.719905 0.968656
vt 0.719905 0.968656
vt 0.719905 0.968656
vt 0.719905 0.968656
vt 0.719905 0.968656
vt 0.719905 0.968656
vt 0.719905 0.968656
vt 0.719905 0.968656
vt 0.719905 0.968656
vt 0.719905 0.968656
vt 0.719905 0.968656
vt 0.722366 0.968656
vt 0.722366 0.968656
vt 0.722366 0.968656
vt 0.722366 0.968656
vt 0.722366 0.968656
vt 0.717445 0.968656
vt 0.717445 0.968656
vt 0.717445 0.968656
vt 0.717445 0.968656
vt 0.717445 0.968656
vt 0.717445 0.968656
vt 0.717445 0.968656
vt 0.717445 0.968656
vt 0.717445 0.968656
vt 0.719905 0.968656
vt 0.719905 0.968656
vt 0.719905 0.968656
vt 0.722366 0.968656
vt 0.722366 0.968656
vt 0.722366 0.968656
vt 0.722366 0.968656
vt 0.722366 0.968656
vt 0.722366 0.968656
vt 0.722366 0.968656
vt 0.158847 0.968656
vt 0.158847 0.968656
vt 0.158847 0.968656
vt 0.158847 0.968656
vt 0.158847 0.968656
vt 0.158847 0.968656
vt 0.158847 0.968656
vt 0.158847 0.968656
vt 0.158847 0.968656
vt 0.158847 0.968656
vt 0.158847 0.968656
vt 0.158847 0.968656
vt 0.158847 0.968656
vt 0.158847 0.968656
vt 0.158847 0.968656
vt 0.158847 0.968656
vt 0.158847 0.968656
vt 0.158847 0.968656
vt 0.158847 0.968656
vt 0.158847 0.968656
vt 0.158847 0.968656
vt 0.158847 0.968656
vt 0.033494 0.968175
vt 0.033494 0.968175
vt 0.033494 0.968175
vt 0.033494 0.968175
vt 0.033494 0.968175
vt 0.033494 0.968175
vt 0.033494 0.968175
vt 0.033494 0.968175
vt 0.033494 0.968175
vt 0.033494 0.968175
vt 0.033494 0.968175
vt 0.033494 0.968175
vt 0.158847 0.968656
vt 0.158847 0.968656
vt 0.158847 0.968656
vt 0.033494 0.968175
vt 0.033494 0.968175
vt 0.156192 0.966164
vt 0.156192 0.966164
vt 0.033494 0.968174
vt 0.033494 0.968174
vt 0.033494 0.968174
vt 0.033494 0.968174
vt 0.033494 0.968174
vt 0.033494 0.968174
vt 0.033494 0.968174
vt 0.156192 0.966164
vt 0.156192 0.966164
vt 0.156192 0.966164
vt 0.656837 0.969476
vt 0.656837 0.969476
vt 0.656837 0.969476
vt 0.656837 0.969476
vt 0.656837 0.969476
vt 0.656837 0.969476
vt 0.656837 0.969476
vt 0.656837 0.969476
vt 0.656837 0.969476
vt 0.656837 0.969476
vt 0.656837 0.969476
vt 0.656837 0.969476
vt 0.656837 0.969477
vt 0.656837 0.969477
vt 0.656837 0.969477
vt 0.656837 0.969477
vt 0.656837 0.969477
vt 0.656837 0.969477
vt 0.656837 0.969477
vt 0.656837 0.969477
vt 0.656837 0.969477
vt 0.656837 0.969477
vt 0.656837 0.969477
vt 0.656837 0.969477
vt 0.656837 0.969477
vt 0.656837 0.969477
vt 0.219395 0.970239
vt 0.219395 0.970239
vt 0.219395 0.970239
vt 0.656837 0.969476
vt 0.656837 0.969476
vt 0.656837 0.969476
vt 0.656837 0.969476
vt 0.158847 0.968656
vt 0.158847 0.968656
vt 0.158847 0.968656
vt 0.158847 0.968656
vt 0.158847 0.968656
vt 0.158847 0.968656
vt 0.158847 0.968656
vt 0.158847 0.968656
vt 0.158847 0.968656
vt 0.158847 0.968656
vt 0.158847 0.968656
vt 0.033494 0.968175
vt 0.033494 0.968175
vt 0.033494 0.968175
vt 0.033494 0.968175
vt 0.033494 0.968175
vt 0.033494 0.968175
vt 0.033494 0.968175
vt 0.033494 0.968175
vt 0.033494 0.968175
vt 0.033494 0.968175
vt 0.158847 0.968656
vt 0.158847 0.968656
vt 0.158847 0.968656
vt 0.033494 0.968175
vt 0.033494 0.968175
vt 0.033494 0.968174
vt 0.033494 0.968174
vt 0.033494 0.968174
vt 0.033494 0.968174
vt 0.033494 0.968174
vt 0.033494 0.968174
vt 0.156192 0.966164
vt 0.156192 0.966164
vt 0.158847 0.968656
vt 0.158847 0.968656
vt 0.158847 0.968656
vt 0.656837 0.969476
vt 0.656837 0.969476
vt 0.656837 0.969476
vt 0.656837 0.969476
vt 0.656837 0.969476
vt 0.656837 0.969476
vt 0.656837 0.969477
vt 0.656837 0.969477
vt 0.656837 0.969477
vt 0.656837 0.969477
vt 0.219395 0.970239
vt 0.219395 0.970239
vt 0.219395 0.970239
vt 0.656837 0.969477
vt 0.656837 0.969477
vt 0.656837 0.969477
vt 0.656837 0.969477
vt 0.656837 0.969477
vt 0.656837 0.969477
vt 0.656837 0.969477
vt 0.656837 0.969477
vt 0.219395 0.970239
vt 0.219395 0.970239
vt 0.219395 0.970239
vt 0.656837 0.969477
vt 0.656837 0.969477
vt 0.033494 0.968175
vt 0.033494 0.968175
vt 0.033494 0.968175
vt 0.033494 0.968175
vt 0.033494 0.968175
vt 0.033494 0.968175
vt 0.033494 0.968175
vt 0.033494 0.968175
vt 0.095625 0.970114
vt 0.095625 0.970114
vt 0.095625 0.970114
vt 0.095625 0.970114
vt 0.095625 0.970114
vt 0.095625 0.970114
vt 0.033494 0.968175
vt 0.033494 0.968175
vt 0.719905 0.968656
vt 0.719905 0.968656
vt 0.719905 0.968656
vt 0.719905 0.968656
vt 0.159247 0.968175
vt 0.159247 0.968175
vt 0.159247 0.968175
vt 0.159247 0.968175
vt 0.158847 0.968656
vt 0.158847 0.968656
vt 0.158847 0.968656
vt 0.158847 0.968656
vt 0.158847 0.968656
vt 0.158847 0.968656
vt 0.158847 0.968656
vt 0.158847 0.968656
vt 0.158847 0.968656
vt 0.158847 0.968656
vt 0.158847 0.968656
vt 0.158847 0.968656
vt 0.158847 0.968656
vt 0.158847 0.968656
vt 0.158847 0.968656
vt 0.158847 0.968656
vt 0.158847 0.968656
vt 0.158847 0.968656
vt 0.158847 0.968656
vt 0.158847 0.968656
vt 0.158847 0.968656
vt 0.722366 0.968656
vt 0.722366 0.968656
vt 0.722366 0.968656
vt 0.722366 0.968656
vt 0.158847 0.968656
vt 0.158847 0.968656
vt 0.158847 0.968656
vt 0.158847 0.968656
vt 0.158847 0.968656
vt 0.158847 0.968656
vt 0.158847 0.968656
vt 0.158847 0.968656
vt 0.158847 0.968656
vt 0.158847 0.968656
vt 0.722366 0.968656
vt 0.722366 0.968656
vt 0.158847 0.968656
vt 0.158847 0.968656
vt 0.158847 0.968656
vt 0.158847 0.968656
vt 0.158847 0.968656
vt 0.158847 0.968656
vt 0.158847 0.968656
vt 0.158847 0.968656
vt 0.158847 0.968656
vt 0.158847 0.968656
vt 0.158847 0.968656
vt 0.158847 0.968656
vt 0.722366 0.968656
vt 0.722366 0.968656
vt 0.722366 0.968656
vt 0.722366 0.968656
vt 0.722366 0.968656
vt 0.722366 0.968656
vt 0.722366 0.968656
vt 0.722366 0.968656
vt 0.722366 0.968656
vt 0.722366 0.968656
vt 0.722366 0.968656
vt 0.722366 0.968656
vt 0.722366 0.968656
vt 0.722366 0.968656
vt 0.722366 0.968656
vt 0.722366 0.968656
vt 0.159247 0.968175
vt 0.159247 0.968175
vt 0.159247 0.968175
vt 0.159247 0.968175
vt 0.158847 0.968656
vt 0.158847 0.968656
vt 0.158847 0.968656
vt 0.158847 0.968656
vt 0.158847 0.968656
vt 0.158847 0.968656
vt 0.158847 0.968656
vt 0.158847 0.968656
vt 0.158847 0.968656
vt 0.158847 0.968656
vt 0.033494 0.968175
vt 0.033494 0.968175
vt 0.033494 0.968175
vt 0.033494 0.968175
vt 0.033494 0.968175
vt 0.033494 0.968175
vt 0.033494 0.968175
vt 0.033494 0.968175
vt 0.033494 0.968175
vt 0.033494 0.968175
vt 0.033494 0.968175
vt 0.158847 0.968656
vt 0.158847 0.968656
vt 0.158847 0.968656
vt 0.158847 0.968656
vt 0.719905 0.968656
vt 0.719905 0.968656
vt 0.719905 0.968656
vt 0.719905 0.968656
vt 0.158847 0.968656
vt 0.158847 0.968656
vt 0.158847 0.968656
vt 0.158847 0.968656
vt 0.158847 0.968656
vt 0.158847 0.968656
vt 0.158847 0.968656
vt 0.159247 0.968175
vt 0.159247 0.968175
vt 0.159247 0.968175
vt 0.159247 0.968175
vt 0.158847 0.968656
vt 0.158847 0.968656
vt 0.159247 0.968175
vt 0.159247 0.968175
vt 0.159247 0.968175
vt 0.159247 0.968175
vt 0.159247 0.968175
vt 0.159247 0.968175
vt 0.158847 0.968656
vt 0.158847 0.968656
vt 0.158847 0.968656
vt 0.158847 0.968656
vt 0.158847 0.968656
vt 0.158847 0.968656
vt 0.158847 0.968656
vt 0.158847 0.968656
vt 0.158847 0.968656
vt 0.158847 0.968656
vt 0.158847 0.968656
vt 0.158847 0.968656
vt 0.722366 0.968656
vt 0.722366 0.968656
vt 0.722366 0.968656
vt 0.722366 0.968656
vt 0.158847 0.968656
vt 0.158847 0.968656
vt 0.158847 0.968656
vt 0.158847 0.968656
vt 0.158847 0.968656
vt 0.158847 0.968656
vt 0.158847 0.968656
vt 0.158847 0.968656
vt 0.158847 0.968656
vt 0.158847 0.968656
vt 0.158847 0.968656
vt 0.158847 0.968656
vt 0.722366 0.968656
vt 0.722366 0.968656
vt 0.722366 0.968656
vt 0.722366 0.968656
vt 0.722366 0.968656
vt 0.722366 0.968656
vt 0.722366 0.968656
vt 0.722366 0.968656
vt 0.722366 0.968656
vt 0.722366 0.968656
vt 0.722366 0.968656
vt 0.722366 0.968656
vt 0.722366 0.968656
vt 0.722366 0.968656
vt 0.722366 0.968656
vt 0.722366 0.968656
vt 0.158847 0.968656
vt 0.158847 0.968656
vt 0.158847 0.968656
vt 0.158847 0.968656
vt 0.158847 0.968656
vt 0.158847 0.968656
vt 0.158847 0.968656
vt 0.158847 0.968656
vt 0.033494 0.968175
vt 0.033494 0.968175
vt 0.033494 0.968175
vt 0.033494 0.968175
vt 0.033494 0.968175
vt 0.033494 0.968175
vt 0.033494 0.968175
vt 0.033494 0.968175
vt 0.033494 0.968175
vt 0.033494 0.968175
vt 0.033494 0.968175
vt 0.158847 0.968656
vt 0.158847 0.968656
vt 0.158847 0.968656
vt 0.722366 0.968656
vt 0.722366 0.968656
vt 0.722366 0.968656
vt 0.722366 0.968656
vt 0.158847 0.968656
vt 0.158847 0.968656
vt 0.158847 0.968656
vt 0.158847 0.968656
vt 0.158847 0.968656
vt 0.158847 0.968656
vt 0.158847 0.968656
vt 0.158847 0.968656
vt 0.158847 0.968656
vt 0.158847 0.968656
vt 0.158847 0.968656
vt 0.158847 0.968656
vt 0.158847 0.968656
vt 0.158847 0.968656
vt 0.158847 0.968656
vt 0.158847 0.968656
vt 0.158847 0.968656
vt 0.158847 0.968656
vt 0.158847 0.968656
vt 0.722366 0.968656
vt 0.722366 0.968656
vt 0.159247 0.968175
vt 0.159247 0.968175
vt 0.159247 0.968175
vt 0.159247 0.968175
vt 0.158847 0.968656
vt 0.158847 0.968656
vt 0.158847 0.968656
vt 0.722366 0.968656
vt 0.722366 0.968656
vt 0.158847 0.968656
vt 0.158847 0.968656
vt 0.722366 0.968656
vt 0.158847 0.968656
vt 0.158847 0.968656
vt 0.158847 0.968656
vt 0.158847 0.968656
vt 0.722366 0.968656
vt 0.722366 0.968656
vt 0.158847 0.968656
vt 0.158847 0.968656
vt 0.158847 0.968656
vt 0.158847 0.968656
vt 0.722366 0.968656
vt 0.722366 0.968656
vt 0.159247 0.968175
vt 0.159247 0.968175
vt 0.158847 0.968656
vt 0.158847 0.968656
vt 0.719905 0.968656
vt 0.719905 0.968656
vt 0.719905 0.968656
vt 0.719905 0.968656
vt 0.719905 0.968656
vt 0.719905 0.968656
vt 0.719905 0.968656
vt 0.719905 0.968656
vt 0.033494 0.968175
vt 0.033494 0.968175
vt 0.033494 0.968175
vt 0.033494 0.968175
vt 0.033494 0.968175
vt 0.033494 0.968175
vt 0.095625 0.970114
vt 0.095625 0.970114
vt 0.095625 0.970114
vt 0.095625 0.970114
vt 0.095625 0.970114
vt 0.095625 0.970114
vt 0.095625 0.970114
vt 0.095625 0.970114
vt 0.095625 0.970114
vt 0.095625 0.970114
vt 0.033494 0.968175
vt 0.033494 0.968175
vt 0.158847 0.968656
vt 0.722366 0.968656
vt 0.158847 0.968656
vt 0.722366 0.968656
vt 0.722366 0.968656
vt 0.722366 0.968656
vt 0.158847 0.968656
vt 0.158847 0.968656
vt 0.158847 0.968656
vt 0.722366 0.968656
vt 0.722366 0.968656
vt 0.158847 0.968656
vt 0.158847 0.968656
vt 0.158847 0.968656
vt 0.158847 0.968656
vt 0.722366 0.968656
vt 0.722366 0.968656
vt 0.158847 0.968656
vt 0.158847 0.968656
vt 0.158847 0.968656
vt 0.722366 0.968656
vt 0.159247 0.968175
vt 0.159247 0.968175
vt 0.722366 0.968656
vt 0.722366 0.968656
vt 0.158847 0.968656
vt 0.158847 0.968656
vt 0.722366 0.968656
vt 0.722366 0.968656
vt 0.722366 0.968656
vt 0.722366 0.968656
vt 0.158847 0.968656
vt 0.158847 0.968656
vt 0.158847 0.968656
vt 0.095625 0.970114
vt 0.095625 0.970114
vt 0.219395 0.970239
vt 0.219395 0.970239
vt 0.219395 0.970239
vt 0.095013 0.845135
vt 0.095014 0.845135
vt 0.531896 0.969448
vt 0.531896 0.969448
vt 0.531896 0.969448
vt 0.531896 0.969448
vt 0.095625 0.970114
vt 0.095625 0.970114
vt 0.095625 0.970114
vt 0.095625 0.970114
vt 0.095625 0.970114
vt 0.095625 0.970114
vt 0.657552 0.969945
vt 0.657552 0.969945
vt 0.657552 0.969945
vt 0.657552 0.969945
vt 0.657552 0.969945
vt 0.657552 0.969945
vt 0.657552 0.969945
vt 0.657552 0.969945
vt 0.657552 0.969945
vt 0.657552 0.969945
vt 0.657552 0.969945
vt 0.657552 0.969945
vt 0.657552 0.969945
vt 0.657552 0.969945
vt 0.657552 0.969945
vt 0.657552 0.969945
vt 0.657552 0.969945
vt 0.657552 0.969945
vt 0.657552 0.969945
vt 0.657552 0.969945
vt 0.657552 0.969945
vt 0.657552 0.969945
vt 0.657552 0.969945
vt 0.657552 0.969945
vt 0.657552 0.969945
vt 0.657552 0.969945
vt 0.657552 0.969945
vt 0.657552 0.969945
vt 0.657552 0.969945
vt 0.657552 0.969945
vt 0.657552 0.969945
vt 0.657552 0.969945
vt 0.032930 0.968656
vt 0.032930 0.968656
vt 0.032930 0.968656
vt 0.032930 0.968656
vt 0.033495 0.968174
vt 0.033495 0.968174
vt 0.032930 0.968656
vt 0.032930 0.968656
vt 0.032930 0.968656
vt 0.032930 0.968656
vt 0.033494 0.968174
vt 0.033494 0.968174
vt 0.156192 0.966164
vt 0.156192 0.966164
vt 0.156192 0.966164
vt 0.156192 0.966164
vt 0.156192 0.966164
vt 0.156192 0.966164
vt 0.156192 0.966164
vt 0.156192 0.966164
vt 0.156192 0.966164
vt 0.156192 0.966164
vt 0.156192 0.966164
vt 0.156192 0.966164
vt 0.156192 0.966164
vt 0.156192 0.966164
vt 0.156192 0.966164
vt 0.156192 0.966164
vt 0.722366 0.968656
vt 0.158847 0.968656
vt 0.158847 0.968656
vt 0.158847 0.968656
vt 0.158847 0.968656
vt 0.158847 0.968656
vt 0.158847 0.968656
vt 0.158847 0.968656
vt 0.158847 0.968656
vt 0.158847 0.968656
vt 0.158847 0.968656
vt 0.158847 0.968656
vt 0.158847 0.968656
vt 0.158847 0.968656
vt 0.722366 0.968656
vt 0.158847 0.968656
vt 0.158847 0.968656
vt 0.722366 0.968656
vt 0.158847 0.968656
vt 0.158847 0.968656
vt 0.158847 0.968656
vt 0.158847 0.968656
vt 0.158847 0.968656
vt 0.722366 0.968656
vt 0.722366 0.968656
vt 0.722366 0.968656
vt 0.158847 0.968656
vt 0.722366 0.968656
vt 0.722366 0.968656
vt 0.158847 0.968656
vt 0.158847 0.968656
vt 0.158847 0.968656
vt 0.158847 0.968656
vt 0.158847 0.968656
vt 0.158847 0.968656
vt 0.719905 0.968656
vt 0.719905 0.968656
vt 0.719905 0.968656
vt 0.719905 0.968656
vt 0.719905 0.968656
vt 0.719905 0.968656
vt 0.719905 0.968656
vt 0.719905 0.968656
vt 0.157858 0.969800
vt 0.157858 0.969800
vt 0.157858 0.969800
vt 0.157858 0.969800
vt 0.157858 0.969801
vt 0.157858 0.969801
vt 0.157858 0.969801
vt 0.157858 0.969801
vt 0.157858 0.969800
vt 0.157858 0.969800
vt 0.157858 0.969800
vt 0.157858 0.969800
vt 0.157858 0.969800
vt 0.157858 0.969801
vt 0.157858 0.969800
vt 0.157858 0.969801
vt 0.157858 0.969801
vt 0.157858 0.969801
vt 0.157858 0.969801
vt 0.157858 0.969801
vt 0.157858 0.969801
vt 0.157858 0.969801
vt 0.157858 0.969800
vt 0.157858 0.969800
vt 0.157858 0.969800
vt 0.157858 0.969800
vt 0.157858 0.969801
vt 0.157858 0.969801
vt 0.157858 0.969801
vt 0.157858 0.969801
vt 0.157858 0.969801
vt 0.157858 0.969801
vt 0.157858 0.969801
vt 0.157858 0.969801
vt 0.157858 0.969801
vt 0.157858 0.969800
vt 0.157858 0.969800
vt 0.157858 0.969800
vt 0.157858 0.969801
vt 0.157858 0.969800
vt 0.157858 0.969801
vt 0.157858 0.969800
vt 0.157858 0.969800
vt 0.157858 0.969800
vt 0.157858 0.969800
vt 0.157858 0.969801
vt 0.157858 0.969801
vt 0.157858 0.969801
vt 0.157858 0.969801
vt 0.722366 0.968656
vt 0.722366 0.968656
vt 0.158847 0.968656
vt 0.158847 0.968656
vt 0.158847 0.968656
vt 0.158847 0.968656
vt 0.158847 0.968656
vt 0.719905 0.968656
vt 0.719905 0.968656
vt 0.158847 0.968656
vt 0.719905 0.968656
vt 0.719905 0.968656
vt 0.158847 0.968656
vt 0.158847 0.968656
vt 0.719905 0.968656
vt 0.719905 0.968656
vt 0.719905 0.968656
vt 0.719905 0.968656
vt 0.719905 0.968656
vt 0.719905 0.968656
vt 0.719905 0.968656
vt 0.719905 0.968656
vt 0.719905 0.968656
vt 0.719905 0.968656
vt 0.719905 0.968656
vt 0.719905 0.968656
vt 0.719905 0.968656
vt 0.719905 0.968656
vt 0.719905 0.968656
vt 0.719905 0.968656
vt 0.722366 0.968656
vt 0.722366 0.968656
vt 0.722366 0.968656
vt 0.722366 0.968656
vt 0.722366 0.968656
vt 0.717445 0.968656
vt 0.717445 0.968656
vt 0.717445 0.968656
vt 0.717445 0.968656
vt 0.717445 0.968656
vt 0.717445 0.968656
vt 0.717445 0.968656
vt 0.717445 0.968656
vt 0.717445 0.968656
vt 0.719905 0.968656
vt 0.719905 0.968656
vt 0.719905 0.968656
vt 0.722366 0.968656
vt 0.722366 0.968656
vt 0.722366 0.968656
vt 0.722366 0.968656
vt 0.722366 0.968656
vt 0.722366 0.968656
vt 0.722366 0.968656
vn 1.0000 -0.0000 -0.0000
vn 0.1696 -0.9175 0.3598
vn 0.0000 0.8294 -0.5587
vn 0.1178 -0.6373 0.7615
vn 0.0000 0.7122 -0.7020
vn -0.0000 0.5480 -0.8365
vn -0.0000 0.3820 -0.9242
vn 0.0000 0.0193 -0.9998
vn 0.0786 -0.4253 0.9016
vn 0.1583 -0.8564 0.4914
vn 0.0015 -0.0157 0.9999
vn 0.1346 -0.7279 0.6723
vn 0.0000 -1.0000 -0.0000
vn 0.0000 -0.9695 0.2449
vn 0.0000 -0.0118 0.9999
vn 0.0000 -0.7346 0.6785
vn 0.0000 -0.6418 0.7669
vn 0.0000 -0.8674 0.4976
vn 0.0000 -0.4266 0.9044
vn 0.0164 -0.6441 0.7648
vn 0.0972 -0.0169 0.9951
vn 0.0974 -0.4118 0.9061
vn 0.0000 1.0000 -0.0000
vn 0.0000 -0.8673 0.4978
vn 0.0000 -0.9530 0.3030
vn 1.0000 -0.0020 0.0026
vn 0.0000 0.9771 0.2127
vn 0.0000 0.0000 1.0000
vn 0.0265 -0.7317 0.6811
vn 0.1696 -0.9175 -0.3598
vn 0.0000 0.8294 0.5586
vn 0.1178 -0.6373 -0.7615
vn 0.0000 0.7122 0.7020
vn 0.0000 0.5480 0.8365
vn -0.0000 0.3820 0.9242
vn -0.0000 0.0193 0.9998
vn 0.0786 -0.4253 -0.9016
vn 0.1583 -0.8564 -0.4914
vn 0.0015 -0.0157 -0.9999
vn 0.1346 -0.7279 -0.6723
vn 0.0000 -0.9695 -0.2449
vn 0.0000 -0.0118 -0.9999
vn 0.0000 -0.7346 -0.6785
vn 0.0000 -0.6418 -0.7669
vn 0.0000 -0.8674 -0.4976
vn 0.0000 -0.4266 -0.9044
vn 0.0974 -0.4118 -0.9061
vn 0.0000 -0.8673 -0.4978
vn 0.0000 -0.9530 -0.3030
vn 0.0000 0.7230 -0.6908
vn 1.0000 -0.0028 -0.0017
vn 1.0000 -0.0020 -0.0026
vn 0.0000 0.9771 -0.2126
vn 0.0972 -0.0169 -0.9951
vn 0.0266 -0.7317 -0.6811
vn 0.0012 0.9235 0.3835
vn 0.0012 0.9235 -0.3835
vn 0.9554 0.2951 -0.0144
vn 0.9774 0.2109 -0.0105
vn 0.0023 1.0000 -0.0022
vn -1.0000 0.0000 0.0000
vn 0.0000 -1.0000 -0.0017
vn 0.0021 1.0000 -0.0062
vn -0.0004 -0.0003 -1.0000
vn 0.0004 0.0003 1.0000
vn -0.9966 -0.0824 0.0042
vn -0.9998 -0.0200 0.0073
vn -0.9965 -0.0824 0.0115
vn -0.9996 -0.0200 0.0220
vn -0.0003 -0.0002 -1.0000
vn 0.0000 -1.0000 0.0072
vn 0.0000 -1.0000 -0.0008
vn -0.0000 1.0000 -0.0070
vn 0.0025 1.0000 -0.0038
vn 0.0000 0.0017 1.0000
vn 0.0000 0.0000 -1.0000
vn -0.9998 -0.0199 0.0071
vn -0.9996 -0.0199 0.0218
vn 0.0000 -0.0016 -1.0000
vn 0.0078 1.0000 0.0034
vn -0.0001 0.0839 -0.9965
vn 0.0018 1.0000 -0.0070
vn -0.0002 0.0319 -0.9995
vn 0.0030 1.0000 0.0017
vn -0.9996 -0.0200 0.0219
vn 0.0002 0.0383 0.9993
vn 0.0004 0.0895 0.9960
vn 0.0164 -0.6441 -0.7648
vn 0.0000 0.4862 -0.8739
vn 0.0000 0.0320 -0.9995
vn 0.0000 0.0840 -0.9965
vn -0.0000 0.0383 0.9993
vn 0.0000 0.0894 0.9960
vn 0.9524 -0.3038 -0.0267
vn 0.0000 -0.9834 0.1816
vn 0.0000 -0.9849 -0.1734
vn 0.9523 -0.3038 0.0281
vn 0.0000 -0.9848 -0.1738
vn 0.9524 -0.3038 -0.0268
vn 0.0000 -0.9833 0.1822
vn -0.1696 -0.9175 0.3598
vn 0.0000 0.8294 -0.5586
vn -0.1178 -0.6373 0.7615
vn -0.0786 -0.4253 0.9016
vn -0.1583 -0.8564 0.4914
vn -0.0015 -0.0157 0.9999
vn -0.1346 -0.7279 0.6723
vn -0.0164 -0.6441 0.7648
vn -0.0972 -0.0169 0.9951
vn -0.0974 -0.4118 0.9061
vn -1.0000 -0.0020 0.0026
vn -0.0265 -0.7317 0.6811
vn -0.1696 -0.9175 -0.3598
vn -0.1178 -0.6373 -0.7615
vn -0.0786 -0.4253 -0.9016
vn -0.1583 -0.8564 -0.4914
vn -0.0015 -0.0157 -0.9999
vn -0.1346 -0.7279 -0.6723
vn -0.0974 -0.4118 -0.9061
vn 0.0000 0.7231 -0.6907
vn -1.0000 -0.0028 -0.0017
vn -1.0000 -0.0020 -0.0026
vn 0.0000 0.9771 -0.2127
vn -0.0972 -0.0169 -0.9951
vn -0.0266 -0.7317 -0.6811
vn -0.0012 0.9235 0.3835
vn -0.0012 0.9235 -0.3835
vn -0.9554 0.2951 -0.0144
vn -0.9774 0.2109 -0.0105
vn -0.0023 1.0000 -0.0022
vn -0.0021 1.0000 -0.0062
vn 0.0004 -0.0003 -1.0000
vn -0.0004 0.0003 1.0000
vn 0.9966 -0.0824 0.0042
vn 0.9998 -0.0200 0.0073
vn 0.9965 -0.0824 0.0115
vn 0.9996 -0.0200 0.0220
vn 0.0003 -0.0002 -1.0000
vn -0.0025 1.0000 -0.0038
vn 0.9998 -0.0199 0.0071
vn 0.9996 -0.0199 0.0218
vn -0.0078 1.0000 0.0034
vn 0.0001 0.0839 -0.9965
vn -0.0018 1.0000 -0.0070
vn 0.0002 0.0319 -0.9995
vn -0.0030 1.0000 0.0017
vn 0.9996 -0.0200 0.0219
vn -0.0002 0.0383 0.9993
vn -0.0004 0.0895 0.9960
vn -0.0164 -0.6441 -0.7648
vn 0.0000 0.4861 -0.8739
vn -0.9524 -0.3038 -0.0267
vn -0.9523 -0.3038 0.0281
vn -0.9524 -0.3038 -0.0268
usemtl Medieval
s off
f 811/1205/186 806/1206/186 807/1207/186 808/1208/186
f 808/1208/187 807/1207/187 809/1209/187 810/1210/187
f 860/1211/186 865/1212/186 861/1213/186 858/1214/186
f 905/1215/188 811/1205/188 816/1216/188 903/1217/188
f 812/1218/186 816/1216/186 811/1205/186 808/1208/186
f 820/1219/189 817/1220/189 818/1221/189 826/1222/189
f 903/1217/190 816/1216/190 819/1223/190 906/1224/190
f 817/1220/186 819/1223/186 816/1216/186 812/1218/186
f 906/1224/191 819/1223/191 821/1225/191 908/1226/191
f 820/1219/186 821/1225/186 819/1223/186 817/1220/186
f 908/1226/192 821/1225/192 824/1227/192 904/1228/192
f 824/1227/186 822/1229/186 814/1230/186 825/1231/186
f 904/1228/193 824/1227/193 825/1231/193 907/1232/193
f 823/1233/186 826/1234/186 827/1235/186 831/1236/186
f 810/1237/186 809/1238/186 829/1239/186 830/1240/186
f 813/1241/186 810/1237/186 830/1240/186 833/1242/186
f 815/1243/186 823/1233/186 831/1236/186 832/1244/186
f 822/1229/194 820/1219/194 826/1222/194 823/1245/194
f 812/1218/195 808/1208/195 810/1210/195 813/1246/195
f 814/1230/196 822/1229/196 823/1245/196 815/1247/196
f 817/1220/197 812/1218/197 813/1246/197 818/1221/197
f 818/1248/186 813/1241/186 833/1242/186 828/1249/186
f 839/1250/198 843/1251/198 834/1252/198 835/1253/198
f 826/1234/186 818/1248/186 828/1249/186 827/1235/186
f 830/1240/199 829/1239/199 836/1254/199 837/1255/199
f 832/1244/200 831/1236/200 838/1256/200 839/1257/200
f 828/1249/201 833/1242/201 840/1258/201 841/1259/201
f 827/1235/202 828/1249/202 841/1259/202 842/1260/202
f 833/1242/203 830/1240/203 837/1255/203 840/1258/203
f 884/1261/198 880/1262/198 864/1263/198 913/1264/198
f 831/1236/204 827/1235/204 842/1260/204 838/1256/204
f 850/1265/205 857/1266/205 1080/1267/205 1079/1268/205 848/1269/205
f 851/1270/206 852/1271/206 1082/1272/206 1081/1273/206 846/1274/206
f 1082/1272/207 850/1265/207 848/1269/207 1081/1273/207
f 853/1275/208 851/1270/208 846/1274/208 847/1276/208
f 854/1277/209 855/1278/209 844/1279/209 849/1280/209
f 855/1278/210 856/1281/210 845/1282/210 844/1279/210
f 851/1270/186 853/1275/186 843/1283/186 839/1284/186
f 856/1281/186 855/1278/186 837/1285/186 836/1286/186
f 854/1277/186 857/1266/186 841/1287/186 840/1288/186
f 855/1278/186 854/1277/186 840/1288/186 837/1285/186
f 857/1266/186 850/1265/186 842/1289/186 841/1287/186
f 850/1265/211 1082/1272/211 838/1290/211 842/1289/211
f 1082/1291/212 852/1292/212 838/1293/212
f 852/1271/186 851/1270/186 839/1284/186 838/1290/186
f 889/1294/213 891/1295/213 897/1296/213 900/1297/213
f 857/1266/214 854/1277/214 849/1280/214 1079/1268/214
f 860/1211/186 858/1214/186 807/1207/186 806/1206/186
f 858/1214/215 859/1298/215 809/1209/215 807/1207/215
f 865/1212/186 868/1299/186 866/1300/186 861/1213/186
f 911/1301/216 909/1302/216 865/1212/216 860/1211/216
f 868/1299/186 870/1303/186 869/1304/186 866/1300/186
f 869/1304/217 875/1305/217 867/1306/217 866/1300/217
f 909/1302/218 912/1307/218 868/1299/218 865/1212/218
f 870/1303/186 873/1308/186 871/1309/186 869/1304/186
f 912/1307/219 914/1310/219 870/1303/219 868/1299/219
f 914/1310/220 910/1311/220 873/1308/220 870/1303/220
f 873/1308/186 874/1312/186 863/1313/186 871/1309/186
f 910/1311/221 913/1314/221 874/1312/221 873/1308/221
f 872/1315/186 879/1316/186 876/1317/186 875/1318/186
f 859/1319/186 878/1320/186 829/1239/186 809/1238/186
f 862/1321/186 881/1322/186 878/1320/186 859/1319/186
f 864/1323/186 880/1324/186 879/1316/186 872/1315/186
f 871/1309/222 872/1325/222 875/1305/222 869/1304/222
f 861/1213/223 862/1326/223 859/1298/223 858/1214/223
f 863/1313/224 864/1327/224 872/1325/224 871/1309/224
f 866/1300/225 867/1306/225 862/1326/225 861/1213/225
f 867/1328/186 877/1329/186 881/1322/186 862/1321/186
f 843/1251/198 884/1261/198 1145/1330/198 834/1252/198
f 875/1318/186 876/1317/186 877/1329/186 867/1328/186
f 878/1320/226 882/1331/226 836/1254/226 829/1239/226
f 880/1324/227 884/1332/227 883/1333/227 879/1316/227
f 877/1329/228 886/1334/228 885/1335/228 881/1322/228
f 876/1317/229 887/1336/229 886/1334/229 877/1329/229
f 881/1322/230 885/1335/230 882/1331/230 878/1320/230
f 815/1337/198 832/1338/198 839/1250/198 907/1339/198
f 879/1316/231 883/1333/231 887/1336/231 876/1317/231
f 893/1340/186 889/1341/186 888/1342/186
f 1086/1343/232 1085/1344/232 892/1345/232 894/1346/232
f 897/1296/208 891/1295/208 890/1347/208 895/1348/208
f 898/1349/233 893/1350/233 888/1351/233 899/1352/233
f 899/1352/234 888/1351/234 889/1294/234 900/1297/234
f 1084/1353/235 886/1354/235 901/1355/235
f 895/1348/186 884/1356/186 843/1283/186 897/1296/186
f 900/1297/186 836/1286/186 882/1357/186 899/1352/186
f 898/1349/236 885/1358/236 886/1359/236 1084/1360/236
f 899/1352/186 882/1357/186 885/1358/186 898/1349/186
f 901/1361/186 886/1359/186 887/1362/186 894/1346/186
f 894/1346/237 887/1362/237 883/1363/237 1086/1343/237
f 1086/1364/238 883/1365/238 896/1366/238
f 896/1367/186 883/1363/186 884/1356/186 895/1348/186
f 895/1348/239 890/1347/239 1085/1344/239 1086/1343/239 896/1367/239
f 1084/1360/240 1083/1368/240 893/1350/240 898/1349/240
f 860/1211/241 806/1206/241 902/1369/241 911/1301/241
f 811/1205/242 905/1215/242 902/1369/242 806/1206/242
f 927/1370/186 951/1371/186 1135/1372/186
f 928/1373/186 916/1374/186 917/1375/186 918/1376/186 915/1377/186
f 922/1378/243 921/1379/243 920/1380/243 919/1381/243
f 923/1382/244 922/1378/244 919/1381/244 924/1383/244
f 918/1376/186 925/1384/186 1135/1372/186 915/1377/186
f 925/1384/186 926/1385/186 927/1370/186 1135/1372/186
f 976/1386/245 975/1387/245 1155/1388/245 1159/1389/245
f 1029/1390/198 1047/1391/198 1185/1392/198 1187/1393/198
f 930/1394/246 929/1395/246 936/1396/246
f 918/1397/186 917/1398/186 932/1399/186 931/1400/186
f 931/1400/186 937/1401/186 925/1402/186 918/1397/186
f 927/1403/247 939/1404/247 962/1405/247 1001/1406/247
f 995/1407/247 1013/1408/247 1174/1409/247 1173/1410/247
f 1023/1411/213 942/1412/213 1046/1413/213 1014/1414/213
f 1067/1415/248 1068/1416/248 1180/1417/248 1181/1418/248
f 1269/1419/246 977/1420/246 975/1421/246
f 930/1394/246 1273/1422/246 1268/1423/246
f 930/1394/246 936/1396/246 1271/1424/246
f 1062/1425/249 938/1426/249 934/1427/249 1183/1428/249
f 1068/1416/250 935/1429/250 933/1430/250 1180/1417/250
f 1062/1425/251 1064/1431/251 935/1432/251 938/1426/251
f 1189/1433/186 1183/1428/186 934/1427/186 933/1434/186
f 1057/1435/252 1016/1436/252 949/1437/252 950/1438/252
f 1164/1439/186 1166/1440/186 940/1441/186 948/1442/186
f 980/1443/248 981/1444/248 1151/1445/248 1152/1446/248
f 1059/1447/253 1055/1448/253 947/1449/253 946/1450/253
f 1071/1451/254 1070/1452/254 944/1453/254 945/1454/254
f 1065/1455/213 949/1456/213 948/1457/213 1167/1458/213
f 1057/1435/255 950/1438/255 940/1441/255 1166/1440/255
f 1000/1459/198 1042/1460/198 1184/1461/198 1175/1462/198
f 937/1401/186 939/1404/186 926/1463/186 925/1402/186
f 926/1463/186 939/1404/186 927/1403/186
f 916/1464/186 932/1399/186 917/1398/186
f 973/1465/256 965/1466/256 1161/1467/256 1157/1468/256
f 929/1395/213 951/1469/213 1150/1470/213 1242/1471/213 1149/1472/213
f 958/1473/186 928/1373/186 915/1377/186
f 959/1474/186 953/1475/186 954/1476/186 955/1477/186 1026/1478/186 1025/1479/186
f 955/1477/186 956/1480/186 915/1377/186 1028/1481/186 986/1482/186 1026/1478/186
f 956/1480/186 957/1483/186 958/1473/186 915/1377/186
f 1052/1484/257 1029/1485/257 1187/1486/257 1188/1487/257
f 937/1401/258 931/1400/258 969/1488/258 1056/1489/258
f 977/1490/259 970/1491/259 1162/1492/259 1163/1493/259
f 943/1494/246 941/1495/246 1268/1423/246
f 955/1496/186 954/1497/186 965/1466/186 964/1498/186
f 964/1498/186 971/1499/186 956/1500/186 955/1496/186
f 951/1501/198 927/1502/198 1001/1503/198 1150/1504/198
f 1004/1505/260 1005/1506/260 1032/1507/260 1044/1508/260
f 916/1509/198 928/1510/198 952/1511/198 1087/1512/198
f 988/1513/198 1000/1459/198 1175/1462/198 1176/1514/198
f 1047/1515/261 1063/1516/261 1186/1517/261 1291/1518/261 1262/1519/261 1185/1520/261
f 930/1394/246 1266/1521/246 1272/1522/246
f 930/1394/246 1268/1423/246 1266/1521/246
f 1015/1523/249 972/1524/249 967/1525/249 1172/1526/249
f 1021/1527/250 968/1528/250 966/1529/250 1168/1530/250
f 1015/1523/251 1017/1531/251 968/1532/251 972/1524/251
f 1179/1533/186 1172/1526/186 967/1525/186 966/1534/186
f 1010/1535/262 976/1536/262 983/1537/262 984/1538/262
f 1159/1539/186 1178/1540/186 982/1541/186 974/1542/186
f 1024/1543/255 979/1544/255 1153/1545/255 1022/1546/255
f 1012/1547/253 1008/1548/253 981/1444/253 980/1443/253
f 1024/1543/263 1023/1549/263 978/1550/263 979/1544/263
f 1010/1535/255 984/1538/255 982/1541/255 1178/1540/255
f 1018/1551/213 983/1552/213 974/1553/213 1171/1554/213
f 1063/1555/245 1062/1556/245 1183/1557/245 1186/1558/245
f 971/1499/186 973/1465/186 957/1559/186 956/1500/186
f 957/1559/186 973/1465/186 958/1560/186
f 953/1561/186 965/1466/186 954/1497/186
f 965/1466/257 953/1561/257 1160/1562/257 1161/1467/257
f 1042/1563/247 1060/1564/247 1165/1565/247 1184/1566/247
f 995/1567/186 959/1474/186 1025/1479/186
f 1000/1568/186 988/1569/186 989/1570/186 990/1571/186 987/1572/186
f 990/1571/186 993/1573/186 1072/1574/186 985/1575/186 1027/1576/186 987/1572/186
f 993/1573/186 994/1577/186 995/1567/186 1025/1479/186 1072/1574/186
f 939/1404/264 937/1401/264 1056/1489/264 1050/1578/264
f 1055/1579/250 943/1494/250 1148/1580/250 1054/1581/250
f 973/1465/264 971/1499/264 1033/1582/264 998/1583/264
f 964/1498/260 965/1466/260 1043/1584/260 1045/1585/260
f 972/1586/249 1020/1587/249 1169/1588/249 967/1589/249
f 931/1400/260 932/1399/260 963/1590/260 969/1488/260
f 999/1591/246 930/1394/246 1272/1522/246 1267/1592/246 1270/1593/246 1274/1594/246 1269/1419/246 1275/1595/246 1276/1596/246 1278/1597/246 1279/1598/246 1277/1599/246 1280/1600/246 1281/1601/246 1282/1602/246 1283/1603/246 1284/1604/246 1285/1605/246
f 990/1606/186 989/1607/186 1005/1506/186 1004/1505/186
f 1004/1505/186 1011/1608/186 993/1609/186 990/1606/186
f 1059/1447/249 946/1450/249 1048/1610/249 1053/1611/249
f 971/1499/258 964/1498/258 1045/1585/258 1033/1582/258
f 959/1612/198 995/1613/198 1173/1614/198 1158/1615/198
f 1070/1616/213 929/1395/213 1149/1472/213 1069/1617/213
f 958/1560/247 973/1465/247 1157/1468/247 1156/1618/247
f 1288/1619/246 1287/1620/246 1062/1556/246
f 975/1421/251 977/1420/251 1008/1621/251 1012/1622/251
f 981/1444/250 1008/1548/250 1006/1623/250 1151/1445/250
f 1163/1624/186 1155/1625/186 1007/1626/186 1006/1627/186
f 975/1421/249 1012/1622/249 1007/1626/249 1155/1625/249
f 978/1550/213 1023/1549/213 1014/1628/213 1154/1629/213
f 970/1630/255 1024/1631/255 1022/1632/255 1162/1633/255
f 968/1532/250 1017/1531/250 1179/1533/250 966/1534/250
f 972/1586/253 968/1528/253 1021/1527/253 1020/1587/253
f 984/1634/263 983/1552/263 1018/1551/263 1019/1635/263
f 970/1630/262 942/1412/262 1023/1411/262 1024/1631/262
f 1046/1413/186 1162/1633/186 1022/1632/186 1014/1414/186
f 928/1510/198 958/1636/198 1156/1637/198 952/1511/198
f 1011/1608/186 1013/1408/186 994/1638/186 993/1609/186
f 994/1638/186 1013/1408/186 995/1407/186
f 988/1639/186 1005/1506/186 989/1607/186
f 942/1640/245 941/1641/245 1002/1642/245 1046/1643/245
f 1016/1644/265 1015/1645/265 1172/1646/265 1164/1647/265
f 1042/1648/186 1000/1568/186 987/1572/186
f 1047/1649/186 1029/1650/186 1030/1651/186 1031/1652/186 1088/1653/186
f 1060/1564/256 991/1654/256 1009/1655/256 1052/1484/256
f 1074/1656/266 1073/1657/266 1036/1658/266 1037/1659/266
f 1037/1659/243 1036/1658/243 1035/1660/243 1034/1661/243
f 1073/1657/267 1078/1662/267 1035/1660/267 1036/1658/267
f 1038/1663/244 1037/1659/244 1034/1661/244 1039/1664/244
f 1076/1665/268 1074/1656/268 1037/1659/268 1038/1663/268
f 1031/1652/186 1040/1666/186 987/1572/186 1088/1653/186
f 1040/1666/186 1041/1667/186 1042/1648/186 987/1572/186
f 1051/1668/260 1052/1484/260 1009/1655/260 1003/1669/260
f 939/1404/256 1050/1578/256 963/1590/256 932/1399/256
f 1019/1635/269 1018/1551/269 1171/1554/269 1170/1670/269
f 1060/1564/264 1058/1671/264 992/1672/264 991/1654/264
f 1013/1408/256 996/1673/256 1032/1507/256 1005/1506/256
f 945/1454/269 944/1453/269 961/1674/269 960/1675/269
f 1058/1671/258 1051/1668/258 1003/1669/258 992/1672/258
f 973/1465/256 998/1583/256 1043/1584/256 965/1466/256
f 1286/1676/246 1288/1619/246 1062/1556/246 1063/1555/246
f 1031/1677/186 1030/1678/186 1052/1484/186 1051/1668/186
f 1051/1668/186 1058/1671/186 1040/1679/186 1031/1677/186
f 938/1680/249 1067/1415/249 1181/1418/249 934/1681/249
f 1011/1608/258 1004/1505/258 1044/1508/258 997/1682/258
f 1013/1408/264 1011/1608/264 997/1682/264 996/1673/264
f 935/1432/250 1064/1431/250 1189/1433/250 933/1434/250
f 1008/1621/250 977/1420/250 1163/1624/250 1006/1627/250
f 1020/1587/248 1021/1527/248 1168/1530/248 1169/1588/248
f 999/1591/246 1288/1683/246 1286/1684/246
f 999/1591/246 1287/1685/246 1288/1683/246
f 999/1591/246 1285/1605/246 1064/1431/246 1287/1685/246
f 941/1495/251 943/1494/251 1055/1579/251 1059/1686/251
f 947/1449/250 1055/1448/250 1054/1687/250 1049/1688/250
f 941/1495/249 1059/1686/249 1053/1689/249 1002/1690/249
f 1148/1580/186 1002/1690/186 1053/1689/186 1054/1581/186
f 936/1396/252 929/1395/252 1070/1616/252 1071/1691/252
f 944/1453/213 1070/1452/213 1069/1692/213 961/1674/213
f 953/1693/198 959/1612/198 1158/1615/198 1160/1694/198
f 938/1680/253 935/1429/253 1068/1416/253 1067/1415/253
f 950/1695/270 949/1456/270 1065/1455/270 1066/1696/270
f 1149/1472/186 1147/1697/186 1061/1698/186 1069/1617/186
f 936/1396/255 1071/1691/255 1061/1698/255 1147/1697/255
f 1064/1699/259 1057/1700/259 1166/1701/259 1189/1702/259
f 1058/1671/186 1060/1564/186 1041/1703/186 1040/1679/186
f 1041/1703/186 1060/1564/186 1042/1563/186
f 1029/1485/186 1052/1484/186 1030/1678/186
f 1013/1408/256 1005/1506/256 1177/1704/256 1174/1409/256
f 939/1404/256 932/1399/256 1146/1705/256 962/1405/256
f 1039/1664/271 1034/1661/271 1077/1706/271 1075/1707/271
f 1034/1661/272 1035/1660/272 1078/1662/272 1077/1706/272
f 900/1297/186 897/1296/186 843/1283/186 836/1286/186
f 836/1286/186 843/1283/186 853/1275/186 856/1281/186
f 894/1346/273 892/1345/273 1083/1368/273 1084/1360/273 901/1361/273
f 856/1281/261 853/1275/261 847/1276/261 845/1282/261
f 822/1229/186 824/1227/186 821/1225/186 820/1219/186
f 857/1708/274 1079/1709/274 1080/1710/274
f 930/1711/208 999/1712/208 1091/1713/208 1090/1714/208
f 1092/1715/186 1093/1716/186 1095/1717/186 1094/1718/186
f 922/1378/275 923/1382/275 1100/1719/275 1099/1720/275
f 921/1379/276 922/1378/276 1099/1720/276 1098/1721/276
f 924/1383/277 919/1381/277 1096/1722/277 1101/1723/277
f 919/1381/278 920/1380/278 1097/1724/278 1096/1722/278
f 920/1380/258 921/1379/258 1098/1721/258 1097/1724/258
f 1106/1725/198 1104/1726/198 1103/1727/198 1108/1728/198
f 1105/1729/208 1109/1730/208 1107/1731/208 1102/1732/208
f 1102/1732/186 1107/1731/186 1108/1728/186 1103/1727/186
f 1114/1733/198 1112/1734/198 1111/1735/198 1116/1736/198
f 1113/1737/208 1117/1738/208 1115/1739/208 1110/1740/208
f 1110/1740/186 1115/1739/186 1116/1736/186 1111/1735/186
f 1122/1741/198 1120/1742/198 1119/1743/198 1124/1744/198
f 1121/1745/208 1125/1746/208 1123/1747/208 1118/1748/208
f 1118/1748/186 1123/1747/186 1124/1744/186 1119/1743/186
f 1130/1749/198 1128/1750/198 1127/1751/198 1132/1752/198
f 1129/1753/208 1133/1754/208 1131/1755/208 1126/1756/208
f 1126/1756/186 1131/1755/186 1132/1752/186 1127/1751/186
f 1063/1516/261 1047/1515/261 999/1591/261 1286/1684/261
f 999/1757/261 1047/1758/261 1088/1759/261 1089/1760/261
f 1091/1761/261 999/1762/261 1089/1763/261 1134/1764/261
f 929/1395/213 930/1394/213 951/1469/213
f 951/1765/213 930/1766/213 1141/1767/213 1135/1768/213
f 930/1769/213 1090/1770/213 1144/1771/213 1141/1772/213
f 1088/1773/198 987/1774/198 1138/1775/198 1089/1776/198
f 987/1774/198 1027/1777/198 1139/1778/198 1138/1775/198
f 1028/1779/198 915/1780/198 1137/1781/198 1140/1782/198
f 915/1780/198 1135/1783/198 1141/1784/198 1137/1781/198
f 1137/1781/198 1141/1784/198 1144/1785/198 1136/1786/198
f 1140/1782/198 1137/1781/198 1136/1786/198 913/1264/198
f 1089/1776/198 1138/1775/198 1142/1787/198 1134/1788/198
f 1138/1775/198 1139/1778/198 1143/1789/198 1142/1787/198
f 907/1339/198 825/1790/198 814/1791/198 815/1337/198
f 864/1263/198 863/1792/198 874/1793/198 913/1264/198
f 1145/1330/198 884/1261/198 913/1264/198
f 839/1250/198 835/1253/198 907/1339/198
f 1069/1692/186 1061/1794/186 960/1675/186 961/1674/186
f 1146/1705/186 1241/1795/186 1256/1796/186
f 962/1405/186 1146/1705/186 1249/1797/186 1242/1471/186
f 1146/1705/186 1252/1798/186 1265/1799/186 1249/1797/186
f 1146/1705/186 1256/1796/186 1252/1798/186
f 1054/1687/186 1053/1611/186 1048/1610/186 1049/1688/186
f 1146/1705/186 1087/1800/186 1239/1801/186 1241/1795/186
f 1046/1413/186 1239/1801/186 1238/1802/186
f 1162/1633/186 1046/1413/186 1246/1803/186
f 1046/1413/186 1238/1802/186 1246/1803/186
f 1014/1628/186 1022/1546/186 1153/1545/186 1154/1629/186
f 1161/1467/186 1254/1804/186 1251/1805/186
f 1157/1468/186 1161/1467/186 1245/1806/186 1246/1803/186
f 1161/1467/186 1263/1807/186 1245/1806/186
f 1161/1467/186 1251/1805/186 1263/1807/186
f 1006/1623/186 1007/1808/186 1152/1446/186 1151/1445/186
f 1161/1467/186 1160/1562/186 1240/1809/186 1254/1804/186
f 1178/1540/186 1159/1539/186 1253/1810/186
f 1159/1539/186 1240/1809/186 1253/1810/186
f 974/1553/186 982/1811/186 1170/1670/186 1171/1554/186
f 1174/1409/186 1177/1704/186 1257/1812/186 1253/1810/186
f 1177/1704/186 1248/1813/186 1257/1812/186
f 1177/1704/186 1255/1814/186 1248/1813/186
f 966/1529/186 967/1589/186 1169/1588/186 1168/1530/186
f 1177/1704/186 1176/1815/186 1244/1816/186 1255/1814/186
f 1164/1817/186 1244/1818/186 1247/1819/186
f 1291/1518/186 1259/1820/186 1262/1519/186
f 948/1457/186 940/1821/186 1182/1822/186 1167/1458/186
f 1188/1487/186 1237/1823/186 1250/1824/186
f 1165/1565/186 1188/1487/186 1243/1825/186 1260/1826/186
f 1188/1487/186 1261/1827/186 1243/1825/186
f 1188/1487/186 1250/1824/186 1261/1827/186
f 933/1430/186 934/1681/186 1181/1418/186 1180/1417/186
f 1188/1487/186 1187/1486/186 1259/1820/186 1237/1823/186
f 1292/1828/186 1291/1518/186 1186/1517/186
f 1060/1564/256 1052/1484/256 1188/1487/256 1165/1565/256
f 979/1544/269 978/1550/269 1154/1629/269 1153/1545/269
f 1066/1696/269 1065/1455/269 1167/1458/269 1182/1822/269
f 1005/1506/257 988/1639/257 1176/1815/257 1177/1704/257
f 984/1634/255 1019/1635/255 1170/1670/255 982/1811/255
f 932/1399/257 916/1464/257 1087/1800/257 1146/1705/257
f 1017/1829/259 1010/1830/259 1178/1831/259 1179/1832/259
f 1071/1451/255 945/1454/255 960/1675/255 1061/1794/255
f 983/1537/213 976/1536/213 1159/1539/213 974/1542/213
f 949/1437/213 1016/1436/213 1164/1439/213 948/1442/213
f 950/1695/255 1066/1696/255 1182/1822/255 940/1821/255
f 946/1450/248 947/1449/248 1049/1688/248 1048/1610/248
f 1012/1547/249 980/1443/249 1152/1446/249 1007/1808/249
f 943/1833/259 936/1834/259 1147/1835/259 1148/1836/259
f 1202/1837/261 1205/1838/261 1211/1839/261 1209/1840/261
f 1205/1838/279 1204/1841/279 1210/1842/279 1211/1839/279
f 1197/1843/280 1196/1844/280 1200/1845/280 1198/1846/280
f 1196/1844/281 1199/1847/281 1201/1848/281 1200/1845/281
f 1195/1849/279 1194/1850/279 1200/1845/279 1201/1848/279
f 1192/1851/261 1195/1849/261 1201/1848/261 1199/1847/261
f 1206/1852/281 1209/1840/281 1211/1839/281 1210/1842/281
f 1207/1853/280 1206/1852/280 1210/1842/280 1208/1854/280
f 1194/1850/282 1193/1855/282 1198/1846/282 1200/1845/282
f 1193/1855/213 1190/1856/213 1197/1843/213 1198/1846/213
f 1204/1841/282 1203/1857/282 1208/1854/282 1210/1842/282
f 1203/1857/213 1191/1858/213 1207/1853/213 1208/1854/213
f 1213/1859/261 1216/1860/261 1222/1861/261 1220/1862/261
f 1216/1860/279 1215/1863/279 1221/1864/279 1222/1861/279
f 1217/1865/281 1220/1862/281 1222/1861/281 1221/1864/281
f 1218/1866/280 1217/1865/280 1221/1864/280 1219/1867/280
f 1215/1863/282 1214/1868/282 1219/1867/282 1221/1864/282
f 1214/1868/213 1212/1869/213 1218/1866/213 1219/1867/213
f 1226/1870/283 1227/1871/283 1229/1872/283 1228/1873/283
f 1225/1874/284 1224/1875/284 1228/1873/284 1229/1872/284
f 1223/1876/261 1225/1874/261 1229/1872/261 1227/1871/261
f 1226/1870/213 1228/1873/213 1224/1875/213 951/1877/213
f 1236/1878/261 1233/1879/261 1047/1880/261 1232/1881/261
f 1234/1882/285 1233/1879/285 1236/1878/285 1235/1883/285
f 1232/1881/282 1231/1884/282 1235/1883/282 1236/1878/282
f 1231/1884/213 1230/1885/213 1234/1882/213 1235/1883/213
f 1255/1886/186 1164/1817/186 1172/1887/186
f 1247/1888/186 1244/1816/186 1176/1815/186 1175/1889/186
f 1243/1825/186 1261/1827/186 1290/1890/186 1289/1891/186
f 1242/1471/186 1249/1797/186 1147/1697/186 1149/1472/186
f 1242/1471/186 1001/1406/186 962/1405/186
f 1263/1807/186 1251/1805/186 1155/1625/186 1163/1624/186
f 1255/1886/186 1244/1818/186 1164/1817/186
f 1260/1826/186 1243/1825/186 1289/1891/186
f 1260/1826/186 1258/1892/186 1184/1566/186 1165/1565/186
f 1256/1893/186 1241/1894/186 1046/1643/186 1002/1642/186
f 1238/1802/186 1239/1801/186 1087/1800/186 952/1895/186
f 1245/1896/186 1263/1897/186 1163/1493/186 1162/1492/186
f 1253/1810/186 1240/1809/186 1158/1898/186 1173/1410/186
f 1250/1824/186 1237/1823/186 1292/1828/186 1264/1899/186
f 1262/1519/186 1259/1820/186 1187/1486/186 1185/1520/186
f 1241/1795/186 1239/1801/186 1046/1413/186
f 1246/1900/186 1245/1896/186 1162/1492/186
f 1246/1803/186 1156/1618/186 1157/1468/186
f 1248/1813/186 1255/1814/186 1172/1526/186 1179/1533/186
f 1237/1823/186 1259/1820/186 1291/1518/186 1292/1828/186
f 1242/1471/186 1150/1470/186 1001/1406/186
f 1251/1901/186 1254/1902/186 1159/1389/186 1155/1388/186
f 1240/1809/186 1160/1562/186 1158/1898/186
f 1257/1903/186 1248/1904/186 1179/1832/186 1178/1831/186
f 1258/1892/186 1247/1888/186 1175/1889/186 1184/1566/186
f 1252/1798/186 1256/1796/186 1002/1690/186 1148/1580/186
f 1254/1902/186 1240/1905/186 1159/1389/186
f 1253/1906/186 1257/1903/186 1178/1831/186
f 1253/1810/186 1173/1410/186 1174/1409/186
f 1261/1827/186 1250/1824/186 1264/1899/186 1290/1890/186
f 1249/1907/186 1265/1908/186 1252/1909/186 1148/1836/186 1147/1835/186
f 1246/1803/186 1238/1802/186 952/1895/186 1156/1618/186
f 1269/1419/246 975/1421/246 1275/1595/246
f 930/1394/246 1271/1424/246 1273/1422/246
f 1268/1910/246 1273/1911/246 1271/1912/246 936/1834/246 943/1833/246
f 1266/1913/246 941/1641/246 942/1640/246 1267/1914/246 1272/1915/246
f 1267/1592/246 970/1630/246 1270/1593/246
f 1267/1592/246 942/1412/246 970/1630/246
f 1268/1423/246 941/1495/246 1266/1521/246
f 1270/1916/246 970/1917/246 977/1918/246 1269/1919/246 1274/1920/246
f 1277/1921/246 1279/1922/246 1278/1923/246 1010/1924/246 1017/1925/246
f 1275/1926/246 975/1927/246 976/1928/246 1276/1929/246
f 1010/1535/246 1278/1597/246 1276/1596/246 976/1536/246
f 1280/1600/246 1277/1599/246 1017/1531/246
f 1015/1523/246 1280/1600/246 1017/1531/246
f 1282/1930/246 1281/1931/246 1280/1932/246 1015/1645/246 1016/1644/246
f 1062/1425/246 1287/1685/246 1064/1431/246
f 1057/1435/246 1283/1603/246 1016/1436/246
f 1283/1603/246 1282/1602/246 1016/1436/246
f 1285/1933/246 1284/1934/246 1283/1935/246 1057/1700/246
f 1064/1699/246 1285/1933/246 1057/1700/246
f 1290/1890/186 1264/1899/186 1183/1428/186 1189/1433/186
f 1289/1936/186 1290/1937/186 1189/1702/186 1166/1701/186
f 1247/1888/186 1258/1892/186 1260/1826/186
f 1247/1888/186 1289/1891/186 1166/1440/186 1164/1439/186
f 1264/1938/186 1292/1939/186 1186/1558/186 1183/1557/186
f 1289/1891/186 1247/1888/186 1260/1826/186
f 1298/1940/246 1295/1941/246 1294/1942/246 1293/1943/246
f 1295/1941/286 1297/1944/286 1296/1945/286 1294/1942/286
f 1345/1946/246 1343/1947/246 1346/1948/246 1350/1949/246
f 905/1215/287 903/1217/287 1303/1950/287 1298/1940/287
f 1299/1951/246 1295/1941/246 1298/1940/246 1303/1950/246
f 1307/1952/288 1313/1953/288 1305/1954/288 1304/1955/288
f 903/1217/190 906/1224/190 1306/1956/190 1303/1950/190
f 1304/1955/246 1299/1951/246 1303/1950/246 1306/1956/246
f 906/1224/191 908/1226/191 1308/1957/191 1306/1956/191
f 1307/1952/246 1304/1955/246 1306/1956/246 1308/1957/246
f 908/1226/192 904/1228/192 1311/1958/192 1308/1957/192
f 1311/1958/246 1312/1959/246 1301/1960/246 1309/1961/246
f 904/1228/193 907/1232/193 1312/1959/193 1311/1958/193
f 1310/1962/246 1318/1963/246 1314/1964/246 1313/1965/246
f 1297/1966/246 1317/1967/246 1316/1968/246 1296/1969/246
f 1300/1970/246 1320/1971/246 1317/1967/246 1297/1966/246
f 1302/1972/246 1319/1973/246 1318/1963/246 1310/1962/246
f 1309/1961/289 1310/1974/289 1313/1953/289 1307/1952/289
f 1299/1951/290 1300/1975/290 1297/1944/290 1295/1941/290
f 1301/1960/291 1302/1976/291 1310/1974/291 1309/1961/291
f 1304/1955/292 1305/1954/292 1300/1975/292 1299/1951/292
f 1305/1977/246 1315/1978/246 1320/1971/246 1300/1970/246
f 1324/1979/198 835/1253/198 834/1252/198 1328/1980/198
f 1313/1965/246 1314/1964/246 1315/1978/246 1305/1977/246
f 1317/1967/199 1322/1981/199 1321/1982/199 1316/1968/199
f 1319/1973/200 1324/1983/200 1323/1984/200 1318/1963/200
f 1315/1978/201 1326/1985/201 1325/1986/201 1320/1971/201
f 1314/1964/202 1327/1987/202 1326/1985/202 1315/1978/202
f 1320/1971/203 1325/1986/203 1322/1981/203 1317/1967/203
f 1369/1988/198 913/1264/198 1349/1989/198 1365/1990/198
f 1318/1963/204 1323/1984/204 1327/1987/204 1314/1964/204
f 1335/1991/293 1333/1992/293 1535/1993/293 1536/1994/293 1342/1995/293
f 1336/1996/294 1331/1997/294 1537/1998/294 1538/1999/294 1337/2000/294
f 1538/1999/295 1537/1998/295 1333/1992/295 1335/1991/295
f 1338/2001/208 1332/2002/208 1331/1997/208 1336/1996/208
f 1339/2003/209 1334/2004/209 1329/2005/209 1340/2006/209
f 1340/2006/210 1329/2005/210 1330/2007/210 1341/2008/210
f 1336/1996/246 1324/2009/246 1328/2010/246 1338/2001/246
f 1341/2008/246 1321/2011/246 1322/2012/246 1340/2006/246
f 1339/2003/246 1325/2013/246 1326/2014/246 1342/1995/246
f 1340/2006/246 1322/2012/246 1325/2013/246 1339/2003/246
f 1342/1995/246 1326/2014/246 1327/2015/246 1335/1991/246
f 1335/1991/296 1327/2015/296 1323/2016/296 1538/1999/296
f 1538/2017/212 1323/2018/212 1337/2019/212
f 1337/2000/246 1323/2016/246 1324/2009/246 1336/1996/246
f 1374/2020/213 1385/2021/213 1382/2022/213 1376/2023/213
f 1342/1995/297 1535/1993/297 1334/2004/297 1339/2003/297
f 1345/1946/246 1293/1943/246 1294/1942/246 1343/1947/246
f 1343/1947/298 1294/1942/298 1296/1945/298 1344/2024/298
f 1350/1949/246 1346/1948/246 1351/2025/246 1353/2026/246
f 911/1301/216 1345/1946/216 1350/1949/216 909/1302/216
f 1353/2026/246 1351/2025/246 1354/2027/246 1355/2028/246
f 1354/2027/299 1351/2025/299 1352/2029/299 1360/2030/299
f 909/1302/218 1350/1949/218 1353/2026/218 912/1307/218
f 1355/2028/246 1354/2027/246 1356/2031/246 1358/2032/246
f 912/1307/219 1353/2026/219 1355/2028/219 914/1310/219
f 914/1310/220 1355/2028/220 1358/2032/220 910/1311/220
f 1358/2032/246 1356/2031/246 1348/2033/246 1359/2034/246
f 910/1311/221 1358/2032/221 1359/2034/221 913/1314/221
f 1357/2035/246 1360/2036/246 1361/2037/246 1364/2038/246
f 1344/2039/246 1296/1969/246 1316/1968/246 1363/2040/246
f 1347/2041/246 1344/2039/246 1363/2040/246 1366/2042/246
f 1349/2043/246 1357/2035/246 1364/2038/246 1365/2044/246
f 1356/2031/300 1354/2027/300 1360/2030/300 1357/2045/300
f 1346/1948/301 1343/1947/301 1344/2024/301 1347/2046/301
f 1348/2033/302 1356/2031/302 1357/2045/302 1349/2047/302
f 1351/2025/303 1346/1948/303 1347/2046/303 1352/2029/303
f 1352/2048/246 1347/2041/246 1366/2042/246 1362/2049/246
f 1328/1980/198 834/1252/198 1145/1330/198 1369/1988/198
f 1360/2036/246 1352/2048/246 1362/2049/246 1361/2037/246
f 1363/2040/226 1316/1968/226 1321/1982/226 1367/2050/226
f 1365/2044/227 1364/2038/227 1368/2051/227 1369/2052/227
f 1362/2049/228 1366/2042/228 1370/2053/228 1371/2054/228
f 1361/2037/229 1362/2049/229 1371/2054/229 1372/2055/229
f 1366/2042/230 1363/2040/230 1367/2050/230 1370/2053/230
f 1302/2056/198 907/1339/198 1324/1979/198 1319/2057/198
f 1364/2038/231 1361/2037/231 1372/2055/231 1368/2051/231
f 1378/2058/246 1373/2059/246 1374/2060/246
f 1542/2061/304 1379/2062/304 1377/2063/304 1541/2064/304
f 1382/2022/208 1380/2065/208 1375/2066/208 1376/2023/208
f 1383/2067/233 1384/2068/233 1373/2069/233 1378/2070/233
f 1384/2068/234 1385/2021/234 1374/2020/234 1373/2069/234
f 1540/2071/305 1386/2072/305 1371/2073/305
f 1380/2065/246 1382/2022/246 1328/2010/246 1369/2074/246
f 1385/2021/246 1384/2068/246 1367/2075/246 1321/2011/246
f 1383/2067/306 1540/2076/306 1371/2077/306 1370/2078/306
f 1384/2068/246 1383/2067/246 1370/2078/246 1367/2075/246
f 1386/2079/246 1379/2062/246 1372/2080/246 1371/2077/246
f 1379/2062/307 1542/2061/307 1368/2081/307 1372/2080/307
f 1542/2082/308 1381/2083/308 1368/2084/308
f 1381/2085/246 1380/2065/246 1369/2074/246 1368/2081/246
f 1380/2065/309 1381/2085/309 1542/2061/309 1541/2064/309 1375/2066/309
f 1540/2076/310 1383/2067/310 1378/2070/310 1539/2086/310
f 1345/1946/311 911/1301/311 902/1369/311 1293/1943/311
f 1298/1940/312 1293/1943/312 902/1369/312 905/1215/312
f 1399/2087/246 1588/2088/246 1423/2089/246
f 1400/2090/246 1387/2091/246 1390/2092/246 1389/2093/246 1388/2094/246
f 1394/2095/313 1391/2096/313 1392/2097/313 1393/2098/313
f 1395/2099/314 1396/2100/314 1391/2096/314 1394/2095/314
f 1390/2092/246 1387/2091/246 1588/2088/246 1397/2101/246
f 1397/2101/246 1588/2088/246 1399/2087/246 1398/2102/246
f 1446/2103/315 1607/2104/315 1603/2105/315 1445/2106/315
f 1492/2107/198 1635/2108/198 1633/2109/198 1505/2110/198
f 1402/2111/186 1408/2112/186 1401/2113/186
f 1390/2114/246 1403/2115/246 1404/2116/246 1389/2117/246
f 1403/2115/246 1390/2114/246 1397/2118/246 1409/2119/246
f 1399/2120/247 1466/2121/247 1434/2122/247 1411/2123/247
f 1463/2124/247 1621/2125/247 1622/2126/247 1476/2127/247
f 1486/2128/213 1477/2129/213 1504/2130/213 1414/2131/213
f 1523/2132/316 1629/2133/316 1628/2134/316 1524/2135/316
f 1717/2136/186 1445/2137/186 1447/2138/186
f 1402/2111/186 1716/2139/186 1721/2140/186
f 1402/2111/186 1719/2141/186 1408/2112/186
f 1518/2142/317 1631/2143/317 1406/2144/317 1410/2145/317
f 1524/2135/318 1628/2134/318 1405/2146/318 1407/2147/318
f 1518/2142/319 1410/2145/319 1407/2148/319 1520/2149/319
f 1637/2150/246 1405/2151/246 1406/2144/246 1631/2143/246
f 1513/2152/320 1422/2153/320 1421/2154/320 1479/2155/320
f 1612/2156/246 1420/2157/246 1412/2158/246 1614/2159/246
f 1450/2160/316 1600/2161/316 1599/2162/316 1451/2163/316
f 1515/2164/321 1418/2165/321 1419/2166/321 1512/2167/321
f 1527/2168/322 1417/2169/322 1416/2170/322 1526/2171/322
f 1521/2172/213 1615/2173/213 1420/2174/213 1421/2175/213
f 1513/2152/323 1614/2159/323 1412/2158/323 1422/2153/323
f 1465/2176/198 1623/2177/198 1632/2178/198 1503/2179/198
f 1409/2119/246 1397/2118/246 1398/2180/246 1411/2123/246
f 1398/2180/246 1399/2120/246 1411/2123/246
f 1388/2181/246 1389/2117/246 1404/2116/246
f 1443/2182/256 1605/2183/256 1609/2184/256 1436/2185/256
f 1401/2113/213 1597/2186/213 1690/2187/213 1598/2188/213 1423/2189/213
f 1430/2190/246 1387/2091/246 1400/2090/246
f 1431/2191/246 1488/2192/246 1489/2193/246 1427/2194/246 1426/2195/246 1425/2196/246
f 1427/2194/246 1489/2193/246 1456/2197/246 1491/2198/246 1387/2091/246 1428/2199/246
f 1428/2199/246 1387/2091/246 1430/2190/246 1429/2200/246
f 1509/2201/257 1636/2202/257 1635/2203/257 1492/2204/257
f 1409/2119/258 1056/1489/258 969/1488/258 1403/2115/258
f 1447/2205/324 1611/2206/324 1610/2207/324 1440/2208/324
f 1415/2209/186 1716/2139/186 1413/2210/186
f 1427/2211/246 1435/2212/246 1436/2185/246 1426/2213/246
f 1435/2212/246 1427/2211/246 1428/2214/246 1441/2215/246
f 1423/2216/198 1598/2217/198 1466/2218/198 1399/2219/198
f 1468/2220/260 1044/1508/260 1032/1507/260 1469/2221/260
f 1388/2222/198 1543/2223/198 1424/2224/198 1400/2225/198
f 1458/2226/198 1624/2227/198 1623/2177/198 1465/2176/198
f 1505/2228/261 1633/2229/261 1710/2230/261 1739/2231/261 1634/2232/261 1519/2233/261
f 1402/2111/186 1720/2234/186 1714/2235/186
f 1402/2111/186 1714/2235/186 1716/2139/186
f 1478/2236/317 1620/2237/317 1438/2238/317 1442/2239/317
f 1484/2240/318 1616/2241/318 1437/2242/318 1439/2243/318
f 1478/2236/319 1442/2239/319 1439/2244/319 1480/2245/319
f 1627/2246/246 1437/2247/246 1438/2238/246 1620/2237/246
f 1473/2248/325 1454/2249/325 1453/2250/325 1446/2251/325
f 1607/2252/246 1444/2253/246 1452/2254/246 1626/2255/246
f 1487/2256/323 1485/2257/323 1601/2258/323 1449/2259/323
f 1475/2260/321 1450/2160/321 1451/2163/321 1472/2261/321
f 1487/2256/326 1449/2259/326 1448/2262/326 1486/2263/326
f 1473/2248/323 1626/2255/323 1452/2254/323 1454/2249/323
f 1481/2264/213 1619/2265/213 1444/2266/213 1453/2267/213
f 1519/2268/315 1634/2269/315 1631/2270/315 1518/2271/315
f 1441/2215/246 1428/2214/246 1429/2272/246 1443/2182/246
f 1429/2272/246 1430/2273/246 1443/2182/246
f 1425/2274/246 1426/2213/246 1436/2185/246
f 1436/2185/257 1609/2184/257 1608/2275/257 1425/2274/257
f 1503/2276/247 1632/2277/247 1613/2278/247 1516/2279/247
f 1463/2280/246 1488/2192/246 1431/2191/246
f 1465/2281/246 1457/2282/246 1460/2283/246 1459/2284/246 1458/2285/246
f 1460/2283/246 1457/2282/246 1490/2286/246 1455/2287/246 1528/2288/246 1461/2289/246
f 1461/2289/246 1528/2288/246 1488/2192/246 1463/2280/246 1462/2290/246
f 1411/2123/264 1050/1578/264 1056/1489/264 1409/2119/264
f 1512/2291/318 1511/2292/318 1596/2293/318 1415/2209/318
f 1443/2182/264 998/1583/264 1033/1582/264 1441/2215/264
f 1435/2212/260 1045/1585/260 1043/1584/260 1436/2185/260
f 1442/2294/317 1438/2295/317 1617/2296/317 1483/2297/317
f 1403/2115/260 969/1488/260 963/1590/260 1404/2116/260
f 1464/2298/186 1733/2299/186 1732/2300/186 1731/2301/186 1730/2302/186 1729/2303/186 1728/2304/186 1725/2305/186 1727/2306/186 1726/2307/186 1724/2308/186 1723/2309/186 1717/2136/186 1722/2310/186 1718/2311/186 1715/2312/186 1720/2234/186 1402/2111/186
f 1460/2313/246 1468/2220/246 1469/2221/246 1459/2314/246
f 1468/2220/246 1460/2313/246 1461/2315/246 1474/2316/246
f 1515/2164/317 1510/2317/317 1506/2318/317 1418/2165/317
f 1441/2215/258 1033/1582/258 1045/1585/258 1435/2212/258
f 1431/2319/198 1606/2320/198 1621/2321/198 1463/2322/198
f 1526/2323/213 1525/2324/213 1597/2186/213 1401/2113/213
f 1430/2273/247 1604/2325/247 1605/2183/247 1443/2182/247
f 1736/2326/186 1518/2271/186 1735/2327/186
f 1445/2137/319 1475/2328/319 1472/2329/319 1447/2138/319
f 1451/2163/318 1599/2162/318 1470/2330/318 1472/2261/318
f 1611/2331/246 1470/2332/246 1471/2333/246 1603/2334/246
f 1445/2137/317 1603/2334/317 1471/2333/317 1475/2328/317
f 1448/2262/213 1602/2335/213 1477/2336/213 1486/2263/213
f 1440/2337/323 1610/2338/323 1485/2339/323 1487/2340/323
f 1439/2244/318 1437/2247/318 1627/2246/318 1480/2245/318
f 1442/2294/321 1483/2297/321 1484/2240/321 1439/2243/321
f 1454/2341/326 1482/2342/326 1481/2264/326 1453/2267/326
f 1440/2337/325 1487/2340/325 1486/2128/325 1414/2131/325
f 1504/2130/246 1477/2129/246 1485/2339/246 1610/2338/246
f 1400/2225/198 1424/2224/198 1604/2343/198 1430/2344/198
f 1474/2316/246 1461/2315/246 1462/2345/246 1476/2127/246
f 1462/2345/246 1463/2124/246 1476/2127/246
f 1458/2346/246 1459/2314/246 1469/2221/246
f 1414/2347/315 1504/2348/315 1467/2349/315 1413/2350/315
f 1479/2351/327 1612/2352/327 1620/2353/327 1478/2354/327
f 1503/2355/246 1457/2282/246 1465/2281/246
f 1505/2356/246 1544/2357/246 1494/2358/246 1493/2359/246 1492/2360/246
f 1516/2279/256 1509/2201/256 1009/1655/256 991/1654/256
f 1530/2361/328 1498/2362/328 1497/2363/328 1529/2364/328
f 1498/2362/313 1495/2365/313 1496/2366/313 1497/2363/313
f 1529/2364/329 1497/2363/329 1496/2366/329 1534/2367/329
f 1499/2368/314 1500/2369/314 1495/2365/314 1498/2362/314
f 1532/2370/330 1499/2368/330 1498/2362/330 1530/2361/330
f 1494/2358/246 1544/2357/246 1457/2282/246 1501/2371/246
f 1501/2371/246 1457/2282/246 1503/2355/246 1502/2372/246
f 1508/2373/260 1003/1669/260 1009/1655/260 1509/2201/260
f 1411/2123/256 1404/2116/256 963/1590/256 1050/1578/256
f 1482/2342/331 1618/2374/331 1619/2265/331 1481/2264/331
f 1516/2279/264 991/1654/264 992/1672/264 1514/2375/264
f 1476/2127/256 1469/2221/256 1032/1507/256 996/1673/256
f 1417/2169/331 1432/2376/331 1433/2377/331 1416/2170/331
f 1514/2375/258 992/1672/258 1003/1669/258 1508/2373/258
f 1443/2182/256 1436/2185/256 1043/1584/256 998/1583/256
f 1734/2378/186 1519/2268/186 1518/2271/186 1736/2326/186
f 1494/2379/246 1508/2373/246 1509/2201/246 1493/2380/246
f 1508/2373/246 1494/2379/246 1501/2381/246 1514/2375/246
f 1410/2382/317 1406/2383/317 1629/2133/317 1523/2132/317
f 1474/2316/258 997/1682/258 1044/1508/258 1468/2220/258
f 1476/2127/264 996/1673/264 997/1682/264 1474/2316/264
f 1407/2148/318 1405/2151/318 1637/2150/318 1520/2149/318
f 1472/2329/318 1470/2332/318 1611/2331/318 1447/2138/318
f 1483/2297/316 1617/2296/316 1616/2241/316 1484/2240/316
f 1464/2298/186 1734/2384/186 1736/2385/186
f 1464/2298/186 1736/2385/186 1735/2386/186
f 1464/2298/186 1735/2386/186 1520/2149/186 1733/2299/186
f 1413/2210/319 1515/2387/319 1512/2291/319 1415/2209/319
f 1419/2166/318 1507/2388/318 1511/2389/318 1512/2167/318
f 1413/2210/317 1467/2390/317 1510/2391/317 1515/2387/317
f 1596/2293/246 1511/2292/246 1510/2391/246 1467/2390/246
f 1408/2112/320 1527/2392/320 1526/2323/320 1401/2113/320
f 1416/2170/213 1433/2377/213 1525/2393/213 1526/2171/213
f 1425/2394/198 1608/2395/198 1606/2320/198 1431/2319/198
f 1410/2382/321 1523/2132/321 1524/2135/321 1407/2147/321
f 1422/2396/332 1522/2397/332 1521/2172/332 1421/2175/332
f 1597/2186/246 1525/2324/246 1517/2398/246 1595/2399/246
f 1408/2112/323 1595/2399/323 1517/2398/323 1527/2392/323
f 1520/2400/324 1637/2401/324 1614/2402/324 1513/2403/324
f 1514/2375/246 1501/2381/246 1502/2404/246 1516/2279/246
f 1502/2404/246 1503/2276/246 1516/2279/246
f 1492/2204/246 1493/2380/246 1509/2201/246
f 1476/2127/256 1622/2126/256 1625/2405/256 1469/2221/256
f 1411/2123/256 1434/2122/256 1594/2406/256 1404/2116/256
f 1500/2369/333 1531/2407/333 1533/2408/333 1495/2365/333
f 1495/2365/334 1533/2408/334 1534/2367/334 1496/2366/334
f 1385/2021/246 1321/2011/246 1328/2010/246 1382/2022/246
f 1321/2011/246 1341/2008/246 1338/2001/246 1328/2010/246
f 1379/2062/335 1386/2079/335 1540/2076/335 1539/2086/335 1377/2063/335
f 1341/2008/261 1330/2007/261 1332/2002/261 1338/2001/261
f 1309/1961/246 1307/1952/246 1308/1957/246 1311/1958/246
f 1342/2409/336 1536/2410/336 1535/2411/336
f 1402/2412/208 1090/1714/208 1091/1713/208 1464/2413/208
f 1546/2414/246 1548/2415/246 1549/2416/246 1547/2417/246
f 1394/2095/275 1553/2418/275 1554/2419/275 1395/2099/275
f 1393/2098/276 1552/2420/276 1553/2418/276 1394/2095/276
f 1396/2100/277 1555/2421/277 1550/2422/277 1391/2096/277
f 1391/2096/278 1550/2422/278 1551/2423/278 1392/2097/278
f 1392/2097/258 1551/2423/258 1552/2420/258 1393/2098/258
f 1560/2424/198 1562/2425/198 1557/2426/198 1558/2427/198
f 1559/2428/208 1556/2429/208 1561/2430/208 1563/2431/208
f 1556/2429/246 1557/2426/246 1562/2425/246 1561/2430/246
f 1568/2432/198 1570/2433/198 1565/2434/198 1566/2435/198
f 1567/2436/208 1564/2437/208 1569/2438/208 1571/2439/208
f 1564/2437/246 1565/2434/246 1570/2433/246 1569/2438/246
f 1576/2440/198 1578/2441/198 1573/2442/198 1574/2443/198
f 1575/2444/208 1572/2445/208 1577/2446/208 1579/2447/208
f 1572/2445/246 1573/2442/246 1578/2441/246 1577/2446/246
f 1584/2448/198 1586/2449/198 1581/2450/198 1582/2451/198
f 1583/2452/208 1580/2453/208 1585/2454/208 1587/2455/208
f 1580/2453/246 1581/2450/246 1586/2449/246 1585/2454/246
f 1519/2233/261 1734/2384/261 1464/2298/261 1505/2228/261
f 1464/2456/261 1545/2457/261 1544/2458/261 1505/2459/261
f 1091/1761/261 1134/1764/261 1545/2460/261 1464/2461/261
f 1401/2113/213 1423/2189/213 1402/2111/213
f 1423/2462/213 1588/2463/213 1593/2464/213 1402/2465/213
f 1402/2466/213 1593/2467/213 1144/1771/213 1090/1770/213
f 1544/2468/198 1545/2469/198 1590/2470/198 1457/2471/198
f 1457/2471/198 1590/2470/198 1591/2472/198 1490/2473/198
f 1491/2474/198 1592/2475/198 1589/2476/198 1387/2477/198
f 1387/2477/198 1589/2476/198 1593/2478/198 1588/2479/198
f 1589/2476/198 1136/1786/198 1144/1785/198 1593/2478/198
f 1592/2475/198 913/1264/198 1136/1786/198 1589/2476/198
f 1545/2469/198 1134/1788/198 1142/1787/198 1590/2470/198
f 1590/2470/198 1142/1787/198 1143/1789/198 1591/2472/198
f 907/1339/198 1302/2056/198 1301/2480/198 1312/2481/198
f 1349/1989/198 913/1264/198 1359/2482/198 1348/2483/198
f 1145/1330/198 913/1264/198 1369/1988/198
f 1324/1979/198 907/1339/198 835/1253/198
f 1525/2393/246 1433/2377/246 1432/2376/246 1517/2484/246
f 1594/2406/246 1704/2485/246 1689/2486/246
f 1434/2122/246 1690/2187/246 1697/2487/246 1594/2406/246
f 1594/2406/246 1697/2487/246 1713/2488/246 1700/2489/246
f 1594/2406/246 1700/2489/246 1704/2485/246
f 1511/2389/246 1507/2388/246 1506/2318/246 1510/2317/246
f 1594/2406/246 1689/2486/246 1687/2490/246 1543/2491/246
f 1504/2130/246 1686/2492/246 1687/2490/246
f 1610/2338/246 1694/2493/246 1504/2130/246
f 1504/2130/246 1694/2493/246 1686/2492/246
f 1477/2336/246 1602/2335/246 1601/2258/246 1485/2257/246
f 1609/2184/246 1699/2494/246 1702/2495/246
f 1605/2183/246 1694/2493/246 1693/2496/246 1609/2184/246
f 1609/2184/246 1693/2496/246 1711/2497/246
f 1609/2184/246 1711/2497/246 1699/2494/246
f 1470/2330/246 1599/2162/246 1600/2161/246 1471/2498/246
f 1609/2184/246 1702/2495/246 1688/2499/246 1608/2275/246
f 1626/2255/246 1701/2500/246 1607/2252/246
f 1607/2252/246 1701/2500/246 1688/2499/246
f 1444/2266/246 1619/2265/246 1618/2374/246 1452/2501/246
f 1622/2126/246 1701/2500/246 1705/2502/246 1625/2405/246
f 1625/2405/246 1705/2502/246 1696/2503/246
f 1625/2405/246 1696/2503/246 1703/2504/246
f 1437/2242/246 1616/2241/246 1617/2296/246 1438/2295/246
f 1625/2405/246 1703/2504/246 1692/2505/246 1624/2506/246
f 1612/2507/246 1695/2508/246 1692/2509/246
f 1739/2231/246 1710/2230/246 1707/2510/246
f 1420/2174/246 1615/2173/246 1630/2511/246 1412/2512/246
f 1636/2202/246 1698/2513/246 1685/2514/246
f 1613/2278/246 1708/2515/246 1691/2516/246 1636/2202/246
f 1636/2202/246 1691/2516/246 1709/2517/246
f 1636/2202/246 1709/2517/246 1698/2513/246
f 1405/2146/246 1628/2134/246 1629/2133/246 1406/2383/246
f 1636/2202/246 1685/2514/246 1707/2510/246 1635/2203/246
f 1740/2518/246 1634/2232/246 1739/2231/246
f 1516/2279/256 1613/2278/256 1636/2202/256 1509/2201/256
f 1449/2259/331 1601/2258/331 1602/2335/331 1448/2262/331
f 1522/2397/331 1630/2511/331 1615/2173/331 1521/2172/331
f 1469/2221/257 1625/2405/257 1624/2506/257 1458/2346/257
f 1454/2341/323 1452/2501/323 1618/2374/323 1482/2342/323
f 1404/2116/257 1594/2406/257 1543/2491/257 1388/2181/257
f 1480/2519/324 1627/2520/324 1626/2521/324 1473/2522/324
f 1527/2168/323 1517/2484/323 1432/2376/323 1417/2169/323
f 1453/2250/213 1444/2253/213 1607/2252/213 1446/2251/213
f 1421/2154/213 1420/2157/213 1612/2156/213 1479/2155/213
f 1422/2396/323 1412/2512/323 1630/2511/323 1522/2397/323
f 1418/2165/316 1506/2318/316 1507/2388/316 1419/2166/316
f 1475/2260/317 1471/2498/317 1600/2161/317 1450/2160/317
f 1415/2523/324 1596/2524/324 1595/2525/324 1408/2526/324
f 1650/2527/261 1657/2528/261 1659/2529/261 1653/2530/261
f 1653/2530/337 1659/2529/337 1658/2531/337 1652/2532/337
f 1645/2533/280 1646/2534/280 1648/2535/280 1644/2536/280
f 1644/2536/281 1648/2535/281 1649/2537/281 1647/2538/281
f 1643/2539/337 1649/2537/337 1648/2535/337 1642/2540/337
f 1640/2541/261 1647/2538/261 1649/2537/261 1643/2539/261
f 1654/2542/281 1658/2531/281 1659/2529/281 1657/2528/281
f 1655/2543/280 1656/2544/280 1658/2531/280 1654/2542/280
f 1642/2540/338 1648/2535/338 1646/2534/338 1641/2545/338
f 1641/2545/213 1646/2534/213 1645/2533/213 1638/2546/213
f 1652/2532/338 1658/2531/338 1656/2544/338 1651/2547/338
f 1651/2547/213 1656/2544/213 1655/2543/213 1639/2548/213
f 1661/2549/261 1668/2550/261 1670/2551/261 1664/2552/261
f 1664/2552/337 1670/2551/337 1669/2553/337 1663/2554/337
f 1665/2555/281 1669/2553/281 1670/2551/281 1668/2550/281
f 1666/2556/280 1667/2557/280 1669/2553/280 1665/2555/280
f 1663/2554/338 1669/2553/338 1667/2557/338 1662/2558/338
f 1662/2558/213 1667/2557/213 1666/2556/213 1660/2559/213
f 1674/2560/283 1676/2561/283 1677/2562/283 1675/2563/283
f 1673/2564/339 1677/2562/339 1676/2561/339 1672/2565/339
f 1671/2566/261 1675/2563/261 1677/2562/261 1673/2564/261
f 1674/2560/213 1423/2567/213 1672/2565/213 1676/2561/213
f 1684/2568/261 1680/2569/261 1505/2570/261 1681/2571/261
f 1682/2572/285 1683/2573/285 1684/2568/285 1681/2571/285
f 1680/2569/338 1684/2568/338 1683/2573/338 1679/2574/338
f 1679/2574/213 1683/2573/213 1682/2572/213 1678/2575/213
f 1703/2576/246 1620/2577/246 1612/2507/246
f 1695/2578/246 1623/2579/246 1624/2506/246 1692/2505/246
f 1691/2516/246 1737/2580/246 1738/2581/246 1709/2517/246
f 1690/2187/246 1597/2186/246 1595/2399/246 1697/2487/246
f 1690/2187/246 1434/2122/246 1466/2121/246
f 1711/2497/246 1611/2331/246 1603/2334/246 1699/2494/246
f 1703/2576/246 1612/2507/246 1692/2509/246
f 1708/2515/246 1737/2580/246 1691/2516/246
f 1708/2515/246 1613/2278/246 1632/2277/246 1706/2582/246
f 1704/2583/246 1467/2349/246 1504/2348/246 1689/2584/246
f 1686/2492/246 1424/2585/246 1543/2491/246 1687/2490/246
f 1693/2586/246 1610/2207/246 1611/2206/246 1711/2587/246
f 1701/2500/246 1621/2125/246 1606/2588/246 1688/2499/246
f 1698/2513/246 1712/2589/246 1740/2518/246 1685/2514/246
f 1710/2230/246 1633/2229/246 1635/2203/246 1707/2510/246
f 1689/2486/246 1504/2130/246 1687/2490/246
f 1694/2590/246 1610/2207/246 1693/2586/246
f 1694/2493/246 1605/2183/246 1604/2325/246
f 1696/2503/246 1627/2246/246 1620/2237/246 1703/2504/246
f 1685/2514/246 1740/2518/246 1739/2231/246 1707/2510/246
f 1690/2187/246 1466/2121/246 1598/2188/246
f 1699/2591/246 1603/2105/246 1607/2104/246 1702/2592/246
f 1688/2499/246 1606/2588/246 1608/2275/246
f 1705/2593/246 1626/2521/246 1627/2520/246 1696/2594/246
f 1706/2582/246 1632/2277/246 1623/2579/246 1695/2578/246
f 1700/2489/246 1596/2293/246 1467/2390/246 1704/2485/246
f 1702/2592/246 1607/2104/246 1688/2595/246
f 1701/2596/246 1626/2521/246 1705/2593/246
f 1701/2500/246 1622/2126/246 1621/2125/246
f 1709/2517/246 1738/2581/246 1712/2589/246 1698/2513/246
f 1697/2597/246 1595/2525/246 1596/2524/246 1700/2598/246 1713/2599/246
f 1694/2493/246 1604/2325/246 1424/2585/246 1686/2492/246
f 1717/2136/186 1723/2309/186 1445/2137/186
f 1402/2111/186 1721/2140/186 1719/2141/186
f 1716/2600/186 1415/2523/186 1408/2526/186 1719/2601/186 1721/2602/186
f 1714/2603/186 1720/2604/186 1715/2605/186 1414/2347/186 1413/2350/186
f 1715/2312/186 1718/2311/186 1440/2337/186
f 1715/2312/186 1440/2337/186 1414/2131/186
f 1716/2139/186 1714/2235/186 1413/2210/186
f 1718/2606/186 1722/2607/186 1717/2608/186 1447/2609/186 1440/2610/186
f 1725/2611/186 1480/2612/186 1473/2613/186 1726/2614/186 1727/2615/186
f 1723/2616/186 1724/2617/186 1446/2618/186 1445/2619/186
f 1473/2248/186 1446/2251/186 1724/2308/186 1726/2307/186
f 1728/2304/186 1480/2245/186 1725/2305/186
f 1478/2236/186 1480/2245/186 1728/2304/186
f 1730/2620/186 1479/2351/186 1478/2354/186 1728/2621/186 1729/2622/186
f 1518/2142/186 1520/2149/186 1735/2386/186
f 1513/2152/186 1479/2155/186 1731/2301/186
f 1731/2301/186 1479/2155/186 1730/2302/186
f 1733/2623/186 1513/2403/186 1731/2624/186 1732/2625/186
f 1520/2400/186 1513/2403/186 1733/2623/186
f 1738/2581/246 1637/2150/246 1631/2143/246 1712/2589/246
f 1737/2626/246 1614/2402/246 1637/2401/246 1738/2627/246
f 1695/2578/246 1708/2515/246 1706/2582/246
f 1695/2578/246 1612/2156/246 1614/2159/246 1737/2580/246
f 1712/2628/246 1631/2270/246 1634/2269/246 1740/2629/246
f 1737/2580/246 1708/2515/246 1695/2578/246
o Wall1.001_Cube.003_Cube.030
v 1.707485 0.648245 7.286188
v 1.668831 0.513594 6.753652
v 1.851578 -0.000000 6.608165
v 1.847539 -0.000000 7.421489
v 0.993237 0.770094 7.281594
v 0.993237 0.769015 6.572865
v 1.052785 -0.000000 6.264381
v 1.064558 -0.000000 7.816971
v 1.304165 0.579817 6.688479
v 1.432906 -0.000000 6.549005
v 1.421102 -0.000000 7.570379
v 1.338349 0.648245 7.286188
v 2.083829 -0.000000 7.006688
v 1.761657 0.688149 7.000864
v 0.993237 1.041715 7.004429
v 1.322584 1.018580 7.004429
v 1.741332 0.407078 1.276078
v 1.711367 0.387384 0.706751
v 1.792205 -0.000000 0.435425
v 1.852531 -0.000000 1.401306
v 0.993237 0.770094 1.267865
v 0.993237 0.769015 0.713536
v 1.052785 -0.000000 0.192698
v 1.064558 -0.000000 1.647854
v 1.331065 0.415021 0.674750
v 1.432906 -0.000000 0.322923
v 1.421102 -0.000000 1.480301
v 1.368678 0.407078 1.285218
v 2.108108 -0.000000 0.992959
v 1.803929 0.523352 0.987135
v 0.993237 0.769554 0.990700
v 1.349484 0.581623 0.990700
v 1.064558 -0.000000 1.907765
v 1.015178 0.533183 1.644675
v 1.218710 0.374788 1.512616
v 1.260428 -0.000000 1.702848
v -1.707485 0.648245 7.286188
v -1.668830 0.513595 6.753652
v -1.851578 0.000001 6.608165
v -1.847538 0.000001 7.421489
v -0.993237 0.770095 7.281594
v -0.993237 0.769015 6.572865
v -1.052784 0.000000 6.264381
v -1.064558 0.000000 7.816971
v -1.304164 0.579818 6.688479
v -1.432906 0.000000 6.549005
v -1.421102 0.000000 7.570379
v -1.338348 0.648245 7.286188
v -2.083829 0.000001 7.006688
v -1.761656 0.688149 7.000864
v -0.993237 1.041715 7.004429
v -1.322584 1.018580 7.004429
v -1.741332 0.407078 1.276078
v -1.711367 0.387385 0.706751
v -1.792206 0.000001 0.435425
v -1.852531 0.000001 1.401306
v -0.993237 0.770095 1.267865
v -0.993237 0.769015 0.713536
v -1.052785 0.000000 0.192698
v -1.064559 0.000000 1.647854
v -1.331065 0.415021 0.674750
v -1.432906 0.000000 0.322923
v -1.421102 0.000000 1.480301
v -1.368678 0.407078 1.285218
v -2.108108 0.000001 0.992959
v -1.803929 0.523353 0.987135
v -0.993237 0.769555 0.990700
v -1.349484 0.581624 0.990700
v -1.064559 0.000000 1.907765
v -1.015178 0.533184 1.644675
v -1.218710 0.374788 1.512616
v -1.260428 0.000000 1.702848
vt 0.721767 0.969675
vt 0.721767 0.969675
vt 0.721767 0.969675
vt 0.721767 0.969675
vt 0.721767 0.969675
vt 0.721767 0.969675
vt 0.721767 0.969675
vt 0.721767 0.969675
vt 0.721767 0.969675
vt 0.721767 0.969675
vt 0.721767 0.969675
vt 0.721767 0.969675
vt 0.721767 0.969675
vt 0.721767 0.969675
vt 0.721767 0.969675
vt 0.721767 0.969675
vt 0.721767 0.969675
vt 0.721767 0.969675
vt 0.721767 0.969675
vt 0.721767 0.969675
vt 0.721767 0.969675
vt 0.721767 0.969675
vt 0.721767 0.969675
vt 0.721767 0.969675
vt 0.721767 0.969675
vt 0.721767 0.969675
vt 0.721767 0.969675
vt 0.721767 0.969675
vt 0.721767 0.969675
vt 0.721767 0.969675
vt 0.721767 0.969675
vt 0.721767 0.969675
vt 0.721767 0.969675
vt 0.721767 0.969675
vt 0.721767 0.969675
vt 0.721767 0.969675
vt 0.721767 0.969675
vt 0.721767 0.969675
vt 0.721767 0.969675
vt 0.721767 0.969675
vt 0.721767 0.969675
vt 0.721767 0.969675
vt 0.721767 0.969675
vt 0.721767 0.969675
vt 0.721767 0.969675
vt 0.721767 0.969675
vt 0.721767 0.969675
vt 0.721767 0.969675
vt 0.721767 0.969675
vt 0.721767 0.969675
vt 0.721767 0.969675
vt 0.721767 0.969675
vt 0.721767 0.969675
vt 0.721767 0.969675
vt 0.721767 0.969675
vt 0.721767 0.969675
vt 0.721767 0.969675
vt 0.721767 0.969675
vt 0.721767 0.969675
vt 0.721767 0.969675
vt 0.721767 0.969675
vt 0.721767 0.969675
vt 0.721767 0.969675
vt 0.721767 0.969675
vt 0.721767 0.969675
vt 0.721767 0.969675
vt 0.721767 0.969675
vt 0.721767 0.969675
vt 0.721767 0.969675
vt 0.721767 0.969675
vt 0.721767 0.969675
vt 0.721767 0.969675
vn 0.8623 0.3381 0.3770
vn 0.5392 0.3323 -0.7739
vn 0.3588 0.4959 0.7908
vn 0.3421 0.6764 -0.6522
vn 0.3504 0.5982 -0.7207
vn 0.1736 0.3301 0.9279
vn 0.1740 0.2945 -0.9397
vn 0.3130 0.7593 0.5705
vn 0.1352 0.6525 0.7456
vn 0.7785 0.3847 -0.4959
vn -0.0000 -1.0000 -0.0000
vn 0.7984 0.4175 0.4339
vn 0.3786 0.5820 -0.7197
vn 0.6519 0.6316 0.4196
vn 0.5898 0.7723 -0.2360
vn 0.1063 0.8786 -0.4656
vn 0.1007 0.3817 0.9188
vn 0.1717 0.6283 -0.7587
vn 0.0697 0.8907 0.4492
vn 0.5837 0.7820 0.2184
vn 0.7687 0.4558 -0.4487
vn 0.6798 0.3811 0.6266
vn 0.7552 0.3607 0.5473
vn -0.8623 0.3381 0.3770
vn -0.5392 0.3323 -0.7739
vn -0.3588 0.4959 0.7908
vn -0.3421 0.6764 -0.6522
vn -0.3504 0.5982 -0.7207
vn -0.1736 0.3301 0.9279
vn -0.1740 0.2945 -0.9397
vn -0.3130 0.7593 0.5705
vn -0.1352 0.6525 0.7456
vn -0.7785 0.3847 -0.4959
vn -0.7984 0.4175 0.4339
vn -0.3786 0.5820 -0.7197
vn -0.6519 0.6316 0.4196
vn -0.5898 0.7723 -0.2360
vn -0.1063 0.8786 -0.4656
vn -0.1007 0.3817 0.9188
vn -0.1717 0.6283 -0.7587
vn -0.0697 0.8907 0.4492
vn -0.5837 0.7820 0.2184
vn -0.7687 0.4558 -0.4487
vn -0.6798 0.3811 0.6266
vn -0.7552 0.3607 0.5473
usemtl Medieval
s off
f 1753/2630/340 1754/2631/340 1741/2632/340 1744/2633/340
f 1749/2634/341 1750/2635/341 1747/2636/341 1746/2637/341
f 1751/2638/342 1752/2639/342 1745/2640/342 1748/2641/342
f 1756/2642/343 1749/2634/343 1746/2637/343 1755/2643/343
f 1754/2631/344 1742/2644/344 1749/2634/344 1756/2642/344
f 1744/2633/345 1741/2632/345 1752/2639/345 1751/2638/345
f 1742/2644/346 1743/2645/346 1750/2635/346 1749/2634/346
f 1741/2632/347 1754/2631/347 1756/2642/347 1752/2639/347
f 1752/2639/348 1756/2642/348 1755/2643/348 1745/2640/348
f 1743/2645/349 1742/2644/349 1754/2631/349 1753/2630/349
f 1753/2630/350 1744/2633/350 1743/2645/350
f 1751/2638/350 1750/2635/350 1743/2645/350 1744/2633/350
f 1750/2635/350 1751/2638/350 1748/2641/350 1747/2636/350
f 1769/2646/351 1770/2647/351 1757/2648/351 1760/2649/351
f 1765/2650/352 1766/2651/352 1763/2652/352 1762/2653/352
f 1768/2654/353 1761/2655/353 1774/2656/353 1775/2657/353
f 1772/2658/354 1765/2650/354 1762/2653/354 1771/2659/354
f 1770/2647/355 1758/2660/355 1765/2650/355 1772/2658/355
f 1760/2649/356 1757/2648/356 1768/2654/356 1767/2661/356
f 1758/2660/357 1759/2662/357 1766/2651/357 1765/2650/357
f 1757/2648/358 1770/2647/358 1772/2658/358 1768/2654/358
f 1768/2654/359 1772/2658/359 1771/2659/359 1761/2655/359
f 1759/2662/360 1758/2660/360 1770/2647/360 1769/2646/360
f 1769/2646/350 1760/2649/350 1759/2662/350
f 1767/2661/350 1766/2651/350 1759/2662/350 1760/2649/350
f 1766/2651/350 1767/2661/350 1764/2663/350 1763/2652/350
f 1776/2664/361 1775/2657/361 1774/2656/361 1773/2665/361
f 1767/2661/362 1768/2654/362 1775/2657/362 1776/2664/362
f 1764/2663/350 1767/2661/350 1776/2664/350 1773/2665/350
f 1789/2666/363 1780/2667/363 1777/2668/363 1790/2669/363
f 1785/2670/364 1782/2671/364 1783/2672/364 1786/2673/364
f 1787/2674/365 1784/2675/365 1781/2676/365 1788/2677/365
f 1792/2678/366 1791/2679/366 1782/2671/366 1785/2670/366
f 1790/2669/367 1792/2678/367 1785/2670/367 1778/2680/367
f 1780/2667/368 1787/2674/368 1788/2677/368 1777/2668/368
f 1778/2680/369 1785/2670/369 1786/2673/369 1779/2681/369
f 1777/2668/370 1788/2677/370 1792/2678/370 1790/2669/370
f 1788/2677/371 1781/2676/371 1791/2679/371 1792/2678/371
f 1779/2681/372 1789/2666/372 1790/2669/372 1778/2680/372
f 1789/2666/350 1779/2681/350 1780/2667/350
f 1787/2674/350 1780/2667/350 1779/2681/350 1786/2673/350
f 1786/2673/350 1783/2672/350 1784/2675/350 1787/2674/350
f 1805/2682/373 1796/2683/373 1793/2684/373 1806/2685/373
f 1801/2686/374 1798/2687/374 1799/2688/374 1802/2689/374
f 1804/2690/375 1811/2691/375 1810/2692/375 1797/2693/375
f 1808/2694/376 1807/2695/376 1798/2687/376 1801/2686/376
f 1806/2685/377 1808/2694/377 1801/2686/377 1794/2696/377
f 1796/2683/378 1803/2697/378 1804/2690/378 1793/2684/378
f 1794/2696/379 1801/2686/379 1802/2689/379 1795/2698/379
f 1793/2684/380 1804/2690/380 1808/2694/380 1806/2685/380
f 1804/2690/381 1797/2693/381 1807/2695/381 1808/2694/381
f 1795/2698/382 1805/2682/382 1806/2685/382 1794/2696/382
f 1805/2682/350 1795/2698/350 1796/2683/350
f 1803/2697/350 1796/2683/350 1795/2698/350 1802/2689/350
f 1802/2689/350 1799/2688/350 1800/2699/350 1803/2697/350
f 1812/2700/383 1809/2701/383 1810/2692/383 1811/2691/383
f 1803/2697/384 1812/2700/384 1811/2691/384 1804/2690/384
f 1800/2699/350 1809/2701/350 1812/2700/350 1803/2697/350
o Wall3_Cube.003_Cube.010
v 1.069991 0.000000 -1.999053
v 1.069991 3.402719 -1.610785
v 1.069991 3.132251 -1.317097
v 1.069991 2.193861 -1.240015
v 1.516660 1.177829 -0.790222
v 1.094431 2.540751 -0.912549
v 1.091593 2.539518 -1.089792
v 1.511619 1.175644 -1.204735
v 1.759706 0.029024 -1.241411
v 1.764023 0.029078 -0.746207
v 1.069991 2.196912 -0.771904
v 1.069991 3.136184 -0.698605
v 1.069991 3.402719 -0.405342
v 1.069991 3.402719 -1.999053
v 0.866583 3.934202 0.000000
v 0.866583 3.458668 -0.000056
v 1.069991 2.564195 -1.088500
v 1.069991 3.402312 -1.089957
v 0.866582 3.934841 -0.502085
v 1.069991 2.565415 -0.913951
v 1.069991 3.403564 -0.915330
v 0.866582 3.929702 -1.503510
v 0.866582 3.928622 -1.999053
v 0.866582 3.932782 -1.002954
v 0.866767 4.292350 0.000000
v 0.852032 4.293097 -0.502164
v 0.833285 4.288064 -1.503608
v 0.840622 4.291156 -1.003043
v 1.369991 4.291701 -0.502341
v 1.069991 3.402719 -3.611733
v 1.069991 3.132252 -3.318044
v 1.069991 2.193862 -3.240962
v 1.069991 2.196912 -2.772851
v 1.069991 3.136184 -2.699552
v 1.069991 3.402719 -2.406289
v 1.069991 3.402719 -4.000000
v 1.369991 3.402719 -0.405342
v 1.369991 3.928582 -1.503712
v 1.369991 4.286930 -1.503813
v 0.000001 3.402312 -1.089957
v 1.069991 2.564195 -3.089447
v 1.069991 3.402312 -3.090904
v 0.000001 2.564194 -1.088500
v 0.866583 3.934841 -2.503032
v 1.069991 2.565415 -2.914898
v 1.069991 3.403565 -2.916277
v 0.866582 3.929703 -3.504458
v 0.866582 3.928622 -4.000000
v 0.866582 3.932783 -3.003901
v 0.866767 4.292350 -1.999053
v 0.852032 4.293098 -2.503111
v 0.833285 4.288064 -3.504555
v 0.840622 4.291157 -3.003990
v 1.069991 0.000000 -3.909392
v 1.069991 -0.000000 -1.242339
v 1.069991 0.000001 -6.000947
v 1.069991 3.402719 -5.612680
v 1.069991 3.132252 -5.318991
v 1.069991 2.193862 -5.241909
v 0.000000 3.403565 -6.918171
v 0.000000 2.565415 -6.916792
v 1.069991 2.196913 -4.773798
v 1.069991 3.136184 -4.700499
v 1.069991 3.402719 -4.407237
v 0.000001 3.403565 -4.917224
v 0.000000 2.565415 -4.915845
v 0.000001 3.403564 -2.916277
v 0.866582 3.458668 -8.000000
v 1.069991 3.402719 -6.000947
v 1.369991 3.402719 -1.610785
v 1.369991 3.927468 -1.999053
v 0.000000 2.564195 -7.091341
v 1.069991 2.564195 -5.090394
v 1.069991 3.402313 -5.091851
v 0.000000 3.402313 -7.092798
v 0.866582 3.934841 -4.503979
v 1.069991 2.565415 -4.915845
v 1.069991 3.403565 -4.917224
v 0.866582 3.929703 -5.505405
v 0.866582 3.928622 -6.000947
v 0.866582 3.932783 -5.004848
v 0.866767 4.292350 -4.000000
v 0.852032 4.293098 -4.504058
v 0.833285 4.288064 -5.505502
v 0.840622 4.291157 -5.004938
v 1.000751 2.539518 -1.089792
v 1.000751 2.540751 -0.912550
v 1.000751 1.177829 -0.790222
v 1.069991 -0.000000 -0.745092
v 1.069991 -0.000000 -0.000056
v 1.069991 3.402720 -7.613627
v 1.069991 3.132252 -7.319938
v 1.069991 2.193862 -7.242856
v 0.000001 3.402312 -5.091851
v 0.000000 2.565415 -2.914898
v 1.516660 1.177830 -6.793063
v 1.094431 2.540752 -6.915390
v 1.091593 2.539519 -7.092633
v 1.511619 1.175645 -7.207577
v 1.759706 0.029025 -7.244252
v 1.764023 0.029079 -6.749047
v 1.069991 2.196913 -6.774745
v 1.069991 3.136184 -6.701446
v 1.069991 3.402719 -6.408184
v 0.000001 3.402312 -3.090904
v 0.000000 2.564195 -5.090394
v 0.000000 2.564195 -3.089447
v 1.369991 4.290039 -1.003234
v 1.369991 3.403564 -0.915330
v 1.369991 3.402719 -1.999053
v 0.000001 3.403564 -0.915330
v 1.069991 2.564196 -7.091341
v 1.069991 3.402313 -7.092798
v 0.000001 2.565414 -0.913951
v 0.866583 3.934842 -6.504926
v 1.069991 2.565416 -6.916792
v 1.069991 3.403565 -6.918171
v 0.866582 3.929703 -7.506352
v 0.866582 3.928623 -8.000000
v 0.866583 3.932783 -7.005795
v 0.866767 4.292351 -6.000947
v 0.852032 4.293098 -6.505005
v 0.833285 4.288064 -7.506449
v 0.840623 4.291157 -7.005885
v 1.000751 1.175645 -1.204735
v 0.819051 2.540005 -7.092546
v 0.866771 1.176516 -7.207422
v 1.069991 0.000001 -6.747794
v 1.069991 0.000001 -7.245035
v 0.871754 1.178674 -6.792913
v 0.821872 2.541231 -6.915306
v 1.369991 4.290699 0.000000
v 1.069991 0.000001 -8.000000
v 0.566582 0.000001 -8.000000
v 0.000001 3.458668 0.000000
v 0.000000 3.458668 -8.000000
v 1.516660 1.177829 -2.789411
v 1.094431 2.540751 -2.911739
v 1.091593 2.539518 -3.088981
v 1.511619 1.175644 -3.203924
v 1.759705 0.029024 -3.240600
v 1.764023 0.029078 -2.745396
v 1.069991 -0.000000 -3.241528
v 1.000750 2.539518 -3.088981
v 1.000750 2.540751 -2.911739
v 1.000750 1.177829 -2.789411
v 1.069991 -0.000000 -2.744282
v 1.000750 1.175645 -3.203924
v 1.516660 1.177829 -4.795042
v 1.094431 2.540751 -4.917369
v 1.091592 2.539518 -5.094612
v 1.511619 1.175644 -5.209555
v 1.759705 0.029024 -5.246231
v 1.764023 0.029078 -4.751027
v 1.069991 -0.000000 -5.247159
v 1.000750 2.539518 -5.094612
v 1.000750 2.540751 -4.917370
v 1.000750 1.177829 -4.795042
v 1.069991 -0.000000 -4.749912
v 1.000750 1.175645 -5.209555
v -0.000000 0.000001 -8.000000
v 0.000000 0.000000 -1.999053
v 0.000000 0.000000 0.000000
v 0.566582 0.000000 -1.999053
v 0.566583 0.000000 -3.909392
v 0.566583 0.000001 -6.000947
v 0.566583 -0.000000 -0.000056
v 0.000000 0.000000 -3.909392
v -0.000000 0.000001 -6.000947
v 1.369991 3.402312 -1.089957
v 1.369991 3.933464 -0.502259
v 1.369991 3.931685 -1.003142
v 1.369991 3.932572 0.000000
v 1.369991 3.402719 0.000000
v 1.369991 4.290040 -3.004181
v 1.369991 4.286931 -3.504760
v 1.369991 4.291701 -2.503289
v 1.369991 4.290699 -1.999053
v 1.369991 3.928583 -3.504659
v 1.369991 3.402719 -2.406290
v 1.369991 3.403565 -2.916277
v 1.369991 3.402719 -4.000000
v 1.369991 3.927468 -4.000000
v 1.369991 3.402719 -3.611733
v 1.369991 3.402312 -3.090904
v 1.369991 3.933464 -2.503206
v 1.369991 3.931686 -3.004090
v 1.369991 4.290040 -5.005128
v 1.369991 4.286931 -5.505707
v 1.369991 4.291701 -4.504235
v 1.369991 4.290700 -4.000000
v 1.369991 3.928583 -5.505606
v 1.369991 3.402719 -4.407237
v 1.369991 3.403565 -4.917224
v 1.369991 3.402719 -6.000947
v 1.369991 3.927468 -6.000947
v 1.369991 3.402719 -5.612680
v 1.369991 3.402313 -5.091851
v 1.369991 3.933464 -4.504153
v 1.369991 3.931686 -5.005037
v 1.369991 4.290040 -7.006075
v 1.369991 4.286931 -7.506654
v 1.369991 4.291702 -6.505183
v 1.369991 4.290700 -6.000947
v 1.369991 3.928583 -7.506553
v 1.369991 3.402719 -6.408184
v 1.369991 3.403565 -6.918171
v 1.369991 3.402719 -8.000000
v 1.369991 3.927469 -8.000000
v 1.369991 3.402720 -7.613627
v 1.369991 3.402313 -7.092798
v 1.369991 3.933465 -6.505101
v 1.369991 3.931686 -7.005984
v 1.069991 3.402719 -1.694031
v 1.069991 3.402719 -3.691466
v 1.069991 3.402719 -2.331126
v 1.280577 3.402719 -1.694031
v 1.280577 3.402719 -2.004982
v 1.280577 3.402719 -2.331126
v 1.069991 2.798869 -2.004982
v 1.069991 2.856294 -1.694031
v 1.097104 2.856294 -1.694031
v 1.069991 2.856294 -2.331126
v 1.097104 2.798869 -2.004982
v 1.097105 2.856294 -2.331126
v 1.069991 3.402719 -4.328560
v 1.280577 3.402719 -3.691466
v 1.280577 3.402719 -4.002417
v 1.280577 3.402719 -4.328560
v 1.069991 2.798869 -4.002417
v 1.069991 2.856294 -3.691466
v 1.097104 2.856294 -3.691466
v 1.069991 2.856294 -4.328560
v 1.097104 2.798869 -4.002417
v 1.097105 2.856294 -4.328560
v 1.069991 3.402719 -5.691849
v 1.069991 3.402719 -6.328943
v 1.280577 3.402719 -5.691849
v 1.280577 3.402719 -6.002800
v 1.280577 3.402719 -6.328943
v 1.069991 2.798869 -6.002800
v 1.069991 2.856294 -5.691849
v 1.097104 2.856294 -5.691849
v 1.069991 2.856294 -6.328943
v 1.097104 2.798869 -6.002800
v 1.097105 2.856294 -6.328943
v 1.069991 3.402719 -7.687087
v 1.280577 3.402719 -0.000056
v 1.280577 3.402719 -7.687087
v 1.280577 3.402719 -8.000000
v 1.069991 2.798869 -8.000000
v 1.069991 2.856294 -7.687087
v 1.097104 2.856294 -7.687087
v 1.069991 3.402719 -0.326369
v 1.097104 2.798869 -8.000000
v 1.069991 3.402719 -8.000000
v 1.280577 3.402719 -0.326369
v 1.069991 2.798869 -0.000056
v 1.069991 3.402719 -0.000056
v 1.069991 2.856294 -0.326369
v 1.097104 2.798869 -0.000056
v 1.097104 2.856294 -0.326369
v 1.369991 3.722070 -3.644690
v 1.369991 3.798654 -6.000947
v 1.369991 3.788599 -2.537935
v 1.369991 3.809186 -4.558201
v 1.369991 3.737372 -5.801297
v 1.369991 3.875285 -1.999053
v 1.369991 3.808226 -4.956952
v 1.369991 3.790638 -0.964011
v 1.369991 3.788725 -7.796125
v 1.369991 3.789325 -6.653622
v 1.369991 3.796374 -3.509941
v 1.369991 3.875944 -0.515993
v 1.369991 3.810607 -1.531556
v 1.369991 3.825601 -7.555213
v 1.369991 3.793611 -5.535473
v 1.369991 3.752714 -3.894855
v 1.369991 3.777565 -2.952660
v 1.369991 3.826866 -4.000000
v 1.369991 3.846132 -8.000000
v 1.369991 3.807379 -6.983325
v 1.369991 3.777461 -1.742086
v 1.369991 3.775799 -4.757576
v 1.369991 3.799607 -0.740002
v 0.866582 3.724472 -2.262407
v 0.866582 3.710375 -6.151989
v 0.866582 3.829080 -0.753813
v 0.866583 3.865985 -0.946732
v 0.866583 3.732607 -0.000024
v 0.866582 3.849439 -0.530874
v 0.866582 3.703775 -8.000000
v 0.859307 4.113969 -0.502124
v 0.866675 4.227359 0.000000
v 1.369991 4.192301 -0.502300
v 1.369991 4.148099 0.000000
v 0.849934 4.168009 -1.503559
v 0.853602 4.111969 -1.002998
v 1.369991 4.202543 -1.003188
v 1.369991 4.192939 -1.503762
v 0.859307 4.182745 -2.503072
v 0.866674 4.110486 -1.999053
v 1.369991 4.112583 -2.503247
v 1.369991 4.109084 -1.999053
v 0.849934 4.225876 -3.504506
v 0.853603 4.199697 -3.003946
v 1.369991 4.175419 -3.504709
v 1.369991 4.110863 -3.004135
v 0.859307 4.099632 -4.504018
v 0.866674 4.160095 -4.000000
v 1.369991 4.139646 -4.504194
v 1.369991 4.164723 -4.000000
v 0.849934 4.146497 -5.505454
v 0.853602 4.149583 -5.004893
v 1.369991 4.145370 -5.505657
v 1.369991 4.198102 -5.005083
v 0.859307 4.113970 -6.504966
v 0.866674 4.110487 -6.000947
v 1.369991 4.148337 -6.505160
v 1.369991 4.190880 -6.000947
v 0.849934 4.160587 -7.506401
v 0.847290 4.199111 -7.005861
v 1.369991 4.162592 -7.506619
v 1.369991 4.110863 -7.006030
v 1.369991 4.169008 -0.251150
v 1.369991 4.110833 -2.251150
v 1.369991 4.073754 -4.252097
v 1.369991 4.108792 -1.336904
v 1.369991 4.201508 -1.170046
v 0.851768 4.191919 -1.253279
v 0.852380 4.110941 -3.119410
v 0.851157 4.155982 -3.337653
v 1.369991 4.054497 -3.157915
v 1.118333 4.059477 -4.000000
v 1.369991 4.135167 -5.188080
v 1.032871 4.103835 -5.505525
v 0.852342 4.105839 -5.176925
v 1.369991 4.192462 -6.336514
v 1.369991 4.129826 -6.168447
v 0.862991 4.062387 -6.252956
v 1.369991 4.093974 -7.256324
v 0.848612 4.153997 -7.256131
v -1.069991 0.000000 -1.999053
v -1.069989 3.402719 -1.610785
v -1.069990 3.132252 -1.317097
v -1.069990 2.193862 -1.240015
v -1.516660 1.177829 -0.790222
v -1.094430 2.540752 -0.912549
v -1.091591 2.539518 -1.089792
v -1.511619 1.175645 -1.204735
v -1.759705 0.029024 -1.241411
v -1.764023 0.029078 -0.746207
v -1.069990 2.196912 -0.771904
v -1.069990 3.136184 -0.698605
v -1.069989 3.402719 -0.405342
v -1.069990 3.402719 -1.999053
v -0.866581 3.934203 0.000000
v -0.866581 3.458669 -0.000056
v -1.069990 2.564195 -1.088500
v -1.069989 3.402312 -1.089957
v -0.866581 3.934841 -0.502085
v -1.069990 2.565415 -0.913951
v -1.069989 3.403565 -0.915330
v -0.866581 3.929703 -1.503510
v -0.866581 3.928622 -1.999053
v -0.866581 3.932783 -1.002954
v -0.866765 4.292350 0.000000
v -0.852031 4.293097 -0.502164
v -0.833283 4.288064 -1.503608
v -0.840621 4.291156 -1.003043
v -1.369989 4.291701 -0.502341
v -1.069990 3.402719 -3.611733
v -1.069990 3.132252 -3.318044
v -1.069990 2.193862 -3.240961
v -1.069990 2.196913 -2.772851
v -1.069990 3.136184 -2.699552
v -1.069990 3.402719 -2.406289
v -1.069990 3.402719 -4.000000
v -1.369989 3.402719 -0.405342
v -1.369989 3.928583 -1.503712
v -1.369989 4.286930 -1.503813
v -1.069990 2.564195 -3.089446
v -1.069990 3.402313 -3.090904
v -0.866581 3.934842 -2.503032
v -1.069990 2.565415 -2.914898
v -1.069990 3.403565 -2.916277
v -0.866581 3.929703 -3.504457
v -0.866581 3.928622 -4.000000
v -0.866581 3.932783 -3.003901
v -0.866765 4.292350 -1.999053
v -0.852031 4.293098 -2.503111
v -0.833283 4.288064 -3.504555
v -0.840621 4.291157 -3.003990
v -1.069991 0.000001 -3.909392
v -1.069991 0.000000 -1.242339
v -1.069991 0.000001 -6.000947
v -1.069990 3.402720 -5.612680
v -1.069990 3.132252 -5.318991
v -1.069990 2.193863 -5.241909
v -1.069990 2.196913 -4.773798
v -1.069990 3.136185 -4.700499
v -1.069990 3.402719 -4.407237
v -0.866582 3.458669 -8.000000
v -1.069990 3.402719 -6.000947
v -1.369989 3.402719 -1.610785
v -1.369989 3.927468 -1.999053
v -1.069990 2.564196 -5.090394
v -1.069990 3.402313 -5.091851
v -0.866581 3.934842 -4.503979
v -1.069990 2.565416 -4.915845
v -1.069990 3.403566 -4.917224
v -0.866581 3.929703 -5.505405
v -0.866581 3.928623 -6.000947
v -0.866581 3.932784 -5.004848
v -0.866765 4.292350 -4.000000
v -0.852031 4.293098 -4.504058
v -0.833284 4.288064 -5.505502
v -0.840621 4.291157 -5.004938
v -1.000749 2.539518 -1.089792
v -1.000749 2.540752 -0.912550
v -1.000750 1.177829 -0.790222
v -1.069991 0.000000 -0.745092
v -1.069991 0.000000 -0.000056
v -1.069990 3.402720 -7.613627
v -1.069990 3.132253 -7.319938
v -1.069990 2.193863 -7.242856
v -1.516660 1.177830 -6.793063
v -1.094430 2.540753 -6.915390
v -1.091592 2.539519 -7.092633
v -1.511619 1.175646 -7.207577
v -1.759706 0.029025 -7.244252
v -1.764023 0.029079 -6.749047
v -1.069990 2.196913 -6.774745
v -1.069990 3.136185 -6.701446
v -1.069990 3.402720 -6.408184
v -1.369989 4.290039 -1.003234
v -1.369989 3.403565 -0.915330
v -1.369990 3.402719 -1.999053
v -1.069990 2.564196 -7.091341
v -1.069990 3.402313 -7.092798
v -0.866581 3.934842 -6.504926
v -1.069990 2.565416 -6.916792
v -1.069990 3.403566 -6.918171
v -0.866581 3.929703 -7.506352
v -0.866581 3.928623 -8.000000
v -0.866581 3.932784 -7.005795
v -0.866765 4.292351 -6.000947
v -0.852031 4.293098 -6.505005
v -0.833284 4.288064 -7.506449
v -0.840621 4.291157 -7.005885
v -1.000750 1.175645 -1.204735
v -0.819050 2.540005 -7.092546
v -0.866770 1.176516 -7.207422
v -1.069991 0.000001 -6.747794
v -1.069991 0.000001 -7.245035
v -0.871754 1.178674 -6.792913
v -0.821871 2.541231 -6.915306
v -1.369989 4.290699 0.000000
v -1.069991 0.000001 -8.000000
v -0.566583 0.000001 -8.000000
v -1.516660 1.177829 -2.789411
v -1.094430 2.540752 -2.911739
v -1.091592 2.539518 -3.088981
v -1.511619 1.175645 -3.203924
v -1.759705 0.029024 -3.240600
v -1.764023 0.029078 -2.745396
v -1.069991 0.000000 -3.241528
v -1.000749 2.539518 -3.088981
v -1.000749 2.540752 -2.911739
v -1.000750 1.177829 -2.789411
v -1.069991 0.000000 -2.744282
v -1.000750 1.175645 -3.203924
v -1.516660 1.177829 -4.795042
v -1.094430 2.540752 -4.917369
v -1.091592 2.539518 -5.094612
v -1.511619 1.175645 -5.209555
v -1.759705 0.029024 -5.246231
v -1.764023 0.029078 -4.751026
v -1.069991 0.000000 -5.247159
v -1.000750 2.539518 -5.094612
v -1.000750 2.540752 -4.917370
v -1.000750 1.177829 -4.795042
v -1.069991 0.000000 -4.749912
v -1.000750 1.175645 -5.209555
v -0.566582 0.000000 -1.999053
v -0.566583 0.000001 -3.909392
v -0.566583 0.000001 -6.000947
v -0.566582 0.000000 -0.000056
v -1.369989 3.402312 -1.089957
v -1.369989 3.933464 -0.502259
v -1.369989 3.931686 -1.003142
v -1.369989 3.932572 0.000000
v -1.369989 3.402719 0.000000
v -1.369989 4.290040 -3.004181
v -1.369989 4.286931 -3.504760
v -1.369989 4.291701 -2.503288
v -1.369989 4.290699 -1.999053
v -1.369989 3.928583 -3.504659
v -1.369990 3.402719 -2.406289
v -1.369990 3.403565 -2.916277
v -1.369990 3.402719 -4.000000
v -1.369990 3.927469 -4.000000
v -1.369990 3.402719 -3.611733
v -1.369990 3.402313 -3.090904
v -1.369989 3.933464 -2.503206
v -1.369989 3.931686 -3.004089
v -1.369990 4.290040 -5.005128
v -1.369990 4.286931 -5.505707
v -1.369990 4.291701 -4.504235
v -1.369990 4.290700 -4.000000
v -1.369990 3.928583 -5.505606
v -1.369990 3.402719 -4.407237
v -1.369990 3.403566 -4.917224
v -1.369990 3.402719 -6.000947
v -1.369990 3.927469 -6.000947
v -1.369990 3.402720 -5.612679
v -1.369990 3.402313 -5.091850
v -1.369990 3.933465 -4.504153
v -1.369990 3.931687 -5.005036
v -1.369990 4.290040 -7.006075
v -1.369990 4.286931 -7.506654
v -1.369990 4.291702 -6.505183
v -1.369990 4.290700 -6.000947
v -1.369990 3.928584 -7.506553
v -1.369990 3.402720 -6.408184
v -1.369990 3.403566 -6.918171
v -1.369990 3.402720 -8.000000
v -1.369990 3.927469 -8.000000
v -1.369990 3.402720 -7.613627
v -1.369990 3.402313 -7.092798
v -1.369990 3.933465 -6.505101
v -1.369990 3.931687 -7.005984
v -1.069990 3.402719 -1.694031
v -1.069990 3.402719 -3.691466
v -1.069990 3.402719 -2.331126
v -1.280575 3.402719 -1.694031
v -1.280575 3.402719 -2.004982
v -1.280576 3.402719 -2.331126
v -1.069990 2.798869 -2.004982
v -1.069990 2.856295 -1.694031
v -1.097103 2.856295 -1.694031
v -1.069990 2.856295 -2.331126
v -1.097103 2.798869 -2.004982
v -1.097103 2.856295 -2.331126
v -1.069990 3.402719 -4.328560
v -1.280576 3.402719 -3.691466
v -1.280576 3.402719 -4.002417
v -1.280576 3.402719 -4.328560
v -1.069990 2.798869 -4.002417
v -1.069990 2.856295 -3.691466
v -1.097103 2.856295 -3.691466
v -1.069990 2.856295 -4.328560
v -1.097103 2.798869 -4.002417
v -1.097104 2.856295 -4.328560
v -1.069990 3.402719 -5.691849
v -1.069990 3.402719 -6.328943
v -1.280576 3.402719 -5.691849
v -1.280576 3.402719 -6.002800
v -1.280576 3.402719 -6.328943
v -1.069990 2.798869 -6.002800
v -1.069990 2.856295 -5.691849
v -1.097104 2.856295 -5.691849
v -1.069990 2.856295 -6.328943
v -1.097104 2.798869 -6.002800
v -1.097104 2.856295 -6.328943
v -1.069990 3.402719 -7.687087
v -1.280575 3.402719 -0.000056
v -1.280576 3.402719 -7.687087
v -1.280576 3.402719 -8.000000
v -1.069990 2.798869 -8.000000
v -1.069990 2.856295 -7.687087
v -1.097104 2.856295 -7.687087
v -1.069989 3.402719 -0.326369
v -1.097104 2.798869 -8.000000
v -1.069990 3.402719 -8.000000
v -1.280575 3.402719 -0.326369
v -1.069989 2.798869 -0.000056
v -1.069989 3.402719 -0.000056
v -1.069990 2.856295 -0.326369
v -1.097103 2.798869 -0.000056
v -1.097103 2.856295 -0.326369
v -1.369990 3.722071 -3.644690
v -1.369990 3.798654 -6.000947
v -1.369990 3.788600 -2.537935
v -1.369990 3.809186 -4.558201
v -1.369990 3.737373 -5.801297
v -1.369989 3.875285 -1.999053
v -1.369990 3.808226 -4.956952
v -1.369989 3.790639 -0.964011
v -1.369990 3.788726 -7.796125
v -1.369990 3.789325 -6.653622
v -1.369990 3.796374 -3.509941
v -1.369989 3.875945 -0.515993
v -1.369989 3.810607 -1.531556
v -1.369990 3.825602 -7.555213
v -1.369990 3.793612 -5.535473
v -1.369990 3.752714 -3.894855
v -1.369989 3.777565 -2.952660
v -1.369990 3.826866 -4.000000
v -1.369990 3.846132 -8.000000
v -1.369990 3.807379 -6.983325
v -1.369989 3.777461 -1.742086
v -1.369990 3.775800 -4.757576
v -1.369989 3.799608 -0.740002
v -0.866581 3.724473 -2.262407
v -0.866581 3.710376 -6.151989
v -0.866581 3.829080 -0.753813
v -0.866581 3.865986 -0.946732
v -0.866581 3.732607 -0.000024
v -0.866581 3.849439 -0.530874
v -0.866582 3.703775 -8.000000
v -0.859306 4.113969 -0.502124
v -0.866673 4.227359 0.000000
v -1.369989 4.192301 -0.502300
v -1.369989 4.148099 0.000000
v -0.849932 4.168009 -1.503559
v -0.853601 4.111969 -1.002998
v -1.369989 4.202543 -1.003188
v -1.369989 4.192939 -1.503762
v -0.859306 4.182745 -2.503072
v -0.866673 4.110486 -1.999053
v -1.369989 4.112583 -2.503247
v -1.369989 4.109084 -1.999053
v -0.849932 4.225876 -3.504506
v -0.853601 4.199697 -3.003945
v -1.369989 4.175419 -3.504709
v -1.369989 4.110863 -3.004135
v -0.859306 4.099632 -4.504018
v -0.866673 4.160095 -4.000000
v -1.369990 4.139646 -4.504194
v -1.369990 4.164723 -4.000000
v -0.849932 4.146497 -5.505454
v -0.853601 4.149583 -5.004893
v -1.369990 4.145370 -5.505656
v -1.369990 4.198102 -5.005082
v -0.859306 4.113970 -6.504966
v -0.866673 4.110487 -6.000947
v -1.369990 4.148337 -6.505160
v -1.369990 4.190880 -6.000947
v -0.849933 4.160587 -7.506401
v -0.847289 4.199111 -7.005861
v -1.369990 4.162592 -7.506619
v -1.369990 4.110863 -7.006030
v -1.369989 4.169008 -0.251150
v -1.369989 4.110833 -2.251150
v -1.369990 4.073754 -4.252097
v -1.369989 4.108792 -1.336904
v -1.369989 4.201508 -1.170046
v -0.851767 4.191919 -1.253279
v -0.852378 4.110941 -3.119410
v -0.851155 4.155982 -3.337653
v -1.369989 4.054497 -3.157915
v -1.118331 4.059477 -4.000000
v -1.369990 4.135167 -5.188080
v -1.032869 4.103835 -5.505525
v -0.852340 4.105839 -5.176925
v -1.369990 4.192462 -6.336514
v -1.369990 4.129826 -6.168447
v -0.862990 4.062387 -6.252956
v -1.369990 4.093974 -7.256324
v -0.848611 4.153997 -7.256131
vt 0.094683 0.969245
vt 0.094683 0.969246
vt 0.094683 0.969245
vt 0.094683 0.969245
vt 0.094683 0.969246
vt 0.094684 0.969246
vt 0.094684 0.969246
vt 0.094683 0.969246
vt 0.030682 0.969318
vt 0.030682 0.969318
vt 0.030682 0.969318
vt 0.030682 0.969318
vt 0.030682 0.969318
vt 0.030682 0.969318
vt 0.030682 0.969318
vt 0.030682 0.969318
vt 0.094684 0.969245
vt 0.094683 0.969246
vt 0.030682 0.969318
vt 0.030682 0.969318
vt 0.159073 0.972514
vt 0.159073 0.972514
vt 0.159073 0.972514
vt 0.159073 0.972514
vt 0.159073 0.972514
vt 0.717671 0.972514
vt 0.717671 0.972514
vt 0.717671 0.972514
vt 0.717671 0.972514
vt 0.159073 0.972514
vt 0.159073 0.972514
vt 0.159073 0.972514
vt 0.159073 0.972514
vt 0.159073 0.972514
vt 0.159073 0.972514
vt 0.159073 0.972514
vt 0.159073 0.972514
vt 0.159073 0.972514
vt 0.159073 0.972514
vt 0.159073 0.972514
vt 0.158111 0.969318
vt 0.158111 0.969318
vt 0.158111 0.969318
vt 0.158111 0.969318
vt 0.158111 0.969318
vt 0.158111 0.969318
vt 0.158111 0.969318
vt 0.158111 0.969318
vt 0.159073 0.972514
vt 0.159073 0.972514
vt 0.159073 0.972514
vt 0.159073 0.972514
vt 0.720132 0.972514
vt 0.720132 0.972514
vt 0.720132 0.972514
vt 0.720132 0.972514
vt 0.159073 0.972514
vt 0.159073 0.972514
vt 0.159073 0.972514
vt 0.159073 0.972514
vt 0.720132 0.972514
vt 0.720132 0.972514
vt 0.720132 0.972514
vt 0.720132 0.972514
vt 0.720132 0.972514
vt 0.720132 0.972514
vt 0.720132 0.972514
vt 0.720132 0.972514
vt 0.720132 0.972514
vt 0.159073 0.972514
vt 0.159073 0.972514
vt 0.159073 0.972514
vt 0.159073 0.972514
vt 0.159073 0.972514
vt 0.159073 0.972514
vt 0.159073 0.972514
vt 0.159073 0.972514
vt 0.159073 0.972514
vt 0.159073 0.972514
vt 0.159073 0.972514
vt 0.159073 0.972514
vt 0.720132 0.972514
vt 0.720132 0.972514
vt 0.720132 0.972514
vt 0.720132 0.972514
vt 0.720132 0.972514
vt 0.030682 0.969318
vt 0.030682 0.969318
vt 0.030682 0.969318
vt 0.030682 0.969318
vt 0.030682 0.969318
vt 0.030682 0.969318
vt 0.030682 0.969318
vt 0.030682 0.969318
vt 0.158111 0.969318
vt 0.158111 0.969318
vt 0.158111 0.969318
vt 0.158111 0.969318
vt 0.159073 0.972514
vt 0.159073 0.972514
vt 0.720132 0.972514
vt 0.720132 0.972514
vt 0.159073 0.972514
vt 0.159073 0.972514
vt 0.159073 0.972514
vt 0.159073 0.972514
vt 0.159073 0.972514
vt 0.159073 0.972514
vt 0.159073 0.972514
vt 0.159074 0.972514
vt 0.159073 0.972514
vt 0.159073 0.972514
vt 0.159073 0.972514
vt 0.159073 0.972514
vt 0.159073 0.972514
vt 0.159073 0.972514
vt 0.159073 0.972514
vt 0.159073 0.972514
vt 0.159073 0.972514
vt 0.159073 0.972514
vt 0.159073 0.972514
vt 0.159074 0.972514
vt 0.159073 0.972514
vt 0.159073 0.972514
vt 0.159073 0.972514
vt 0.159073 0.972514
vt 0.159073 0.972514
vt 0.159073 0.972514
vt 0.158111 0.969318
vt 0.158111 0.969318
vt 0.720132 0.972514
vt 0.720132 0.972514
vt 0.720132 0.972514
vt 0.720132 0.972514
vt 0.720132 0.972514
vt 0.720132 0.972514
vt 0.720132 0.972514
vt 0.720132 0.972514
vt 0.717671 0.972514
vt 0.717671 0.972514
vt 0.717671 0.972514
vt 0.717671 0.972514
vt 0.159073 0.972514
vt 0.717671 0.972514
vt 0.717671 0.972514
vt 0.717671 0.972514
vt 0.717671 0.972514
vt 0.720132 0.972514
vt 0.720132 0.972514
vt 0.720132 0.972514
vt 0.720132 0.972514
vt 0.030682 0.969318
vt 0.030682 0.969318
vt 0.030682 0.969318
vt 0.030682 0.969318
vt 0.030682 0.969318
vt 0.030682 0.969318
vt 0.030682 0.969318
vt 0.030682 0.969318
vt 0.159073 0.972514
vt 0.720132 0.972514
vt 0.720132 0.972514
vt 0.720132 0.972514
vt 0.720132 0.972514
vt 0.159073 0.972514
vt 0.159073 0.972514
vt 0.159073 0.972514
vt 0.159073 0.972514
vt 0.159073 0.972514
vt 0.159073 0.972514
vt 0.159073 0.972514
vt 0.159073 0.972514
vt 0.159073 0.972514
vt 0.159073 0.972514
vt 0.159073 0.972514
vt 0.159073 0.972514
vt 0.159073 0.972514
vt 0.159073 0.972514
vt 0.159073 0.972514
vt 0.720132 0.972514
vt 0.720132 0.972514
vt 0.159073 0.972514
vt 0.159073 0.972514
vt 0.159073 0.972514
vt 0.159073 0.972514
vt 0.720132 0.972514
vt 0.720132 0.972514
vt 0.717671 0.972514
vt 0.717671 0.972514
vt 0.717671 0.972514
vt 0.717671 0.972514
vt 0.717671 0.972514
vt 0.717671 0.972514
vt 0.717671 0.972514
vt 0.158111 0.969318
vt 0.158111 0.969318
vt 0.720132 0.972514
vt 0.720132 0.972514
vt 0.720132 0.972514
vt 0.720132 0.972514
vt 0.159073 0.972514
vt 0.159073 0.972514
vt 0.159073 0.972514
vt 0.159073 0.972514
vt 0.159073 0.972514
vt 0.159073 0.972514
vt 0.159073 0.972514
vt 0.159073 0.972514
vt 0.717671 0.972514
vt 0.717671 0.972514
vt 0.030682 0.969318
vt 0.030682 0.969318
vt 0.030682 0.969318
vt 0.030682 0.969318
vt 0.030682 0.969318
vt 0.030682 0.969318
vt 0.159073 0.972514
vt 0.159073 0.972514
vt 0.159073 0.972514
vt 0.094683 0.969245
vt 0.094684 0.969245
vt 0.094684 0.969245
vt 0.094683 0.969245
vt 0.094684 0.969245
vt 0.094683 0.969245
vt 0.094684 0.969245
vt 0.094683 0.969245
vt 0.094683 0.969245
vt 0.094683 0.969245
vt 0.030682 0.969318
vt 0.030682 0.969318
vt 0.159073 0.972514
vt 0.159073 0.972514
vt 0.720132 0.972514
vt 0.720132 0.972514
vt 0.159073 0.972514
vt 0.159073 0.972514
vt 0.159073 0.972514
vt 0.720132 0.972514
vt 0.717671 0.972514
vt 0.717671 0.972514
vt 0.159073 0.972514
vt 0.159073 0.972514
vt 0.159073 0.972514
vt 0.720132 0.972514
vt 0.720132 0.972514
vt 0.720132 0.972514
vt 0.720132 0.972514
vt 0.159073 0.972514
vt 0.717671 0.972514
vt 0.717671 0.972514
vt 0.717671 0.972514
vt 0.717671 0.972514
vt 0.720132 0.972514
vt 0.159073 0.972514
vt 0.159073 0.972514
vt 0.159073 0.972514
vt 0.720132 0.972514
vt 0.720132 0.972514
vt 0.720132 0.972514
vt 0.720132 0.972514
vt 0.720132 0.972514
vt 0.720132 0.972514
vt 0.720132 0.972514
vt 0.159073 0.972514
vt 0.159073 0.972514
vt 0.159073 0.972514
vt 0.159073 0.972514
vt 0.158111 0.969318
vt 0.158111 0.969318
vt 0.158111 0.969318
vt 0.158111 0.969318
vt 0.094683 0.969245
vt 0.094683 0.969245
vt 0.094684 0.969245
vt 0.092201 0.846279
vt 0.092201 0.846279
vt 0.092201 0.846279
vt 0.092201 0.846279
vt 0.094683 0.969246
vt 0.094683 0.969245
vt 0.094683 0.969245
vt 0.094683 0.969245
vt 0.094683 0.969245
vt 0.094683 0.969246
vt 0.094684 0.969246
vt 0.094684 0.969246
vt 0.094683 0.969246
vt 0.094684 0.969245
vt 0.094683 0.969246
vt 0.094684 0.969245
vt 0.094683 0.969246
vt 0.094683 0.969245
vt 0.094683 0.969246
vt 0.094683 0.969245
vt 0.094683 0.969245
vt 0.094683 0.969246
vt 0.094684 0.969246
vt 0.094684 0.969246
vt 0.094683 0.969246
vt 0.094684 0.969245
vt 0.094683 0.969246
vt 0.094684 0.969245
vt 0.094683 0.969246
vt 0.031500 0.972514
vt 0.031500 0.972514
vt 0.031500 0.972514
vt 0.031500 0.972514
vt 0.030682 0.969318
vt 0.030682 0.969318
vt 0.030682 0.969318
vt 0.030682 0.969318
vt 0.159073 0.972514
vt 0.030682 0.969318
vt 0.030682 0.969318
vt 0.030682 0.969318
vt 0.030682 0.969318
vt 0.029843 0.972514
vt 0.029843 0.972514
vt 0.029843 0.972514
vt 0.029843 0.972514
vt 0.158111 0.969318
vt 0.158111 0.969318
vt 0.158111 0.969318
vt 0.158111 0.969318
vt 0.158111 0.969318
vt 0.158111 0.969318
vt 0.158111 0.969318
vt 0.158111 0.969318
vt 0.158111 0.969318
vt 0.158111 0.969318
vt 0.158111 0.969318
vt 0.158111 0.969318
vt 0.158111 0.969318
vt 0.158111 0.969318
vt 0.158111 0.969318
vt 0.720132 0.972514
vt 0.720132 0.972514
vt 0.159073 0.972514
vt 0.159073 0.972514
vt 0.159074 0.972514
vt 0.159073 0.972514
vt 0.159073 0.972514
vt 0.720132 0.972514
vt 0.720132 0.972514
vt 0.720132 0.972514
vt 0.159073 0.972514
vt 0.720132 0.972514
vt 0.720132 0.972514
vt 0.720132 0.972514
vt 0.159074 0.972514
vt 0.159073 0.972514
vt 0.159073 0.972514
vt 0.159073 0.972514
vt 0.720132 0.972514
vt 0.720132 0.972514
vt 0.720132 0.972514
vt 0.159073 0.972514
vt 0.717671 0.972514
vt 0.717671 0.972514
vt 0.717671 0.972514
vt 0.159073 0.972514
vt 0.159073 0.972514
vt 0.159073 0.972514
vt 0.720132 0.972514
vt 0.720132 0.972514
vt 0.159073 0.972514
vt 0.159073 0.972514
vt 0.159073 0.972514
vt 0.720132 0.972514
vt 0.720132 0.972514
vt 0.159073 0.972514
vt 0.717671 0.972514
vt 0.717671 0.972514
vt 0.720132 0.972514
vt 0.720132 0.972514
vt 0.720132 0.972514
vt 0.720132 0.972514
vt 0.159073 0.972514
vt 0.159073 0.972514
vt 0.159073 0.972514
vt 0.159073 0.972514
vt 0.720132 0.972514
vt 0.720132 0.972514
vt 0.720132 0.972514
vt 0.159073 0.972514
vt 0.159073 0.972514
vt 0.717671 0.972514
vt 0.717671 0.972514
vt 0.158111 0.969318
vt 0.158111 0.969318
vt 0.158111 0.969318
vt 0.158111 0.969318
vt 0.717671 0.972514
vt 0.717671 0.972514
vt 0.717671 0.972514
vt 0.717671 0.972514
vt 0.159073 0.972514
vt 0.158111 0.969318
vt 0.158111 0.969318
vt 0.159073 0.972514
vt 0.159073 0.972514
vt 0.159073 0.972514
vt 0.159073 0.972514
vt 0.159073 0.972514
vt 0.717671 0.972514
vt 0.717671 0.972514
vt 0.717671 0.972514
vt 0.157858 0.969800
vt 0.157858 0.969800
vt 0.157858 0.969800
vt 0.157858 0.969800
vt 0.157858 0.969800
vt 0.157858 0.969800
vt 0.157858 0.969801
vt 0.157858 0.969800
vt 0.157858 0.969800
vt 0.157858 0.969801
vt 0.157858 0.969800
vt 0.157858 0.969800
vt 0.157858 0.969800
vt 0.157858 0.969800
vt 0.157858 0.969800
vt 0.157858 0.969800
vt 0.157858 0.969801
vt 0.157858 0.969801
vt 0.157858 0.969801
vt 0.157858 0.969801
vt 0.157858 0.969801
vt 0.157858 0.969801
vt 0.157858 0.969800
vt 0.157858 0.969800
vt 0.157858 0.969800
vt 0.157858 0.969800
vt 0.157858 0.969800
vt 0.157858 0.969800
vt 0.157858 0.969800
vt 0.157858 0.969801
vt 0.157858 0.969801
vt 0.157858 0.969801
vt 0.157858 0.969801
vt 0.157858 0.969801
vt 0.157858 0.969800
vt 0.157858 0.969800
vt 0.157858 0.969801
vt 0.157858 0.969800
vt 0.157858 0.969800
vt 0.157858 0.969800
vt 0.157858 0.969800
vt 0.157858 0.969801
vt 0.157858 0.969801
vt 0.157858 0.969801
vt 0.157858 0.969801
vt 0.157858 0.969800
vt 0.157858 0.969801
vt 0.157858 0.969800
vt 0.157858 0.969801
vt 0.717671 0.972514
vt 0.717671 0.972514
vt 0.717671 0.972514
vt 0.159073 0.972514
vt 0.159073 0.972514
vt 0.717671 0.972514
vt 0.717671 0.972514
vt 0.159073 0.972514
vt 0.717671 0.972514
vt 0.717671 0.972514
vt 0.717671 0.972514
vt 0.159073 0.972514
vt 0.159073 0.972514
vt 0.159073 0.972514
vt 0.159073 0.972514
vt 0.717671 0.972514
vt 0.717671 0.972514
vt 0.717671 0.972514
vt 0.159073 0.972514
vt 0.717671 0.972514
vt 0.717671 0.972514
vt 0.717671 0.972514
vt 0.159074 0.972514
vt 0.159073 0.972514
vt 0.159073 0.972514
vt 0.717671 0.972514
vt 0.717671 0.972514
vt 0.717671 0.972514
vt 0.159073 0.972514
vt 0.159073 0.972514
vt 0.159073 0.972514
vt 0.159073 0.972514
vt 0.159073 0.972514
vt 0.159073 0.972514
vt 0.159073 0.972514
vt 0.159073 0.972514
vt 0.159073 0.972514
vt 0.159073 0.972514
vt 0.159073 0.972514
vt 0.159073 0.972514
vt 0.159073 0.972514
vt 0.159073 0.972514
vt 0.159073 0.972514
vt 0.159073 0.972514
vt 0.159073 0.972514
vt 0.159073 0.972514
vt 0.159073 0.972514
vt 0.159073 0.972514
vt 0.159073 0.972514
vt 0.159073 0.972514
vt 0.159073 0.972514
vt 0.159073 0.972514
vt 0.159073 0.972514
vt 0.159073 0.972514
vt 0.159073 0.972514
vt 0.720132 0.972514
vt 0.159073 0.972514
vt 0.159073 0.972514
vt 0.159073 0.972514
vt 0.159073 0.972514
vt 0.159073 0.972514
vt 0.159073 0.972514
vt 0.159073 0.972514
vt 0.159073 0.972514
vt 0.159073 0.972514
vt 0.159073 0.972514
vt 0.159073 0.972514
vt 0.159073 0.972514
vt 0.159073 0.972514
vt 0.159073 0.972514
vt 0.094683 0.969245
vt 0.094683 0.969245
vt 0.094683 0.969245
vt 0.094683 0.969246
vt 0.094683 0.969246
vt 0.094683 0.969246
vt 0.094684 0.969246
vt 0.094684 0.969246
vt 0.030682 0.969318
vt 0.030682 0.969318
vt 0.030682 0.969318
vt 0.030682 0.969318
vt 0.030682 0.969318
vt 0.030682 0.969318
vt 0.030682 0.969318
vt 0.030682 0.969318
vt 0.094684 0.969245
vt 0.094683 0.969246
vt 0.030682 0.969318
vt 0.030682 0.969318
vt 0.159073 0.972514
vt 0.159073 0.972514
vt 0.159073 0.972514
vt 0.159073 0.972514
vt 0.159073 0.972514
vt 0.717671 0.972514
vt 0.717671 0.972514
vt 0.717671 0.972514
vt 0.717671 0.972514
vt 0.159073 0.972514
vt 0.159073 0.972514
vt 0.159073 0.972514
vt 0.159073 0.972514
vt 0.159073 0.972514
vt 0.159073 0.972514
vt 0.159073 0.972514
vt 0.159073 0.972514
vt 0.159073 0.972514
vt 0.159073 0.972514
vt 0.159073 0.972514
vt 0.158111 0.969318
vt 0.158111 0.969318
vt 0.158111 0.969318
vt 0.158111 0.969318
vt 0.158111 0.969318
vt 0.158111 0.969318
vt 0.158111 0.969318
vt 0.158111 0.969318
vt 0.159073 0.972514
vt 0.159073 0.972514
vt 0.159073 0.972514
vt 0.159073 0.972514
vt 0.720132 0.972514
vt 0.720132 0.972514
vt 0.720132 0.972514
vt 0.720132 0.972514
vt 0.159073 0.972514
vt 0.159073 0.972514
vt 0.159073 0.972514
vt 0.159073 0.972514
vt 0.720132 0.972514
vt 0.720132 0.972514
vt 0.720132 0.972514
vt 0.720132 0.972514
vt 0.720132 0.972514
vt 0.720132 0.972514
vt 0.720132 0.972514
vt 0.720132 0.972514
vt 0.720132 0.972514
vt 0.159073 0.972514
vt 0.159073 0.972514
vt 0.159073 0.972514
vt 0.159073 0.972514
vt 0.159073 0.972514
vt 0.159073 0.972514
vt 0.159073 0.972514
vt 0.159073 0.972514
vt 0.159073 0.972514
vt 0.159073 0.972514
vt 0.159073 0.972514
vt 0.159073 0.972514
vt 0.720132 0.972514
vt 0.720132 0.972514
vt 0.720132 0.972514
vt 0.720132 0.972514
vt 0.720132 0.972514
vt 0.030682 0.969318
vt 0.030682 0.969318
vt 0.030682 0.969318
vt 0.030682 0.969318
vt 0.030682 0.969318
vt 0.030682 0.969318
vt 0.030682 0.969318
vt 0.030682 0.969318
vt 0.158111 0.969318
vt 0.158111 0.969318
vt 0.158111 0.969318
vt 0.158111 0.969318
vt 0.720132 0.972514
vt 0.720132 0.972514
vt 0.159073 0.972514
vt 0.159073 0.972514
vt 0.159073 0.972514
vt 0.159073 0.972514
vt 0.159073 0.972514
vt 0.159073 0.972514
vt 0.159073 0.972514
vt 0.159073 0.972514
vt 0.159074 0.972514
vt 0.159073 0.972514
vt 0.159073 0.972514
vt 0.159073 0.972514
vt 0.159073 0.972514
vt 0.159073 0.972514
vt 0.159073 0.972514
vt 0.159073 0.972514
vt 0.159073 0.972514
vt 0.159073 0.972514
vt 0.159073 0.972514
vt 0.159074 0.972514
vt 0.159073 0.972514
vt 0.159073 0.972514
vt 0.159073 0.972514
vt 0.159073 0.972514
vt 0.158111 0.969318
vt 0.158111 0.969318
vt 0.720132 0.972514
vt 0.720132 0.972514
vt 0.720132 0.972514
vt 0.720132 0.972514
vt 0.720132 0.972514
vt 0.720132 0.972514
vt 0.720132 0.972514
vt 0.720132 0.972514
vt 0.717671 0.972514
vt 0.717671 0.972514
vt 0.717671 0.972514
vt 0.717671 0.972514
vt 0.159073 0.972514
vt 0.717671 0.972514
vt 0.717671 0.972514
vt 0.717671 0.972514
vt 0.717671 0.972514
vt 0.720132 0.972514
vt 0.720132 0.972514
vt 0.720132 0.972514
vt 0.720132 0.972514
vt 0.030682 0.969318
vt 0.030682 0.969318
vt 0.030682 0.969318
vt 0.030682 0.969318
vt 0.030682 0.969318
vt 0.030682 0.969318
vt 0.030682 0.969318
vt 0.030682 0.969318
vt 0.720132 0.972514
vt 0.720132 0.972514
vt 0.720132 0.972514
vt 0.720132 0.972514
vt 0.159073 0.972514
vt 0.159073 0.972514
vt 0.159073 0.972514
vt 0.159073 0.972514
vt 0.159073 0.972514
vt 0.159073 0.972514
vt 0.159073 0.972514
vt 0.159073 0.972514
vt 0.159073 0.972514
vt 0.159073 0.972514
vt 0.720132 0.972514
vt 0.720132 0.972514
vt 0.159073 0.972514
vt 0.159073 0.972514
vt 0.159073 0.972514
vt 0.159073 0.972514
vt 0.720132 0.972514
vt 0.720132 0.972514
vt 0.717671 0.972514
vt 0.717671 0.972514
vt 0.717671 0.972514
vt 0.717671 0.972514
vt 0.717671 0.972514
vt 0.717671 0.972514
vt 0.717671 0.972514
vt 0.158111 0.969318
vt 0.158111 0.969318
vt 0.720132 0.972514
vt 0.720132 0.972514
vt 0.720132 0.972514
vt 0.720132 0.972514
vt 0.159073 0.972514
vt 0.159073 0.972514
vt 0.159073 0.972514
vt 0.159073 0.972514
vt 0.159073 0.972514
vt 0.159073 0.972514
vt 0.159073 0.972514
vt 0.159073 0.972514
vt 0.717671 0.972514
vt 0.717671 0.972514
vt 0.030682 0.969318
vt 0.030682 0.969318
vt 0.030682 0.969318
vt 0.030682 0.969318
vt 0.030682 0.969318
vt 0.030682 0.969318
vt 0.159073 0.972514
vt 0.094683 0.969245
vt 0.094683 0.969245
vt 0.094684 0.969245
vt 0.094684 0.969245
vt 0.094683 0.969245
vt 0.094684 0.969245
vt 0.094684 0.969245
vt 0.094683 0.969245
vt 0.094683 0.969245
vt 0.094683 0.969245
vt 0.030682 0.969318
vt 0.030682 0.969318
vt 0.159073 0.972514
vt 0.720132 0.972514
vt 0.720132 0.972514
vt 0.159073 0.972514
vt 0.720132 0.972514
vt 0.717671 0.972514
vt 0.717671 0.972514
vt 0.159073 0.972514
vt 0.159073 0.972514
vt 0.159073 0.972514
vt 0.720132 0.972514
vt 0.720132 0.972514
vt 0.720132 0.972514
vt 0.720132 0.972514
vt 0.717671 0.972514
vt 0.717671 0.972514
vt 0.717671 0.972514
vt 0.717671 0.972514
vt 0.720132 0.972514
vt 0.159073 0.972514
vt 0.159073 0.972514
vt 0.159073 0.972514
vt 0.720132 0.972514
vt 0.720132 0.972514
vt 0.720132 0.972514
vt 0.720132 0.972514
vt 0.720132 0.972514
vt 0.720132 0.972514
vt 0.720132 0.972514
vt 0.159073 0.972514
vt 0.159073 0.972514
vt 0.159073 0.972514
vt 0.159073 0.972514
vt 0.158111 0.969318
vt 0.158111 0.969318
vt 0.158111 0.969318
vt 0.158111 0.969318
vt 0.094683 0.969245
vt 0.094683 0.969245
vt 0.094684 0.969245
vt 0.092201 0.846279
vt 0.092201 0.846279
vt 0.094683 0.969246
vt 0.094683 0.969245
vt 0.094683 0.969245
vt 0.094683 0.969245
vt 0.094683 0.969245
vt 0.094683 0.969246
vt 0.094683 0.969246
vt 0.094684 0.969246
vt 0.094684 0.969246
vt 0.094684 0.969245
vt 0.094683 0.969246
vt 0.094684 0.969245
vt 0.094683 0.969246
vt 0.094683 0.969245
vt 0.094683 0.969245
vt 0.094683 0.969245
vt 0.094683 0.969246
vt 0.094683 0.969246
vt 0.094683 0.969246
vt 0.094684 0.969246
vt 0.094684 0.969246
vt 0.094684 0.969245
vt 0.094683 0.969246
vt 0.094684 0.969245
vt 0.094683 0.969246
vt 0.031500 0.972514
vt 0.031500 0.972514
vt 0.031500 0.972514
vt 0.031500 0.972514
vt 0.030682 0.969318
vt 0.030682 0.969318
vt 0.159073 0.972514
vt 0.030682 0.969318
vt 0.030682 0.969318
vt 0.029843 0.972514
vt 0.029843 0.972514
vt 0.029843 0.972514
vt 0.029843 0.972514
vt 0.158111 0.969318
vt 0.158111 0.969318
vt 0.158111 0.969318
vt 0.158111 0.969318
vt 0.158111 0.969318
vt 0.158111 0.969318
vt 0.158111 0.969318
vt 0.158111 0.969318
vt 0.158111 0.969318
vt 0.158111 0.969318
vt 0.720132 0.972514
vt 0.720132 0.972514
vt 0.159073 0.972514
vt 0.159073 0.972514
vt 0.159074 0.972514
vt 0.159073 0.972514
vt 0.159073 0.972514
vt 0.720132 0.972514
vt 0.720132 0.972514
vt 0.720132 0.972514
vt 0.159073 0.972514
vt 0.720132 0.972514
vt 0.720132 0.972514
vt 0.720132 0.972514
vt 0.159073 0.972514
vt 0.159074 0.972514
vt 0.159073 0.972514
vt 0.159073 0.972514
vt 0.720132 0.972514
vt 0.720132 0.972514
vt 0.720132 0.972514
vt 0.159073 0.972514
vt 0.717671 0.972514
vt 0.717671 0.972514
vt 0.717671 0.972514
vt 0.159073 0.972514
vt 0.159073 0.972514
vt 0.159073 0.972514
vt 0.720132 0.972514
vt 0.720132 0.972514
vt 0.159073 0.972514
vt 0.159073 0.972514
vt 0.159073 0.972514
vt 0.720132 0.972514
vt 0.720132 0.972514
vt 0.159073 0.972514
vt 0.717671 0.972514
vt 0.717671 0.972514
vt 0.720132 0.972514
vt 0.720132 0.972514
vt 0.720132 0.972514
vt 0.720132 0.972514
vt 0.159073 0.972514
vt 0.159073 0.972514
vt 0.159073 0.972514
vt 0.159073 0.972514
vt 0.720132 0.972514
vt 0.720132 0.972514
vt 0.720132 0.972514
vt 0.159073 0.972514
vt 0.159073 0.972514
vt 0.717671 0.972514
vt 0.717671 0.972514
vt 0.158111 0.969318
vt 0.158111 0.969318
vt 0.158111 0.969318
vt 0.158111 0.969318
vt 0.717671 0.972514
vt 0.717671 0.972514
vt 0.717671 0.972514
vt 0.717671 0.972514
vt 0.159073 0.972514
vt 0.158111 0.969318
vt 0.158111 0.969318
vt 0.159073 0.972514
vt 0.159073 0.972514
vt 0.159073 0.972514
vt 0.159073 0.972514
vt 0.159073 0.972514
vt 0.717671 0.972514
vt 0.717671 0.972514
vt 0.717671 0.972514
vt 0.157858 0.969800
vt 0.157858 0.969800
vt 0.157858 0.969800
vt 0.157858 0.969800
vt 0.157858 0.969800
vt 0.157858 0.969800
vt 0.157858 0.969801
vt 0.157858 0.969801
vt 0.157858 0.969800
vt 0.157858 0.969800
vt 0.157858 0.969800
vt 0.157858 0.969800
vt 0.157858 0.969800
vt 0.157858 0.969800
vt 0.157858 0.969800
vt 0.157858 0.969800
vt 0.157858 0.969801
vt 0.157858 0.969801
vt 0.157858 0.969801
vt 0.157858 0.969801
vt 0.157858 0.969801
vt 0.157858 0.969801
vt 0.157858 0.969800
vt 0.157858 0.969800
vt 0.157858 0.969800
vt 0.157858 0.969800
vt 0.157858 0.969800
vt 0.157858 0.969800
vt 0.157858 0.969800
vt 0.157858 0.969801
vt 0.157858 0.969801
vt 0.157858 0.969801
vt 0.157858 0.969801
vt 0.157858 0.969801
vt 0.157858 0.969801
vt 0.157858 0.969800
vt 0.157858 0.969800
vt 0.157858 0.969800
vt 0.157858 0.969800
vt 0.157858 0.969800
vt 0.157858 0.969800
vt 0.157858 0.969801
vt 0.157858 0.969801
vt 0.157858 0.969801
vt 0.157858 0.969801
vt 0.157858 0.969800
vt 0.157858 0.969801
vt 0.157858 0.969800
vt 0.157858 0.969801
vt 0.717671 0.972514
vt 0.717671 0.972514
vt 0.717671 0.972514
vt 0.159073 0.972514
vt 0.159073 0.972514
vt 0.717671 0.972514
vt 0.717671 0.972514
vt 0.159073 0.972514
vt 0.717671 0.972514
vt 0.717671 0.972514
vt 0.717671 0.972514
vt 0.159073 0.972514
vt 0.159073 0.972514
vt 0.159073 0.972514
vt 0.159073 0.972514
vt 0.717671 0.972514
vt 0.717671 0.972514
vt 0.717671 0.972514
vt 0.159073 0.972514
vt 0.717671 0.972514
vt 0.717671 0.972514
vt 0.717671 0.972514
vt 0.159074 0.972514
vt 0.159073 0.972514
vt 0.159073 0.972514
vt 0.717671 0.972514
vt 0.717671 0.972514
vt 0.717671 0.972514
vt 0.159073 0.972514
vt 0.159073 0.972514
vt 0.159073 0.972514
vt 0.159073 0.972514
vt 0.159073 0.972514
vt 0.159073 0.972514
vt 0.159073 0.972514
vt 0.159073 0.972514
vt 0.159073 0.972514
vt 0.159073 0.972514
vt 0.159073 0.972514
vt 0.159073 0.972514
vt 0.159073 0.972514
vt 0.159073 0.972514
vt 0.159073 0.972514
vt 0.159073 0.972514
vt 0.159073 0.972514
vt 0.159073 0.972514
vt 0.159073 0.972514
vt 0.159073 0.972514
vt 0.159073 0.972514
vt 0.159073 0.972514
vt 0.159073 0.972514
vt 0.159073 0.972514
vt 0.159073 0.972514
vt 0.159073 0.972514
vt 0.159073 0.972514
vt 0.720132 0.972514
vt 0.159073 0.972514
vt 0.159073 0.972514
vt 0.159073 0.972514
vt 0.159073 0.972514
vt 0.159073 0.972514
vt 0.159073 0.972514
vt 0.159073 0.972514
vt 0.159073 0.972514
vt 0.159073 0.972514
vt 0.159073 0.972514
vt 0.159073 0.972514
vt 0.159073 0.972514
vt 0.159073 0.972514
vt 0.159073 0.972514
vn -0.0000 0.0320 -0.9995
vn -0.0000 0.0894 0.9960
vn 1.0000 0.0000 0.0000
vn 0.9554 0.2951 -0.0144
vn 0.9774 0.2109 -0.0106
vn 0.0000 0.0000 -1.0000
vn 0.0023 1.0000 -0.0022
vn -1.0000 0.0000 0.0000
vn 0.0000 -1.0000 -0.0000
vn 0.0000 -1.0000 -0.0017
vn -0.0004 -0.0003 -1.0000
vn 0.0000 -1.0000 -0.0008
vn -0.9929 -0.1189 0.0054
vn -0.9992 -0.0294 0.0253
vn 0.0004 0.0002 1.0000
vn 0.0000 0.0000 1.0000
vn -0.0000 1.0000 -0.0070
vn -0.0004 -0.0005 -1.0000
vn 0.0000 0.0017 1.0000
vn -0.9938 -0.1106 0.0067
vn -0.9995 -0.0246 0.0201
vn 0.0030 1.0000 0.0017
vn 0.0000 -0.0016 -1.0000
vn -0.0004 -0.0004 -1.0000
vn 0.0004 0.0003 1.0000
vn 0.0021 1.0000 -0.0062
vn 0.0025 1.0000 -0.0038
vn -0.9958 -0.0906 0.0110
vn -0.9995 -0.0220 0.0232
vn 0.0000 -1.0000 0.0072
vn -0.0001 0.0839 -0.9965
vn 0.0018 1.0000 -0.0070
vn -0.0002 0.0319 -0.9995
vn -0.0004 -0.0006 -1.0000
vn -0.0004 -0.0002 -1.0000
vn -0.0003 -0.0003 -1.0000
vn -0.0003 -0.0002 -1.0000
vn -0.9955 -0.0946 0.0076
vn -0.9996 -0.0175 0.0210
vn 0.0002 0.0383 0.9993
vn 0.0004 0.0895 0.9960
vn 0.0000 0.0840 -0.9965
vn 0.0000 1.0000 -0.0000
vn -0.0000 0.0383 0.9993
vn -0.0000 -0.0001 1.0000
vn 0.0001 -0.0000 1.0000
vn -0.0001 -0.0001 1.0000
vn 0.9524 -0.3038 -0.0267
vn 0.0000 -0.9834 0.1816
vn 0.0000 -0.9849 -0.1734
vn 0.9523 -0.3038 0.0281
vn 0.0000 -0.9849 -0.1733
vn 0.0000 -0.9836 0.1805
vn 0.9523 -0.3038 0.0279
vn -0.9998 -0.0152 0.0090
vn 0.0003 0.0004 1.0000
vn -0.9980 -0.0630 0.0007
vn -0.9998 -0.0167 0.0060
vn 0.0004 0.0004 1.0000
vn -0.9978 -0.0658 0.0013
vn -0.9998 -0.0181 0.0083
vn -0.9971 -0.0756 0.0037
vn -0.9997 -0.0231 0.0059
vn -0.9971 -0.0760 0.0007
vn -0.9554 0.2951 -0.0144
vn -0.9774 0.2109 -0.0106
vn -0.0023 1.0000 -0.0022
vn 0.0004 -0.0003 -1.0000
vn 0.9929 -0.1189 0.0054
vn 0.9992 -0.0294 0.0253
vn -0.0004 0.0002 1.0000
vn 0.0004 -0.0005 -1.0000
vn 0.9938 -0.1106 0.0067
vn 0.9995 -0.0246 0.0201
vn -0.0030 1.0000 0.0017
vn 0.0004 -0.0004 -1.0000
vn -0.0004 0.0003 1.0000
vn -0.0021 1.0000 -0.0062
vn -0.0025 1.0000 -0.0038
vn 0.9958 -0.0906 0.0110
vn 0.9995 -0.0220 0.0232
vn 0.0001 0.0839 -0.9965
vn -0.0018 1.0000 -0.0070
vn 0.0002 0.0319 -0.9995
vn 0.0004 -0.0006 -1.0000
vn 0.0004 -0.0002 -1.0000
vn 0.0003 -0.0003 -1.0000
vn 0.0003 -0.0002 -1.0000
vn 0.9955 -0.0946 0.0076
vn 0.9996 -0.0175 0.0210
vn -0.0002 0.0383 0.9993
vn -0.0004 0.0895 0.9960
vn -0.0001 -0.0000 1.0000
vn 0.0001 -0.0001 1.0000
vn -0.9524 -0.3038 -0.0267
vn -0.9523 -0.3038 0.0281
vn -0.9523 -0.3038 0.0279
vn 0.9998 -0.0152 0.0090
vn -0.0003 0.0004 1.0000
vn 0.9980 -0.0630 0.0007
vn 0.9998 -0.0167 0.0060
vn -0.0004 0.0004 1.0000
vn 0.9978 -0.0658 0.0013
vn 0.9998 -0.0181 0.0083
vn 0.9971 -0.0756 0.0037
vn 0.9997 -0.0231 0.0059
vn 0.9971 -0.0760 0.0007
usemtl Medieval
s off
f 1820/2702/385 1821/2703/385 1867/2704/385 1937/2705/385
f 1817/2706/386 1818/2707/386 1899/2708/386 1900/2709/386
f 1825/2710/387 2071/2711/387 1902/2712/387
f 1826/2713/387 1814/2714/387 1815/2715/387 1816/2716/387 1813/2717/387
f 1820/2702/388 1819/2718/388 1818/2707/388 1817/2706/388
f 1821/2703/389 1820/2702/389 1817/2706/389 1822/2719/389
f 1816/2716/387 1823/2720/387 1902/2712/387 1813/2717/387
f 1823/2720/387 1824/2721/387 1825/2710/387 1902/2712/387
f 2068/2722/390 1931/2723/390 2021/2724/390 2093/2725/390 2020/2726/390
f 1931/2727/391 1930/2728/391 2017/2729/391 2021/2730/391
f 1828/2731/392 2102/2732/392 2103/2733/392 2100/2734/392 2098/2735/392
f 1816/2736/387 1815/2737/387 1830/2738/387 1829/2739/387
f 1829/2739/387 1832/2740/387 1823/2741/387 1816/2736/387
f 1814/2742/393 1826/2743/393 1922/2744/393 1882/2745/393
f 1869/2746/393 1881/2747/393 2007/2748/393 2009/2749/393
f 1916/2750/394 1929/2751/394 2019/2752/394 2018/2753/394
f 2113/2754/395 1863/2755/395 1989/2756/395 2115/2757/395
f 1854/2758/396 1842/2759/396 1996/2760/396 1997/2761/396
f 2109/2762/397 2142/2763/397 2110/2764/397 1840/2765/397 1839/2766/397
f 2105/2767/398 2106/2768/398 1837/2769/398 1838/2770/398
f 2110/2771/399 1836/2772/399 1984/2773/399 2111/2774/399
f 1832/2740/387 1833/2775/387 1824/2776/387 1823/2741/387
f 1824/2776/387 1833/2775/387 1825/2777/387
f 1814/2778/387 1830/2738/387 1815/2737/387
f 2130/2779/400 1892/2780/400 2008/2781/400 2132/2782/400
f 2125/2783/395 1896/2784/395 2001/2785/395 2127/2786/395 2148/2787/395
f 1847/2788/387 1826/2713/387 1813/2717/387
f 1848/2789/387 1842/2790/387 1843/2791/387 1844/2792/387 1866/2793/387
f 1844/2792/387 1845/2794/387 1813/2717/387 1866/2793/387
f 1845/2794/387 1846/2795/387 1847/2788/387 1813/2717/387
f 1848/2796/393 1876/2797/393 2005/2798/393 1994/2799/393
f 1832/2740/401 1829/2739/401 1855/2800/401 1926/2801/401
f 2109/2762/402 1839/2766/402 1851/2802/402 2112/2803/402
f 1844/2804/387 1843/2805/387 1854/2758/387 1853/2806/387
f 1853/2806/387 1857/2807/387 1845/2808/387 1844/2804/387
f 2122/2809/400 1860/2810/400 1995/2811/400 2124/2812/400 2146/2813/400
f 1885/2814/403 1886/2815/403 1906/2816/403 1918/2817/403
f 2106/2818/400 1827/2819/400 1985/2820/400 2108/2821/400
f 1847/2822/394 1858/2823/394 1993/2824/394 1992/2825/394
f 2126/2826/399 1893/2827/399 2012/2828/399 2128/2829/399
f 1826/2743/393 1847/2830/393 1992/2831/393 1922/2744/393
f 2117/2832/404 2144/2833/404 2143/2834/404 2118/2835/404 1865/2836/404 1864/2837/404
f 2113/2754/405 2114/2838/405 1862/2839/405 1863/2755/405
f 1835/2840/391 1834/2841/391 1850/2842/391 1883/2843/391
f 1857/2807/387 1858/2823/387 1846/2844/387 1845/2808/387
f 1846/2844/387 1858/2823/387 1847/2822/387
f 1842/2759/387 1854/2758/387 1843/2805/387
f 1892/2845/391 1891/2846/391 2004/2847/391 2008/2848/391
f 1895/2849/406 1894/2850/406 2003/2851/406 2002/2852/406
f 1876/2853/387 1848/2789/387 1866/2793/387
f 1881/2854/387 1869/2855/387 1870/2856/387 1871/2857/387 1868/2858/387
f 1871/2857/387 1874/2859/387 1866/2793/387 1868/2858/387
f 1874/2859/387 1875/2860/387 1876/2853/387 1866/2793/387
f 1833/2775/407 1832/2740/407 1926/2801/407 1923/2861/407
f 2133/2862/408 1935/2863/408 2014/2864/408 2135/2865/408
f 1858/2823/407 1857/2807/407 1907/2866/407 1879/2867/407
f 1853/2806/403 1854/2758/403 1917/2868/403 1919/2869/403
f 2134/2870/409 1932/2871/409 2025/2872/409 2136/2873/409
f 1829/2739/403 1830/2738/403 1852/2874/403 1855/2800/403
f 1880/2875/392 1828/2731/392 2098/2735/392 2099/2876/392
f 1871/2877/387 1870/2878/387 1886/2815/387 1885/2814/387
f 1885/2814/387 1889/2879/387 1874/2880/387 1871/2877/387
f 1838/2770/406 1837/2769/406 1944/2881/406 1841/2882/406
f 1857/2807/401 1853/2806/401 1919/2869/401 1907/2866/401
f 2118/2883/399 1861/2884/399 1999/2885/399 2120/2886/399
f 1896/2784/410 1897/2887/410 2000/2888/410 2001/2785/410
f 1932/2889/411 1927/2890/411 2024/2891/411 2025/2892/411
f 1836/2893/392 2101/2894/392 1831/2895/392
f 1842/2896/393 1848/2796/393 1994/2799/393 1996/2897/393
f 2125/2783/412 2149/2898/412 2126/2899/412 1897/2887/412 1896/2784/412
f 2121/2900/413 2122/2901/413 1894/2850/413 1895/2849/413
f 1833/2775/414 1830/2738/414 1982/2902/414 1921/2903/414
f 1889/2879/387 1890/2904/387 1875/2905/387 1874/2880/387
f 1875/2905/387 1890/2904/387 1876/2906/387
f 1869/2907/387 1886/2815/387 1870/2878/387
f 1890/2904/414 1886/2815/414 2010/2908/414 2006/2909/414
f 1836/2893/411 1831/2895/411 1983/2910/411 1984/2911/411
f 1916/2912/387 1881/2854/387 1868/2858/387
f 2068/2913/387 1903/2914/387 1904/2915/387 1905/2916/387 1945/2917/387
f 1929/2751/414 1872/2918/414 1887/2919/414 1925/2920/414
f 1939/2921/415 1938/2922/415 1910/2923/415 1911/2924/415
f 1911/2924/388 1910/2923/388 1909/2925/388 1908/2926/388
f 1938/2922/416 1943/2927/416 1909/2925/416 1910/2923/416
f 1912/2928/389 1911/2924/389 1908/2926/389 1913/2929/389
f 1941/2930/417 1939/2921/417 1911/2924/417 1912/2928/417
f 1905/2916/387 1914/2931/387 1868/2858/387 1945/2917/387
f 1914/2931/387 1915/2932/387 1916/2912/387 1868/2858/387
f 1924/2933/403 1925/2920/403 1887/2919/403 1884/2934/403
f 1833/2775/414 1923/2861/414 1852/2874/414 1830/2738/414
f 2117/2832/418 1864/2837/418 1988/2935/418 2119/2936/418
f 1929/2751/407 1928/2937/407 1873/2938/407 1872/2918/407
f 1890/2904/414 1877/2939/414 1906/2816/414 1886/2815/414
f 1839/2766/410 1840/2765/410 1920/2940/410 1851/2802/410
f 1928/2937/401 1924/2933/401 1884/2934/401 1873/2938/401
f 1858/2823/414 1879/2867/414 1917/2868/414 1854/2758/414
f 2101/2894/392 2100/2941/392 2103/2942/392 1831/2895/392
f 1905/2943/387 1904/2944/387 1925/2920/387 1924/2933/387
f 1924/2933/387 1928/2937/387 1914/2945/387 1905/2943/387
f 2129/2946/419 1934/2947/419 2015/2948/419 2131/2949/419
f 1889/2879/401 1885/2814/401 1918/2817/401 1878/2950/401
f 1890/2904/407 1889/2879/407 1878/2950/407 1877/2939/407
f 1893/2951/411 1888/2952/411 2011/2953/411 2012/2954/411
f 2105/2767/420 1838/2770/420 1841/2882/420 2107/2955/420
f 1830/2738/396 1814/2778/396 1882/2956/396 1982/2902/396
f 1880/2875/392 2099/2876/392 2104/2957/392
f 1831/2958/392 2103/2733/392 2102/2732/392 1827/2819/392
f 2121/2900/421 1895/2849/421 2002/2852/421 2123/2959/421
f 2133/2862/422 2154/2960/422 2134/2961/422 1936/2962/422 1935/2863/422
f 2129/2946/423 2152/2963/423 2130/2964/423 1933/2965/423 1934/2947/423
f 1886/2815/396 1869/2907/396 2009/2966/396 2010/2908/396
f 1928/2937/387 1929/2751/387 1915/2967/387 1914/2945/387
f 1915/2967/387 1929/2751/387 1916/2750/387
f 1903/2968/387 1925/2920/387 1904/2944/387
f 1929/2751/414 1925/2920/414 2023/2969/414 2019/2752/414
f 1903/2970/393 2068/2971/393 2020/2972/393 2022/2973/393
f 1913/2929/424 1908/2926/424 1942/2974/424 1940/2975/424
f 1908/2926/425 1909/2925/425 1943/2927/425 1942/2974/425
f 1819/2718/426 1820/2702/426 1937/2705/426 1898/2976/426
f 1828/2977/427 1880/2978/427 1948/2979/427 1947/2980/427
f 1822/2719/428 1817/2706/428 1900/2709/428 1901/2981/428
f 1819/2718/401 1898/2976/401 1899/2708/401 1818/2707/401
f 1952/2982/385 1953/2983/385 1955/2984/385 1960/2985/385
f 1949/2986/386 1950/2987/386 1957/2988/386 1958/2989/386
f 1952/2982/388 1951/2990/388 1950/2987/388 1949/2986/388
f 1953/2983/389 1952/2982/389 1949/2986/389 1954/2991/389
f 1951/2990/426 1952/2982/426 1960/2985/426 1956/2992/426
f 1954/2991/428 1949/2986/428 1958/2989/428 1959/2993/428
f 1951/2990/401 1956/2992/401 1957/2988/401 1950/2987/401
f 1964/2994/385 1965/2995/385 1967/2996/385 1972/2997/385
f 1961/2998/386 1962/2999/386 1969/3000/386 1970/3001/386
f 1964/2994/388 1963/3002/388 1962/2999/388 1961/2998/388
f 1965/2995/389 1964/2994/389 1961/2998/389 1966/3003/389
f 1963/3002/426 1964/2994/426 1972/2997/426 1968/3004/426
f 1966/3003/428 1961/2998/428 1970/3001/428 1971/3005/428
f 1963/3002/401 1968/3004/401 1969/3000/401 1962/2999/401
f 1931/2723/390 2068/2722/390 1880/2875/390 2104/2957/390
f 1880/3006/390 2068/3007/390 1945/3008/390 1946/3009/390
f 1948/3010/390 1880/3011/390 1946/3012/390 1973/3013/390
f 1827/2819/429 2102/2732/429 1828/2731/429 2071/3014/429
f 1828/3015/430 1947/3016/430 1975/3017/430 1979/3018/430
f 2071/3019/400 1828/3020/400 1979/3021/400 1902/3022/400
f 1945/3023/393 1868/3024/393 1978/3025/393 1946/3026/393
f 1866/3027/393 1813/3028/393 1976/3029/393 1977/3030/393
f 1813/3028/393 1902/3031/393 1979/3032/393 1976/3029/393
f 1868/3024/393 1866/3027/393 1977/3030/393 1978/3025/393
f 1978/3025/393 1977/3030/393 1980/3033/393 1981/3034/393
f 1946/3026/393 1978/3025/393 1981/3034/393 1973/3035/393
f 1976/3029/393 1979/3032/393 1975/3036/393 1974/3037/393
f 1977/3030/393 1976/3029/393 1974/3037/393 1980/3033/393
f 2108/3038/387 2137/3039/387 2107/2955/387 1841/2882/387 1944/2881/387
f 1982/2902/387 2095/3040/387 2087/3041/387
f 1921/2903/387 1982/2902/387 2086/3042/387
f 1982/2902/387 2082/3043/387 2097/3044/387 2086/3042/387
f 1982/2902/387 2087/3041/387 2082/3043/387
f 2111/3045/387 2141/3046/387 2140/3047/387 2112/2803/387 1851/2802/387 1920/2940/387
f 1982/2902/387 1882/2956/387 2080/3048/387 2095/3040/387
f 2116/3049/387 2138/3050/387 2115/2757/387 1989/2756/387 1990/3051/387
f 1997/2761/387 2075/3052/387 2085/3053/387
f 1993/2824/387 1997/2761/387 2077/3054/387
f 1997/2761/387 2091/3055/387 2077/3054/387
f 1997/2761/387 2085/3053/387 2091/3055/387
f 2120/3056/387 2145/3057/387 2119/2936/387 1988/2935/387 1987/3058/387
f 1997/2761/387 1996/2760/387 2090/3059/387 2075/3052/387
f 1995/3060/387 2090/3061/387 2092/3062/387
f 1883/3063/387 2080/3048/387 2077/3054/387
f 1995/2811/387 2092/3064/387 2078/3065/387
f 2124/3066/387 2139/3067/387 2123/2959/387 2002/2852/387 2003/2851/387
f 2006/2909/387 2010/2908/387 2078/3065/387
f 2010/2908/387 2081/3068/387 2096/3069/387 2078/3065/387
f 2010/2908/387 2089/3070/387 2081/3068/387
f 2128/3071/387 2147/3072/387 2127/2786/387 2001/2785/387 2000/2888/387
f 2010/2908/387 2009/2966/387 2079/3073/387 2089/3070/387
f 2008/2848/387 2079/3074/387 2076/3075/387
f 2132/3076/387 2151/3077/387 2150/3078/387 2131/2949/387 2015/2948/387 2016/3079/387
f 2019/2752/387 2023/2969/387 2084/3080/387 2076/3081/387
f 2023/2969/387 2094/3082/387 2084/3080/387
f 2023/2969/387 2088/3083/387 2094/3082/387
f 2136/3084/387 2153/3085/387 2135/2865/387 2014/2864/387 2013/3086/387
f 2023/2969/387 2022/3087/387 2083/3088/387 2088/3083/387
f 2021/2730/387 2083/3089/387 2093/3090/387
f 2071/3091/393 1825/3092/393 1849/3093/393 1986/3094/393
f 1861/3095/411 1856/3096/411 1998/3097/411 1999/3098/411
f 1827/2819/431 2071/3014/431 1986/3099/431 1985/2820/431
f 1925/2920/396 1903/2968/396 2022/3087/396 2023/2969/396
f 1858/2823/414 1854/2758/414 1997/2761/414 1993/2824/414
f 1864/2837/410 1865/2836/410 1987/3058/410 1988/2935/410
f 1935/2863/410 1936/2962/410 2013/3086/410 2014/2864/410
f 1881/2747/393 1916/3100/393 2018/3101/393 2007/2748/393
f 1876/2906/394 1890/2904/394 2006/2909/394 2005/3102/394
f 1825/2777/394 1833/2775/394 1921/2903/394 1849/3103/394
f 2114/3104/400 1835/3105/400 1883/3063/400 2116/3106/400
f 1860/3107/391 1859/3108/391 1991/3109/391 1995/3060/391
f 1863/2755/406 1862/2839/406 1990/3051/406 1989/2756/406
f 1934/2947/406 1933/2965/406 2016/3079/406 2015/2948/406
f 2038/3110/390 2041/3111/390 2047/3112/390 2045/3113/390
f 2041/3111/432 2040/3114/432 2046/3115/432 2047/3112/432
f 2033/3116/433 2032/3117/433 2036/3118/433 2034/3119/433
f 2032/3117/434 2035/3120/434 2037/3121/434 2036/3118/434
f 2031/3122/432 2030/3123/432 2036/3118/432 2037/3121/432
f 2028/3124/390 2031/3122/390 2037/3121/390 2035/3120/390
f 2042/3125/434 2045/3113/434 2047/3112/434 2046/3115/434
f 2043/3126/433 2042/3125/433 2046/3115/433 2044/3127/433
f 2030/3123/435 2029/3128/435 2034/3119/435 2036/3118/435
f 2029/3128/400 2026/3129/400 2033/3116/400 2034/3119/400
f 2040/3114/435 2039/3130/435 2044/3127/435 2046/3115/435
f 2039/3130/400 2027/3131/400 2043/3126/400 2044/3127/400
f 2049/3132/390 2052/3133/390 2058/3134/390 2056/3135/390
f 2052/3133/432 2051/3136/432 2057/3137/432 2058/3134/432
f 2053/3138/434 2056/3135/434 2058/3134/434 2057/3137/434
f 2054/3139/433 2053/3138/433 2057/3137/433 2055/3140/433
f 2051/3136/435 2050/3141/435 2055/3140/435 2057/3137/435
f 2050/3141/400 2048/3142/400 2054/3139/400 2055/3140/400
f 2070/3143/436 2072/3144/436 2074/3145/436 2073/3146/436
f 2067/3147/390 2063/3148/390 2068/3149/390 2062/3150/390
f 2064/3151/437 2063/3148/437 2067/3147/437 2065/3152/437
f 2062/3150/438 2061/3153/438 2065/3152/438 2067/3147/438
f 2061/3153/400 2059/3154/400 2064/3151/400 2065/3152/400
f 2069/3155/432 2060/3156/432 2073/3146/432 2074/3145/432
f 2066/3157/390 2069/3155/390 2074/3145/390 2072/3144/390
f 2070/3143/400 2073/3146/400 2060/3156/400 2071/3158/400
f 2088/3159/387 2021/2730/387 2017/2729/387
f 2093/2725/387 2083/3088/387 2022/3087/387 2020/2726/387
f 2095/3160/387 2080/3161/387 1883/2843/387
f 2077/3054/387 1998/3162/387 1883/3063/387
f 2077/3054/387 2080/3048/387 1992/2825/387 1993/2824/387
f 2081/3068/387 2089/3070/387 2004/3163/387 2012/2828/387
f 2088/3159/387 2083/3089/387 2021/2730/387
f 1985/2820/387 1986/3099/387 1849/3103/387
f 2085/3164/387 2075/3165/387 1995/3060/387 1991/3109/387
f 2092/3064/387 2090/3059/387 1996/2760/387 1994/3166/387
f 2078/3167/387 2096/3168/387 2081/3169/387 2012/2954/387 2011/2953/387
f 2076/3081/387 2007/3170/387 2018/2753/387
f 2082/3043/387 2087/3041/387 1850/3171/387 1984/2773/387
f 2075/3165/387 2090/3061/387 1995/3060/387
f 2078/3065/387 2011/3172/387 1995/2811/387
f 2078/3065/387 2005/3102/387 2006/2909/387
f 2094/3082/387 2088/3083/387 2017/3173/387 2025/2872/387
f 2086/3174/387 2097/3175/387 2082/3176/387 1984/2911/387 1983/2910/387
f 2080/3048/387 1922/3177/387 1992/2825/387
f 2089/3178/387 2008/2848/387 2004/2847/387
f 2076/3081/387 2079/3073/387 2009/2966/387 2007/3170/387
f 2084/3179/387 2094/3180/387 2025/2892/387 2024/2891/387
f 2086/3042/387 1983/3181/387 1985/2820/387
f 2086/3042/387 1985/2820/387 1849/3103/387 1921/2903/387
f 2091/3055/387 2085/3053/387 1991/3182/387 1999/2885/387
f 2089/3178/387 2079/3074/387 2008/2848/387
f 2076/3081/387 2084/3080/387 2024/3183/387 2008/2781/387
f 2076/3081/387 2018/2753/387 2019/2752/387
f 2087/3184/387 2095/3160/387 1883/2843/387 1850/2842/387
f 2080/3048/387 1882/2956/387 1922/3177/387
f 2077/3185/387 2091/3186/387 1999/3098/387 1998/3097/387
f 2078/3065/387 2092/3064/387 1994/3166/387 2005/3102/387
f 2098/2735/392 2101/3187/392 1836/2772/392
f 2099/2876/392 2098/2735/392 1860/2810/392 1888/3188/392
f 2099/2876/392 1891/3189/392 1892/2780/392
f 2099/2876/392 1888/3188/392 1893/2827/392
f 2099/2876/392 1927/3190/392 1932/2871/392
f 2098/2735/392 1861/2884/392 1859/3191/392
f 2098/2735/392 2100/2734/392 2101/3187/392
f 2098/2735/392 1836/2772/392 1834/3192/392
f 2104/2957/392 2099/2876/392 1930/3193/392 1931/2723/392
f 2099/2876/392 1892/2780/392 1927/3190/392
f 2098/2735/392 1835/3105/392 1856/3194/392
f 2099/2876/392 1893/2827/392 1891/3189/392
f 2099/2876/392 1932/2871/392 1930/3193/392
f 2098/2735/392 1859/3191/392 1860/2810/392
f 2098/2735/392 1856/3194/392 1861/2884/392
f 2098/2735/392 1834/3192/392 1835/3105/392
f 1985/2820/387 1983/3181/387 2107/3195/387 2137/3196/387 2108/2821/387
f 1831/2958/421 2105/3197/421 2107/3195/421 1983/3181/421
f 1837/2769/400 2106/2768/400 2108/3038/400 1944/2881/400
f 1831/2958/439 1827/2819/439 2106/2818/439 2105/3197/439
f 1984/2773/387 1850/3171/387 2112/3198/387 2140/3199/387 2141/3200/387 2111/2774/387
f 1834/3192/419 2109/3201/419 2112/3198/419 1850/3171/419
f 1840/2765/440 2110/2764/440 2111/3045/440 1920/2940/440
f 1834/3192/441 1836/2772/441 2110/2771/441 2142/3202/441 2109/3201/441
f 1862/2839/400 2114/2838/400 2116/3049/400 1990/3051/400
f 1883/3063/387 1998/3162/387 2115/3203/387 2138/3204/387 2116/3106/387
f 1856/3194/442 1835/3105/442 2114/3104/442 2113/3205/442
f 1856/3194/419 2113/3205/419 2115/3203/419 1998/3162/419
f 1999/2885/387 1991/3182/387 2119/3206/387 2145/3207/387 2120/2886/387
f 1859/3191/419 2117/3208/419 2119/3206/419 1991/3182/419
f 1865/2836/443 2118/2835/443 2120/3056/443 1987/3058/443
f 1859/3191/444 1861/2884/444 2118/2883/444 2143/3209/444 2144/3210/444 2117/3208/444
f 1995/2811/387 2011/3172/387 2123/3211/387 2139/3212/387 2124/2812/387
f 1888/3188/421 2121/3213/421 2123/3211/421 2011/3172/421
f 1888/3188/445 1860/2810/445 2122/2809/445 2121/3213/445
f 1894/2850/400 2122/2901/400 2146/3214/400 2124/3066/400 2003/2851/400
f 2012/2828/387 2004/3163/387 2127/3215/387 2147/3216/387 2128/2829/387
f 1891/3189/446 1893/2827/446 2126/2826/446 2149/3217/446 2125/3218/446
f 1897/2887/440 2126/2899/440 2128/3071/440 2000/2888/440
f 1891/3189/395 2125/3218/395 2148/3219/395 2127/3215/395 2004/3163/395
f 2008/2781/387 2024/3183/387 2131/3220/387 2150/3221/387 2151/3222/387 2132/2782/387
f 1927/3190/447 1892/2780/447 2130/2779/447 2152/3223/447 2129/3224/447
f 1927/3190/395 2129/3224/395 2131/3220/395 2024/3183/395
f 1933/2965/400 2130/2964/400 2132/3076/400 2016/3079/400
f 2025/2872/387 2017/3173/387 2135/3225/387 2153/3226/387 2136/2873/387
f 1930/3193/448 1932/2871/448 2134/2870/448 2154/3227/448 2133/3228/448
f 1936/2962/409 2134/2961/409 2136/3084/409 2013/3086/409
f 1930/3193/395 2133/3228/395 2135/3225/395 2017/3173/395
f 2162/3229/385 2263/3230/385 2207/3231/385 2163/3232/385
f 2159/3233/386 2233/3234/386 2232/3235/386 2160/3236/386
f 2167/3237/392 2235/3238/392 2390/3239/392
f 2168/3240/392 2155/3241/392 2158/3242/392 2157/3243/392 2156/3244/392
f 2162/3229/449 2159/3233/449 2160/3236/449 2161/3245/449
f 2163/3232/450 2164/3246/450 2159/3233/450 2162/3229/450
f 2158/3242/392 2155/3241/392 2235/3238/392 2165/3247/392
f 2165/3247/392 2235/3238/392 2167/3237/392 2166/3248/392
f 2387/3249/390 2339/3250/390 2412/3251/390 2340/3252/390 2257/3253/390
f 2257/3254/451 2340/3255/451 2336/3256/451 2256/3257/451
f 2170/3258/387 2417/3259/387 2419/3260/387 2422/3261/387 2421/3262/387
f 2158/3263/392 2171/3264/392 2172/3265/392 2157/3266/392
f 2171/3264/392 2158/3263/392 2165/3267/392 2174/3268/392
f 2156/3269/393 2217/3270/393 2250/3271/393 2168/3272/393
f 2209/3273/393 2328/3274/393 2326/3275/393 2216/3276/393
f 2247/3277/394 2337/3278/394 2338/3279/394 2255/3280/394
f 2432/3281/452 2434/3282/452 2308/3283/452 2203/3284/452
f 2195/3285/396 2316/3286/396 2315/3287/396 2184/3288/396
f 2428/3289/453 2181/3290/453 2182/3291/453 2429/3292/453 2461/3293/453
f 2424/3294/454 2180/3295/454 2179/3296/454 2425/3297/454
f 2429/3298/455 2430/3299/455 2303/3300/455 2178/3301/455
f 2174/3268/392 2165/3267/392 2166/3302/392 2175/3303/392
f 2166/3302/392 2167/3304/392 2175/3303/392
f 2156/3305/392 2157/3266/392 2172/3265/392
f 2449/3306/400 2451/3307/400 2327/3308/400 2225/3309/400
f 2444/3310/452 2467/3311/452 2446/3312/452 2320/3313/452 2229/3314/452
f 2189/3315/392 2155/3241/392 2168/3240/392
f 2190/3316/392 2206/3317/392 2186/3318/392 2185/3319/392 2184/3320/392
f 2186/3318/392 2206/3317/392 2155/3241/392 2187/3321/392
f 2187/3321/392 2155/3241/392 2189/3315/392 2188/3322/392
f 2190/3323/393 2313/3324/393 2324/3325/393 2214/3326/393
f 2174/3268/401 1926/2801/401 1855/2800/401 2171/3264/401
f 2428/3289/456 2431/3327/456 2193/3328/456 2181/3290/456
f 2186/3329/392 2194/3330/392 2195/3285/392 2185/3331/392
f 2194/3330/392 2186/3329/392 2187/3332/392 2197/3333/392
f 2441/3334/400 2465/3335/400 2443/3336/400 2314/3337/400 2200/3338/400
f 2219/3339/403 1918/2817/403 1906/2816/403 2220/3340/403
f 2425/3341/400 2427/3342/400 2304/3343/400 2169/3344/400
f 2189/3345/394 2311/3346/394 2312/3347/394 2198/3348/394
f 2445/3349/455 2447/3350/455 2331/3351/455 2226/3352/455
f 2168/3272/393 2250/3271/393 2311/3353/393 2189/3354/393
f 2436/3355/457 2204/3356/457 2205/3357/457 2437/3358/457 2462/3359/457 2463/3360/457
f 2432/3281/458 2203/3284/458 2202/3361/458 2433/3362/458
f 2177/3363/451 2218/3364/451 2192/3365/451 2176/3366/451
f 2197/3333/392 2187/3332/392 2188/3367/392 2198/3348/392
f 2188/3367/392 2189/3345/392 2198/3348/392
f 2184/3288/392 2185/3331/392 2195/3285/392
f 2225/3368/451 2327/3369/451 2323/3370/451 2224/3371/451
f 2228/3372/459 2321/3373/459 2322/3374/459 2227/3375/459
f 2214/3376/392 2206/3317/392 2190/3316/392
f 2216/3377/392 2208/3378/392 2211/3379/392 2210/3380/392 2209/3381/392
f 2211/3379/392 2208/3378/392 2206/3317/392 2212/3382/392
f 2212/3382/392 2206/3317/392 2214/3376/392 2213/3383/392
f 2175/3303/407 1923/2861/407 1926/2801/407 2174/3268/407
f 2452/3384/460 2454/3385/460 2333/3386/460 2261/3387/460
f 2198/3348/407 1879/2867/407 1907/2866/407 2197/3333/407
f 2194/3330/403 1919/2869/403 1917/2868/403 2195/3285/403
f 2453/3388/461 2455/3389/461 2344/3390/461 2258/3391/461
f 2171/3264/403 1855/2800/403 1852/2874/403 2172/3265/403
f 2215/3392/387 2418/3393/387 2417/3259/387 2170/3258/387
f 2211/3394/392 2219/3339/392 2220/3340/392 2210/3395/392
f 2219/3339/392 2211/3394/392 2212/3396/392 2222/3397/392
f 2180/3295/459 2183/3398/459 2270/3399/459 2179/3296/459
f 2197/3333/401 1907/2866/401 1919/2869/401 2194/3330/401
f 2437/3400/455 2439/3401/455 2318/3402/455 2201/3403/455
f 2229/3314/462 2320/3313/462 2319/3404/462 2230/3405/462
f 2258/3406/463 2344/3407/463 2343/3408/463 2253/3409/463
f 2178/3410/387 2173/3411/387 2420/3412/387
f 2184/3413/393 2315/3414/393 2313/3324/393 2190/3323/393
f 2444/3310/464 2229/3314/464 2230/3405/464 2445/3415/464 2468/3416/464
f 2440/3417/465 2228/3372/465 2227/3375/465 2441/3418/465
f 2175/3303/414 2249/3419/414 2301/3420/414 2172/3265/414
f 2222/3397/392 2212/3396/392 2213/3421/392 2223/3422/392
f 2213/3421/392 2214/3423/392 2223/3422/392
f 2209/3424/392 2210/3395/392 2220/3340/392
f 2223/3422/414 2325/3425/414 2329/3426/414 2220/3340/414
f 2178/3410/463 2303/3427/463 2302/3428/463 2173/3411/463
f 2247/3429/392 2208/3378/392 2216/3377/392
f 2387/3430/392 2271/3431/392 2238/3432/392 2237/3433/392 2236/3434/392
f 2255/3280/414 2252/3435/414 1887/2919/414 1872/2918/414
f 2265/3436/466 2242/3437/466 2241/3438/466 2264/3439/466
f 2242/3437/449 2239/3440/449 2240/3441/449 2241/3438/449
f 2264/3439/467 2241/3438/467 2240/3441/467 2269/3442/467
f 2243/3443/450 2244/3444/450 2239/3440/450 2242/3437/450
f 2267/3445/468 2243/3443/468 2242/3437/468 2265/3436/468
f 2238/3432/392 2271/3431/392 2208/3378/392 2245/3446/392
f 2245/3446/392 2208/3378/392 2247/3429/392 2246/3447/392
f 2251/3448/403 1884/2934/403 1887/2919/403 2252/3435/403
f 2175/3303/414 2172/3265/414 1852/2874/414 1923/2861/414
f 2436/3355/469 2438/3449/469 2307/3450/469 2204/3356/469
f 2255/3280/407 1872/2918/407 1873/2938/407 2254/3451/407
f 2223/3422/414 2220/3340/414 1906/2816/414 1877/2939/414
f 2181/3290/462 2193/3328/462 2248/3452/462 2182/3291/462
f 2254/3451/401 1873/2938/401 1884/2934/401 2251/3448/401
f 2198/3348/414 2195/3285/414 1917/2868/414 1879/2867/414
f 2420/3412/387 2173/3411/387 2422/3453/387 2419/3454/387
f 2238/3455/392 2251/3448/392 2252/3435/392 2237/3456/392
f 2251/3448/392 2238/3455/392 2245/3457/392 2254/3451/392
f 2448/3458/470 2450/3459/470 2334/3460/470 2260/3461/470
f 2222/3397/401 1878/2950/401 1918/2817/401 2219/3339/401
f 2223/3422/407 1877/2939/407 1878/2950/407 2222/3397/407
f 2226/3462/463 2331/3463/463 2330/3464/463 2221/3465/463
f 2424/3294/471 2426/3466/471 2183/3398/471 2180/3295/471
f 2172/3265/396 2301/3420/396 2217/3467/396 2156/3305/396
f 2215/3392/387 2423/3468/387 2418/3393/387
f 2173/3469/387 2169/3344/387 2421/3262/387 2422/3261/387
f 2440/3417/472 2442/3470/472 2321/3373/472 2228/3372/472
f 2452/3384/473 2261/3387/473 2262/3471/473 2453/3472/473 2473/3473/473
f 2448/3458/474 2260/3461/474 2259/3474/474 2449/3475/474 2471/3476/474
f 2220/3340/396 2329/3426/396 2328/3477/396 2209/3424/396
f 2254/3451/392 2245/3457/392 2246/3478/392 2255/3280/392
f 2246/3478/392 2247/3277/392 2255/3280/392
f 2236/3479/392 2237/3456/392 2252/3435/392
f 2255/3280/414 2338/3279/414 2342/3480/414 2252/3435/414
f 2236/3481/393 2341/3482/393 2339/3483/393 2387/3484/393
f 2244/3444/475 2266/3485/475 2268/3486/475 2239/3440/475
f 2239/3440/476 2268/3486/476 2269/3442/476 2240/3441/476
f 2161/3245/426 2231/3487/426 2263/3230/426 2162/3229/426
f 2170/3488/427 1947/2980/427 1948/2979/427 2215/3489/427
f 2164/3246/428 2234/3490/428 2233/3234/428 2159/3233/428
f 2161/3245/401 2160/3236/401 2232/3235/401 2231/3487/401
f 2276/3491/385 2284/3492/385 2279/3493/385 2277/3494/385
f 2273/3495/386 2282/3496/386 2281/3497/386 2274/3498/386
f 2276/3491/449 2273/3495/449 2274/3498/449 2275/3499/449
f 2277/3494/450 2278/3500/450 2273/3495/450 2276/3491/450
f 2275/3499/426 2280/3501/426 2284/3492/426 2276/3491/426
f 2278/3500/428 2283/3502/428 2282/3496/428 2273/3495/428
f 2275/3499/401 2274/3498/401 2281/3497/401 2280/3501/401
f 2288/3503/385 2296/3504/385 2291/3505/385 2289/3506/385
f 2285/3507/386 2294/3508/386 2293/3509/386 2286/3510/386
f 2288/3503/449 2285/3507/449 2286/3510/449 2287/3511/449
f 2289/3506/450 2290/3512/450 2285/3507/450 2288/3503/450
f 2287/3511/426 2292/3513/426 2296/3504/426 2288/3503/426
f 2290/3512/428 2295/3514/428 2294/3508/428 2285/3507/428
f 2287/3511/401 2286/3510/401 2293/3509/401 2292/3513/401
f 2257/3253/390 2423/3468/390 2215/3392/390 2387/3249/390
f 2215/3515/390 2272/3516/390 2271/3517/390 2387/3518/390
f 1948/3010/390 1973/3013/390 2272/3519/390 2215/3520/390
f 2169/3344/429 2390/3521/429 2170/3258/429 2421/3262/429
f 2170/3522/477 2300/3523/477 1975/3017/477 1947/3016/477
f 2390/3524/400 2235/3525/400 2300/3526/400 2170/3527/400
f 2271/3528/393 2272/3529/393 2299/3530/393 2208/3531/393
f 2206/3532/393 2298/3533/393 2297/3534/393 2155/3535/393
f 2155/3535/393 2297/3534/393 2300/3536/393 2235/3537/393
f 2208/3531/393 2299/3530/393 2298/3533/393 2206/3532/393
f 2299/3530/393 1981/3034/393 1980/3033/393 2298/3533/393
f 2272/3529/393 1973/3035/393 1981/3034/393 2299/3530/393
f 2297/3534/393 1974/3037/393 1975/3036/393 2300/3536/393
f 2298/3533/393 1980/3033/393 1974/3037/393 2297/3534/393
f 2427/3538/392 2270/3399/392 2183/3398/392 2426/3466/392 2456/3539/392
f 2301/3420/392 2406/3540/392 2414/3541/392
f 2249/3419/392 2405/3542/392 2301/3420/392
f 2301/3420/392 2405/3542/392 2416/3543/392 2401/3544/392
f 2301/3420/392 2401/3544/392 2406/3540/392
f 2430/3545/392 2248/3452/392 2193/3328/392 2431/3327/392 2459/3546/392 2460/3547/392
f 2301/3420/392 2414/3541/392 2399/3548/392 2217/3467/392
f 2435/3549/392 2309/3550/392 2308/3283/392 2434/3282/392 2457/3551/392
f 2316/3286/392 2404/3552/392 2394/3553/392
f 2312/3347/392 2396/3554/392 2316/3286/392
f 2316/3286/392 2396/3554/392 2410/3555/392
f 2316/3286/392 2410/3555/392 2404/3552/392
f 2439/3556/392 2306/3557/392 2307/3450/392 2438/3449/392 2464/3558/392
f 2316/3286/392 2394/3553/392 2409/3559/392 2315/3287/392
f 2314/3560/392 2411/3561/392 2409/3562/392
f 2218/3563/392 2396/3554/392 2399/3548/392
f 2314/3337/392 2397/3564/392 2411/3565/392
f 2443/3566/392 2322/3374/392 2321/3373/392 2442/3470/392 2458/3567/392
f 2325/3425/392 2397/3564/392 2329/3426/392
f 2329/3426/392 2397/3564/392 2415/3568/392 2400/3569/392
f 2329/3426/392 2400/3569/392 2408/3570/392
f 2447/3571/392 2319/3404/392 2320/3313/392 2446/3312/392 2466/3572/392
f 2329/3426/392 2408/3570/392 2398/3573/392 2328/3477/392
f 2327/3369/392 2395/3574/392 2398/3575/392
f 2451/3576/392 2335/3577/392 2334/3460/392 2450/3459/392 2469/3578/392 2470/3579/392
f 2338/3279/392 2395/3580/392 2403/3581/392 2342/3480/392
f 2342/3480/392 2403/3581/392 2413/3582/392
f 2342/3480/392 2413/3582/392 2407/3583/392
f 2455/3584/392 2332/3585/392 2333/3386/392 2454/3385/392 2472/3586/392
f 2342/3480/392 2407/3583/392 2402/3587/392 2341/3588/392
f 2340/3255/392 2412/3589/392 2402/3590/392
f 2390/3591/393 2305/3592/393 2191/3593/393 2167/3594/393
f 2201/3595/463 2318/3596/463 2317/3597/463 2196/3598/463
f 2169/3344/478 2304/3343/478 2305/3599/478 2390/3521/478
f 2252/3435/396 2342/3480/396 2341/3588/396 2236/3479/396
f 2198/3348/414 2312/3347/414 2316/3286/414 2195/3285/414
f 2204/3356/462 2307/3450/462 2306/3557/462 2205/3357/462
f 2261/3387/462 2333/3386/462 2332/3585/462 2262/3471/462
f 2216/3276/393 2326/3275/393 2337/3600/393 2247/3601/393
f 2214/3423/394 2324/3602/394 2325/3425/394 2223/3422/394
f 2167/3304/394 2191/3603/394 2249/3419/394 2175/3303/394
f 2433/3604/400 2435/3605/400 2218/3563/400 2177/3606/400
f 2200/3607/451 2314/3560/451 2310/3608/451 2199/3609/451
f 2203/3284/459 2308/3283/459 2309/3550/459 2202/3361/459
f 2260/3461/459 2334/3460/459 2335/3577/459 2259/3474/459
f 2357/3610/390 2364/3611/390 2366/3612/390 2360/3613/390
f 2360/3613/479 2366/3612/479 2365/3614/479 2359/3615/479
f 2352/3616/433 2353/3617/433 2355/3618/433 2351/3619/433
f 2351/3619/434 2355/3618/434 2356/3620/434 2354/3621/434
f 2350/3622/479 2356/3620/479 2355/3618/479 2349/3623/479
f 2347/3624/390 2354/3621/390 2356/3620/390 2350/3622/390
f 2361/3625/434 2365/3614/434 2366/3612/434 2364/3611/434
f 2362/3626/433 2363/3627/433 2365/3614/433 2361/3625/433
f 2349/3623/480 2355/3618/480 2353/3617/480 2348/3628/480
f 2348/3628/400 2353/3617/400 2352/3616/400 2345/3629/400
f 2359/3615/480 2365/3614/480 2363/3627/480 2358/3630/480
f 2358/3630/400 2363/3627/400 2362/3626/400 2346/3631/400
f 2368/3632/390 2375/3633/390 2377/3634/390 2371/3635/390
f 2371/3635/479 2377/3634/479 2376/3636/479 2370/3637/479
f 2372/3638/434 2376/3636/434 2377/3634/434 2375/3633/434
f 2373/3639/433 2374/3640/433 2376/3636/433 2372/3638/433
f 2370/3637/480 2376/3636/480 2374/3640/480 2369/3641/480
f 2369/3641/400 2374/3640/400 2373/3639/400 2367/3642/400
f 2389/3643/436 2392/3644/436 2393/3645/436 2391/3646/436
f 2386/3647/390 2381/3648/390 2387/3649/390 2382/3650/390
f 2383/3651/437 2384/3652/437 2386/3647/437 2382/3650/437
f 2381/3648/481 2386/3647/481 2384/3652/481 2380/3653/481
f 2380/3653/400 2384/3652/400 2383/3651/400 2378/3654/400
f 2388/3655/479 2393/3645/479 2392/3644/479 2379/3656/479
f 2385/3657/390 2391/3646/390 2393/3645/390 2388/3655/390
f 2389/3643/400 2390/3658/400 2379/3656/400 2392/3644/400
f 2407/3659/392 2336/3256/392 2340/3255/392
f 2412/3251/392 2339/3250/392 2341/3588/392 2402/3587/392
f 2414/3660/392 2218/3364/392 2399/3661/392
f 2396/3554/392 2218/3563/392 2317/3662/392
f 2396/3554/392 2312/3347/392 2311/3346/392 2399/3548/392
f 2400/3569/392 2331/3351/392 2323/3663/392 2408/3570/392
f 2407/3659/392 2340/3255/392 2402/3590/392
f 2304/3343/392 2191/3603/392 2305/3599/392
f 2404/3664/392 2310/3608/392 2314/3560/392 2394/3665/392
f 2411/3565/392 2313/3666/392 2315/3287/392 2409/3559/392
f 2397/3667/392 2330/3464/392 2331/3463/392 2400/3668/392 2415/3669/392
f 2395/3580/392 2337/3278/392 2326/3670/392
f 2401/3544/392 2303/3300/392 2192/3671/392 2406/3540/392
f 2394/3665/392 2314/3560/392 2409/3562/392
f 2397/3564/392 2314/3337/392 2330/3672/392
f 2397/3564/392 2325/3425/392 2324/3602/392
f 2413/3582/392 2344/3390/392 2336/3673/392 2407/3583/392
f 2405/3674/392 2302/3428/392 2303/3427/392 2401/3675/392 2416/3676/392
f 2399/3548/392 2311/3346/392 2250/3677/392
f 2408/3678/392 2323/3370/392 2327/3369/392
f 2395/3580/392 2326/3670/392 2328/3477/392 2398/3573/392
f 2403/3679/392 2343/3408/392 2344/3407/392 2413/3680/392
f 2405/3542/392 2304/3343/392 2302/3681/392
f 2405/3542/392 2249/3419/392 2191/3603/392 2304/3343/392
f 2410/3555/392 2318/3402/392 2310/3682/392 2404/3552/392
f 2408/3678/392 2327/3369/392 2398/3575/392
f 2395/3580/392 2327/3308/392 2343/3683/392 2403/3581/392
f 2395/3580/392 2338/3279/392 2337/3278/392
f 2406/3684/392 2192/3365/392 2218/3364/392 2414/3660/392
f 2399/3548/392 2250/3677/392 2217/3467/392
f 2396/3685/392 2317/3597/392 2318/3596/392 2410/3686/392
f 2397/3564/392 2324/3602/392 2313/3666/392 2411/3565/392
f 2417/3259/387 2178/3301/387 2420/3687/387
f 2418/3393/387 2221/3688/387 2200/3338/387 2417/3259/387
f 2418/3393/387 2225/3309/387 2224/3689/387
f 2418/3393/387 2226/3352/387 2221/3688/387
f 2418/3393/387 2258/3391/387 2253/3690/387
f 2417/3259/387 2199/3691/387 2201/3403/387
f 2417/3259/387 2420/3687/387 2419/3260/387
f 2417/3259/387 2176/3692/387 2178/3301/387
f 2423/3468/387 2257/3253/387 2256/3693/387 2418/3393/387
f 2418/3393/387 2253/3690/387 2225/3309/387
f 2417/3259/387 2196/3694/387 2177/3606/387
f 2418/3393/387 2224/3689/387 2226/3352/387
f 2418/3393/387 2256/3693/387 2258/3391/387
f 2417/3259/387 2200/3338/387 2199/3691/387
f 2417/3259/387 2201/3403/387 2196/3694/387
f 2417/3259/387 2177/3606/387 2176/3692/387
f 2304/3343/392 2427/3342/392 2456/3695/392 2426/3696/392 2302/3681/392
f 2173/3469/472 2302/3681/472 2426/3696/472 2424/3697/472
f 2179/3296/400 2270/3399/400 2427/3538/400 2425/3297/400
f 2173/3469/482 2424/3697/482 2425/3341/482 2169/3344/482
f 2303/3300/392 2430/3299/392 2460/3698/392 2459/3699/392 2431/3700/392 2192/3671/392
f 2176/3692/470 2192/3671/470 2431/3700/470 2428/3701/470
f 2182/3291/483 2248/3452/483 2430/3545/483 2429/3292/483
f 2176/3692/484 2428/3701/484 2461/3702/484 2429/3298/484 2178/3301/484
f 2202/3361/400 2309/3550/400 2435/3549/400 2433/3362/400
f 2218/3563/392 2435/3605/392 2457/3703/392 2434/3704/392 2317/3662/392
f 2196/3694/485 2432/3705/485 2433/3604/485 2177/3606/485
f 2196/3694/470 2317/3662/470 2434/3704/470 2432/3705/470
f 2318/3402/392 2439/3401/392 2464/3706/392 2438/3707/392 2310/3682/392
f 2199/3691/470 2310/3682/470 2438/3707/470 2436/3708/470
f 2205/3357/486 2306/3557/486 2439/3556/486 2437/3358/486
f 2199/3691/487 2436/3708/487 2463/3709/487 2462/3710/487 2437/3400/487 2201/3403/487
f 2314/3337/392 2443/3336/392 2458/3711/392 2442/3712/392 2330/3672/392
f 2221/3688/472 2330/3672/472 2442/3712/472 2440/3713/472
f 2221/3688/488 2440/3713/488 2441/3334/488 2200/3338/488
f 2227/3375/400 2322/3374/400 2443/3566/400 2465/3714/400 2441/3418/400
f 2331/3351/392 2447/3350/392 2466/3715/392 2446/3716/392 2323/3663/392
f 2224/3689/489 2444/3717/489 2468/3718/489 2445/3349/489 2226/3352/489
f 2230/3405/483 2319/3404/483 2447/3571/483 2445/3415/483
f 2224/3689/452 2323/3663/452 2446/3716/452 2467/3719/452 2444/3717/452
f 2327/3308/392 2451/3307/392 2470/3720/392 2469/3721/392 2450/3722/392 2343/3683/392
f 2253/3690/490 2448/3723/490 2471/3724/490 2449/3306/490 2225/3309/490
f 2253/3690/452 2343/3683/452 2450/3722/452 2448/3723/452
f 2259/3474/400 2335/3577/400 2451/3576/400 2449/3475/400
f 2344/3390/392 2455/3389/392 2472/3725/392 2454/3726/392 2336/3673/392
f 2256/3693/491 2452/3727/491 2473/3728/491 2453/3388/491 2258/3391/491
f 2262/3471/461 2332/3585/461 2455/3584/461 2453/3472/461
f 2256/3693/452 2336/3673/452 2454/3726/452 2452/3727/452
o Wall1.002_Cube.003_Cube.031
v 1.707485 0.648245 -0.713812
v 1.668831 0.513594 -1.246348
v 1.851578 -0.000000 -1.391835
v 1.847539 -0.000000 -0.578511
v 0.993237 0.770094 -0.718406
v 0.993237 0.769015 -1.427134
v 1.052785 -0.000000 -1.735619
v 1.064558 -0.000000 -0.183029
v 1.304165 0.579817 -1.311521
v 1.432906 -0.000000 -1.450995
v 1.421102 -0.000000 -0.429620
v 1.338349 0.648245 -0.713812
v 2.083829 -0.000000 -0.993311
v 1.761657 0.688149 -0.999136
v 0.993237 1.041715 -0.995571
v 1.322584 1.018580 -0.995571
v 1.765905 0.407078 -6.730477
v 1.711367 0.387384 -7.293249
v 1.792205 -0.000000 -7.564575
v 2.019566 -0.000000 -6.685920
v 0.993237 0.770094 -6.786588
v 0.993237 0.769015 -7.286465
v 1.052785 -0.000000 -7.807302
v 1.059119 -0.000000 -6.475866
v 1.331065 0.415021 -7.325250
v 1.432906 -0.000000 -7.677077
v 1.629964 -0.000000 -6.486967
v 1.377331 0.407078 -6.737329
v 2.119277 -0.000000 -7.029072
v 1.807069 0.523352 -7.013298
v 0.993237 0.769554 -7.019661
v 1.349484 0.581623 -7.016952
v 1.051717 -0.000000 -6.406290
v 1.022641 0.407919 -6.599587
v 1.342691 0.236838 -6.554262
v 1.377816 -0.000000 -6.391476
v 1.728976 0.443139 -2.717780
v 1.712547 0.441386 -3.310961
v 1.792205 -0.000000 -3.583287
v 1.852531 -0.000000 -2.568948
v 1.025969 0.971901 -2.743381
v 1.025964 0.971751 -3.297711
v 1.052785 -0.000000 -3.826014
v 1.064559 -0.000000 -2.354083
v 1.392308 0.850095 -3.322745
v 1.432906 -0.000000 -3.695789
v 1.542515 0.000183 -2.428391
v 1.307299 0.706328 -2.675609
v 2.108108 -0.000000 -3.025734
v 1.811172 0.575784 -3.022984
v 1.003553 0.570182 -3.026451
v 1.563096 0.975369 -2.949603
v 1.064559 -0.000000 -2.106736
v 1.010046 0.592749 -2.371375
v 1.193550 0.470861 -2.484000
v 1.260428 -0.000000 -2.278380
v 1.707485 0.429467 -4.755403
v 1.668830 0.512000 -5.287939
v 1.851578 -0.000000 -5.433426
v 1.847539 -0.000000 -4.620101
v 0.993237 0.573240 -4.759997
v 0.993237 0.688986 -5.468725
v 1.052784 -0.000238 -5.777209
v 1.064558 -0.000000 -4.224619
v 1.304165 0.554236 -5.353112
v 1.432906 -0.000000 -5.492586
v 1.421102 -0.000000 -4.471211
v 1.338349 0.561219 -4.755403
v 2.083829 -0.000000 -5.034903
v 1.761657 0.630907 -5.040727
v 0.993237 0.973583 -5.037161
v 1.322584 0.981627 -5.037161
v -1.707485 0.648245 -0.713812
v -1.668830 0.513595 -1.246348
v -1.851578 0.000001 -1.391835
v -1.847538 0.000001 -0.578511
v -0.993237 0.770095 -0.718406
v -0.993237 0.769015 -1.427134
v -1.052784 0.000000 -1.735619
v -1.064558 0.000000 -0.183029
v -1.304164 0.579818 -1.311521
v -1.432906 0.000000 -1.450995
v -1.421102 0.000000 -0.429620
v -1.338348 0.648245 -0.713812
v -2.083829 0.000001 -0.993311
v -1.761656 0.688149 -0.999136
v -0.993237 1.041715 -0.995571
v -1.322584 1.018580 -0.995571
v -1.765905 0.407078 -6.730477
v -1.711367 0.387385 -7.293249
v -1.792206 0.000001 -7.564575
v -2.019566 0.000001 -6.685920
v -0.993237 0.770095 -6.786588
v -0.993237 0.769015 -7.286465
v -1.052785 0.000000 -7.807302
v -1.059119 0.000000 -6.475866
v -1.331065 0.415021 -7.325250
v -1.432906 0.000000 -7.677077
v -1.629964 0.000000 -6.486967
v -1.377331 0.407078 -6.737329
v -2.119277 0.000001 -7.029072
v -1.807069 0.523353 -7.013298
v -0.993237 0.769555 -7.019661
v -1.349484 0.581624 -7.016952
v -1.051717 0.000000 -6.406290
v -1.022641 0.407920 -6.599587
v -1.342691 0.236839 -6.554262
v -1.377817 0.000000 -6.391476
v -1.728976 0.443140 -2.717780
v -1.712547 0.441386 -3.310961
v -1.792205 0.000001 -3.583287
v -1.852531 0.000001 -2.568948
v -1.025969 0.971901 -2.743381
v -1.025964 0.971751 -3.297711
v -1.052785 0.000000 -3.826014
v -1.064558 0.000000 -2.354083
v -1.392307 0.850095 -3.322745
v -1.432906 0.000000 -3.695789
v -1.542515 0.000184 -2.428391
v -1.307298 0.706329 -2.675609
v -2.108108 0.000001 -3.025734
v -1.811172 0.575785 -3.022984
v -1.003552 0.570182 -3.026451
v -1.563095 0.975369 -2.949603
v -1.064558 0.000000 -2.106736
v -1.010045 0.592749 -2.371375
v -1.193550 0.470861 -2.484000
v -1.260428 0.000000 -2.278380
v -1.707485 0.429467 -4.755403
v -1.668830 0.512001 -5.287939
v -1.851578 0.000001 -5.433425
v -1.847539 0.000001 -4.620101
v -0.993237 0.573240 -4.759997
v -0.993237 0.688987 -5.468725
v -1.052785 -0.000238 -5.777209
v -1.064558 0.000000 -4.224619
v -1.304165 0.554237 -5.353112
v -1.432906 0.000000 -5.492586
v -1.421102 0.000000 -4.471211
v -1.338349 0.561219 -4.755403
v -2.083829 0.000001 -5.034902
v -1.761657 0.630908 -5.040727
v -0.993237 0.973584 -5.037161
v -1.322584 0.981628 -5.037161
vt 0.721767 0.969675
vt 0.721767 0.969674
vt 0.721767 0.969675
vt 0.721767 0.969675
vt 0.721767 0.969675
vt 0.721767 0.969675
vt 0.721767 0.969675
vt 0.721767 0.969675
vt 0.721767 0.969675
vt 0.721767 0.969674
vt 0.721767 0.969675
vt 0.721767 0.969675
vt 0.721767 0.969675
vt 0.721767 0.969675
vt 0.721767 0.969675
vt 0.721767 0.969675
vt 0.721767 0.969675
vt 0.721767 0.969675
vt 0.721767 0.969675
vt 0.721767 0.969675
vt 0.721767 0.969675
vt 0.721767 0.969675
vt 0.721767 0.969675
vt 0.721767 0.969675
vt 0.721767 0.969674
vt 0.721767 0.969675
vt 0.721767 0.969675
vt 0.721767 0.969675
vt 0.721767 0.969675
vt 0.721767 0.969675
vt 0.721767 0.969675
vt 0.721767 0.969675
vt 0.721767 0.969675
vt 0.721767 0.969675
vt 0.721767 0.969675
vt 0.721767 0.969675
vt 0.721767 0.969675
vt 0.721767 0.969675
vt 0.721767 0.969675
vt 0.721767 0.969675
vt 0.721767 0.969675
vt 0.721767 0.969675
vt 0.721767 0.969675
vt 0.721767 0.969675
vt 0.721767 0.969675
vt 0.721767 0.969675
vt 0.721767 0.969675
vt 0.721767 0.969675
vt 0.721767 0.969675
vt 0.721767 0.969675
vt 0.721767 0.969675
vt 0.721767 0.969675
vt 0.721767 0.969675
vt 0.721767 0.969675
vt 0.721767 0.969675
vt 0.721767 0.969675
vt 0.721767 0.969675
vt 0.721767 0.969675
vt 0.721767 0.969675
vt 0.721767 0.969675
vt 0.721767 0.969675
vt 0.721767 0.969675
vt 0.721767 0.969675
vt 0.721767 0.969675
vt 0.721767 0.969675
vt 0.721767 0.969675
vt 0.721767 0.969675
vt 0.721767 0.969675
vt 0.721767 0.969675
vt 0.721767 0.969675
vt 0.721767 0.969675
vt 0.721767 0.969675
vt 0.721767 0.969675
vt 0.721767 0.969675
vt 0.721767 0.969675
vt 0.721767 0.969674
vt 0.721767 0.969675
vt 0.721767 0.969675
vt 0.721767 0.969675
vt 0.721767 0.969675
vt 0.721767 0.969675
vt 0.721767 0.969675
vt 0.721767 0.969675
vt 0.721767 0.969674
vt 0.721767 0.969675
vt 0.721767 0.969675
vt 0.721767 0.969675
vt 0.721767 0.969675
vt 0.721767 0.969675
vt 0.721767 0.969675
vt 0.721767 0.969675
vt 0.721767 0.969675
vt 0.721767 0.969675
vt 0.721767 0.969675
vt 0.721767 0.969675
vt 0.721767 0.969675
vt 0.721767 0.969674
vt 0.721767 0.969675
vt 0.721767 0.969675
vt 0.721767 0.969675
vt 0.721767 0.969675
vt 0.721767 0.969675
vt 0.721767 0.969675
vt 0.721767 0.969675
vt 0.721767 0.969675
vt 0.721767 0.969675
vt 0.721767 0.969675
vt 0.721767 0.969675
vt 0.721767 0.969675
vt 0.721767 0.969675
vt 0.721767 0.969675
vt 0.721767 0.969675
vt 0.721767 0.969675
vt 0.721767 0.969675
vt 0.721767 0.969675
vt 0.721767 0.969675
vt 0.721767 0.969675
vt 0.721767 0.969675
vt 0.721767 0.969675
vt 0.721767 0.969675
vt 0.721767 0.969675
vt 0.721767 0.969675
vt 0.721767 0.969675
vt 0.721767 0.969675
vt 0.721767 0.969675
vt 0.721767 0.969675
vt 0.721767 0.969675
vt 0.721767 0.969675
vt 0.721767 0.969675
vt 0.721767 0.969675
vt 0.721767 0.969675
vt 0.721767 0.969675
vt 0.721767 0.969675
vt 0.721767 0.969675
vt 0.721767 0.969675
vt 0.721767 0.969675
vt 0.721767 0.969675
vt 0.721767 0.969675
vt 0.721767 0.969675
vt 0.721767 0.969675
vt 0.721767 0.969675
vt 0.721767 0.969675
vt 0.721767 0.969675
vt 0.721767 0.969675
vn 0.8623 0.3381 0.3770
vn 0.5392 0.3323 -0.7739
vn 0.3588 0.4959 0.7908
vn 0.3421 0.6764 -0.6522
vn 0.3504 0.5982 -0.7207
vn 0.1736 0.3301 0.9279
vn 0.1740 0.2945 -0.9397
vn 0.3130 0.7593 0.5705
vn 0.1352 0.6525 0.7456
vn 0.7785 0.3847 -0.4959
vn -0.0000 -1.0000 -0.0000
vn 0.8169 0.5054 0.2777
vn 0.3786 0.5820 -0.7197
vn 0.3055 0.5414 0.7833
vn 0.5891 0.7707 -0.2429
vn 0.1098 0.8751 -0.4714
vn 0.2143 0.4477 0.8681
vn 0.1717 0.6283 -0.7587
vn 0.0553 0.8864 0.4596
vn 0.5694 0.7874 0.2363
vn 0.7490 0.4704 -0.4667
vn 0.0476 0.4865 0.8724
vn 0.3350 0.6103 0.7179
vn 0.8117 0.3965 0.4288
vn 0.1953 0.4407 -0.8762
vn 0.5031 0.5240 0.6872
vn -0.2860 0.8551 0.4325
vn 0.6951 0.5261 -0.4899
vn 0.3554 0.4018 0.8440
vn 0.4098 0.4380 -0.8001
vn 0.5802 0.4704 0.6649
vn -0.1114 0.9552 -0.2742
vn 0.7893 0.4147 -0.4529
vn -0.0003 -1.0000 0.0001
vn 0.0002 -1.0000 0.0001
vn 0.6301 0.3730 0.6810
vn 0.4377 0.4185 0.7958
vn 0.0001 -1.0000 -0.0004
vn 0.7965 0.4067 0.4475
vn 0.5192 0.3582 -0.7760
vn 0.2728 0.5875 0.7619
vn 0.2587 0.6963 -0.6695
vn 0.3617 0.6324 -0.6850
vn 0.2339 0.4232 0.8753
vn 0.1653 0.2994 -0.9397
vn 0.3694 0.6136 0.6979
vn -0.0023 0.5628 0.8266
vn 0.7849 0.4042 -0.4696
vn 0.0003 -1.0000 0.0001
vn -0.8623 0.3381 0.3770
vn -0.5392 0.3323 -0.7739
vn -0.3588 0.4959 0.7908
vn -0.3421 0.6764 -0.6522
vn -0.3504 0.5982 -0.7207
vn -0.1736 0.3301 0.9279
vn -0.1740 0.2945 -0.9397
vn -0.3130 0.7593 0.5705
vn -0.1352 0.6525 0.7456
vn -0.7785 0.3847 -0.4959
vn -0.8169 0.5054 0.2777
vn -0.3786 0.5820 -0.7197
vn -0.3055 0.5414 0.7833
vn -0.5891 0.7707 -0.2429
vn -0.1098 0.8751 -0.4714
vn -0.2143 0.4477 0.8681
vn -0.1717 0.6283 -0.7587
vn -0.0553 0.8864 0.4596
vn -0.5694 0.7874 0.2363
vn -0.7490 0.4704 -0.4667
vn -0.0476 0.4865 0.8724
vn -0.3350 0.6103 0.7179
vn -0.8117 0.3965 0.4288
vn -0.1953 0.4407 -0.8762
vn -0.5031 0.5240 0.6872
vn 0.2860 0.8551 0.4325
vn -0.6951 0.5261 -0.4899
vn -0.3554 0.4018 0.8440
vn -0.4098 0.4380 -0.8001
vn -0.5802 0.4704 0.6649
vn 0.1114 0.9552 -0.2742
vn -0.7893 0.4147 -0.4529
vn -0.0002 -1.0000 0.0001
vn -0.6301 0.3730 0.6810
vn -0.4377 0.4185 0.7958
vn -0.0001 -1.0000 -0.0004
vn -0.7965 0.4067 0.4475
vn -0.5192 0.3582 -0.7760
vn -0.2728 0.5875 0.7619
vn -0.2587 0.6963 -0.6695
vn -0.3617 0.6324 -0.6850
vn -0.2339 0.4232 0.8753
vn -0.1653 0.2994 -0.9397
vn -0.3694 0.6136 0.6979
vn 0.0023 0.5628 0.8266
vn -0.7849 0.4042 -0.4696
usemtl Medieval
s off
f 2486/3729/492 2487/3730/492 2474/3731/492 2477/3732/492
f 2482/3733/493 2483/3734/493 2480/3735/493 2479/3736/493
f 2484/3737/494 2485/3738/494 2478/3739/494 2481/3740/494
f 2489/3741/495 2482/3733/495 2479/3736/495 2488/3742/495
f 2487/3730/496 2475/3743/496 2482/3733/496 2489/3741/496
f 2477/3732/497 2474/3731/497 2485/3738/497 2484/3737/497
f 2475/3743/498 2476/3744/498 2483/3734/498 2482/3733/498
f 2474/3731/499 2487/3730/499 2489/3741/499 2485/3738/499
f 2485/3738/500 2489/3741/500 2488/3742/500 2478/3739/500
f 2476/3744/501 2475/3743/501 2487/3730/501 2486/3729/501
f 2486/3729/502 2477/3732/502 2476/3744/502
f 2484/3737/502 2483/3734/502 2476/3744/502 2477/3732/502
f 2483/3734/502 2484/3737/502 2481/3740/502 2480/3735/502
f 2502/3745/503 2503/3746/503 2490/3747/503 2493/3748/503
f 2498/3749/504 2499/3750/504 2496/3751/504 2495/3752/504
f 2501/3753/505 2494/3754/505 2507/3755/505 2508/3756/505
f 2505/3757/506 2498/3749/506 2495/3752/506 2504/3758/506
f 2503/3746/507 2491/3759/507 2498/3749/507 2505/3757/507
f 2493/3748/508 2490/3747/508 2501/3753/508 2500/3760/508
f 2491/3759/509 2492/3761/509 2499/3750/509 2498/3749/509
f 2490/3747/510 2503/3746/510 2505/3757/510 2501/3753/510
f 2501/3753/511 2505/3757/511 2504/3758/511 2494/3754/511
f 2492/3761/512 2491/3759/512 2503/3746/512 2502/3745/512
f 2502/3745/502 2493/3748/502 2492/3761/502
f 2500/3760/502 2499/3750/502 2492/3761/502 2493/3748/502
f 2499/3750/502 2500/3760/502 2497/3762/502 2496/3751/502
f 2509/3763/513 2508/3756/513 2507/3755/513 2506/3764/513
f 2500/3760/514 2501/3753/514 2508/3756/514 2509/3763/514
f 2497/3762/502 2500/3760/502 2509/3763/502 2506/3764/502
f 2522/3765/515 2523/3766/515 2510/3767/515 2513/3768/515
f 2518/3769/516 2519/3770/516 2516/3771/516 2515/3772/516
f 2521/3773/517 2514/3774/517 2527/3775/517 2528/3776/517
f 2525/3777/518 2518/3769/518 2515/3772/518 2524/3778/518
f 2523/3766/519 2511/3779/519 2518/3769/519 2525/3777/519
f 2513/3768/520 2510/3767/520 2521/3773/520 2520/3780/520
f 2511/3779/521 2512/3781/521 2519/3770/521 2518/3769/521
f 2510/3767/522 2523/3766/522 2525/3777/522 2521/3773/522
f 2521/3773/523 2525/3777/523 2524/3778/523 2514/3774/523
f 2512/3781/524 2511/3779/524 2523/3766/524 2522/3765/524
f 2522/3765/502 2513/3768/502 2512/3781/502
f 2520/3780/525 2519/3770/525 2512/3781/525 2513/3768/525
f 2519/3770/526 2520/3780/526 2517/3782/526 2516/3771/526
f 2529/3783/527 2528/3776/527 2527/3775/527 2526/3784/527
f 2520/3780/528 2521/3773/528 2528/3776/528 2529/3783/528
f 2517/3782/529 2520/3780/529 2529/3783/529 2526/3784/529
f 2542/3785/530 2543/3786/530 2530/3787/530 2533/3788/530
f 2538/3789/531 2539/3790/531 2536/3791/531 2535/3792/531
f 2540/3793/532 2541/3794/532 2534/3795/532 2537/3796/532
f 2545/3797/533 2538/3789/533 2535/3792/533 2544/3798/533
f 2543/3786/534 2531/3799/534 2538/3789/534 2545/3797/534
f 2533/3788/535 2530/3787/535 2541/3794/535 2540/3793/535
f 2531/3799/536 2532/3800/536 2539/3790/536 2538/3789/536
f 2530/3787/537 2543/3786/537 2545/3797/537 2541/3794/537
f 2541/3794/538 2545/3797/538 2544/3798/538 2534/3795/538
f 2532/3800/539 2531/3799/539 2543/3786/539 2542/3785/539
f 2542/3785/502 2533/3788/502 2532/3800/502
f 2540/3793/502 2539/3790/502 2532/3800/502 2533/3788/502
f 2539/3790/540 2540/3793/540 2537/3796/540 2536/3791/540
f 2558/3801/541 2549/3802/541 2546/3803/541 2559/3804/541
f 2554/3805/542 2551/3806/542 2552/3807/542 2555/3808/542
f 2556/3809/543 2553/3810/543 2550/3811/543 2557/3812/543
f 2561/3813/544 2560/3814/544 2551/3806/544 2554/3805/544
f 2559/3804/545 2561/3813/545 2554/3805/545 2547/3815/545
f 2549/3802/546 2556/3809/546 2557/3812/546 2546/3803/546
f 2547/3815/547 2554/3805/547 2555/3808/547 2548/3816/547
f 2546/3803/548 2557/3812/548 2561/3813/548 2559/3804/548
f 2557/3812/549 2550/3811/549 2560/3814/549 2561/3813/549
f 2548/3816/550 2558/3801/550 2559/3804/550 2547/3815/550
f 2558/3801/502 2548/3816/502 2549/3802/502
f 2556/3809/502 2549/3802/502 2548/3816/502 2555/3808/502
f 2555/3808/502 2552/3807/502 2553/3810/502 2556/3809/502
f 2574/3817/551 2565/3818/551 2562/3819/551 2575/3820/551
f 2570/3821/552 2567/3822/552 2568/3823/552 2571/3824/552
f 2573/3825/553 2580/3826/553 2579/3827/553 2566/3828/553
f 2577/3829/554 2576/3830/554 2567/3822/554 2570/3821/554
f 2575/3820/555 2577/3829/555 2570/3821/555 2563/3831/555
f 2565/3818/556 2572/3832/556 2573/3825/556 2562/3819/556
f 2563/3831/557 2570/3821/557 2571/3824/557 2564/3833/557
f 2562/3819/558 2573/3825/558 2577/3829/558 2575/3820/558
f 2573/3825/559 2566/3828/559 2576/3830/559 2577/3829/559
f 2564/3833/560 2574/3817/560 2575/3820/560 2563/3831/560
f 2574/3817/502 2564/3833/502 2565/3818/502
f 2572/3832/502 2565/3818/502 2564/3833/502 2571/3824/502
f 2571/3824/502 2568/3823/502 2569/3834/502 2572/3832/502
f 2581/3835/561 2578/3836/561 2579/3827/561 2580/3826/561
f 2572/3832/562 2581/3835/562 2580/3826/562 2573/3825/562
f 2569/3834/502 2578/3836/502 2581/3835/502 2572/3832/502
f 2594/3837/563 2585/3838/563 2582/3839/563 2595/3840/563
f 2590/3841/564 2587/3842/564 2588/3843/564 2591/3844/564
f 2593/3845/565 2600/3846/565 2599/3847/565 2586/3848/565
f 2597/3849/566 2596/3850/566 2587/3842/566 2590/3841/566
f 2595/3840/567 2597/3849/567 2590/3841/567 2583/3851/567
f 2585/3838/568 2592/3852/568 2593/3845/568 2582/3839/568
f 2583/3851/569 2590/3841/569 2591/3844/569 2584/3853/569
f 2582/3839/570 2593/3845/570 2597/3849/570 2595/3840/570
f 2593/3845/571 2586/3848/571 2596/3850/571 2597/3849/571
f 2584/3853/572 2594/3837/572 2595/3840/572 2583/3851/572
f 2594/3837/502 2584/3853/502 2585/3838/502
f 2592/3852/540 2585/3838/540 2584/3853/540 2591/3844/540
f 2591/3844/573 2588/3843/573 2589/3854/573 2592/3852/573
f 2601/3855/574 2598/3856/574 2599/3847/574 2600/3846/574
f 2592/3852/575 2601/3855/575 2600/3846/575 2593/3845/575
f 2589/3854/576 2598/3856/576 2601/3855/576 2592/3852/576
f 2614/3857/577 2605/3858/577 2602/3859/577 2615/3860/577
f 2610/3861/578 2607/3862/578 2608/3863/578 2611/3864/578
f 2612/3865/579 2609/3866/579 2606/3867/579 2613/3868/579
f 2617/3869/580 2616/3870/580 2607/3862/580 2610/3861/580
f 2615/3860/581 2617/3869/581 2610/3861/581 2603/3871/581
f 2605/3858/582 2612/3865/582 2613/3868/582 2602/3859/582
f 2603/3871/583 2610/3861/583 2611/3864/583 2604/3872/583
f 2602/3859/584 2613/3868/584 2617/3869/584 2615/3860/584
f 2613/3868/585 2606/3867/585 2616/3870/585 2617/3869/585
f 2604/3872/586 2614/3857/586 2615/3860/586 2603/3871/586
f 2614/3857/502 2604/3872/502 2605/3858/502
f 2612/3865/502 2605/3858/502 2604/3872/502 2611/3864/502
f 2611/3864/525 2608/3863/525 2609/3866/525 2612/3865/525
o Wall4_Cube.003_Cube.013
v 1.069991 0.000000 -9.999052
v 1.069991 3.402719 -9.610785
v 1.069991 3.132251 -9.317097
v 1.069991 2.193861 -9.240015
v 1.069991 2.196912 -8.771904
v 1.069991 3.136184 -8.698605
v 1.069991 3.402719 -8.405342
v 1.069991 3.402719 -9.999052
v 0.866583 3.934202 -8.000000
v 0.866583 3.458668 -8.000000
v 1.069991 2.564195 -9.088499
v 1.069991 3.402312 -9.089956
v 0.866582 3.934841 -8.502085
v 1.069991 2.565415 -8.913952
v 1.069991 3.403564 -8.915331
v 0.866582 3.929702 -9.503510
v 0.866582 3.934203 -9.999053
v 0.866582 3.932782 -9.002954
v 0.866767 4.292350 -8.000000
v 0.852032 4.293097 -8.502164
v 0.833285 4.288064 -9.503608
v 0.840622 4.291156 -9.003043
v 1.069991 3.402719 -8.000000
v 1.069991 3.402719 -11.611732
v 1.069991 3.132252 -11.318044
v 1.069991 2.193862 -11.240961
v 1.069991 2.196912 -10.772850
v 1.069991 3.136184 -10.699552
v 1.069991 3.402719 -10.406289
v 1.069991 3.458668 -12.000000
v 0.866582 3.458668 -12.503979
v 0.000001 3.402312 -9.089956
v 1.069991 2.564195 -11.089446
v 1.069991 3.402312 -11.090903
v 0.000001 2.564194 -9.088499
v 0.866583 3.934841 -10.503032
v 1.069991 2.565415 -10.914898
v 1.069991 3.403565 -10.916277
v 0.866582 3.929703 -11.504457
v 0.866583 3.934203 -12.000000
v 0.866582 3.932783 -11.003901
v 0.866767 4.292350 -9.999053
v 0.852032 4.293098 -10.503111
v 0.833285 4.288064 -11.504555
v 0.840622 4.291157 -11.003990
v 1.069991 0.000000 -11.909392
v 1.069991 0.000001 -14.000947
v 1.069991 3.402719 -13.612679
v 1.069991 3.132252 -13.318991
v 1.069991 2.193862 -13.241908
v 0.000000 3.403565 -14.918171
v 0.000000 2.564806 -14.916792
v 1.069991 2.196913 -12.773797
v 1.069991 3.136184 -12.700499
v 1.069991 3.458668 -12.504154
v 0.000001 3.403565 -12.917224
v 0.000000 2.565415 -12.915845
v 0.000001 3.403564 -10.916277
v 0.000000 2.564806 -15.091341
v 1.069991 2.564195 -13.090393
v 1.069991 3.402313 -13.091850
v 0.000000 3.402313 -15.092798
v 0.866582 3.934841 -12.503979
v 1.069991 2.565415 -12.915845
v 1.069991 3.403565 -12.917224
v 0.866767 4.292350 -12.000000
v 0.852032 4.293098 -12.504058
v 1.069991 0.000001 -16.000000
v 1.069991 3.402585 -15.533242
v 1.069991 3.132252 -15.319939
v 0.000001 3.402312 -13.091850
v 0.000000 2.565415 -10.914898
v 1.069991 3.402719 -14.408184
v 0.000001 3.402312 -11.090903
v 0.000000 2.564195 -13.090393
v 0.000000 2.564195 -11.089446
v 0.000001 0.000001 -14.000947
v 1.069991 3.402719 -16.000000
v 0.000001 3.403564 -8.915331
v 1.069991 2.564806 -15.091341
v 1.069991 3.402313 -15.092798
v 0.000001 2.565414 -8.913952
v 1.069991 2.564806 -14.916792
v 1.069991 3.403565 -14.918171
v 0.566583 3.458668 -10.914740
v 0.000000 3.458668 -16.000000
v 0.000001 3.458668 -8.000000
v -1.069991 0.000000 -8.000000
v -1.069991 0.000000 -9.999052
v -1.069989 3.402719 -9.610785
v -1.069990 3.132252 -9.317097
v -1.069990 2.193862 -9.240015
v -1.516660 1.177829 -8.790222
v -1.094430 2.540752 -8.912550
v -1.091591 2.539518 -9.089792
v -1.511619 1.175645 -9.204735
v -1.762959 0.013986 -9.241892
v -1.767267 0.014012 -8.745629
v -1.069990 2.196912 -8.771904
v -1.069990 3.136184 -8.698605
v -1.069989 3.402719 -8.405342
v -0.866581 3.934203 -8.000000
v -0.866581 3.458669 -9.089825
v -1.069990 2.564195 -9.088499
v -1.069989 3.402312 -9.089956
v -0.866581 3.934841 -8.502085
v -1.069990 2.565415 -8.913952
v -1.069989 3.403565 -8.915331
v -0.866581 3.929703 -9.503510
v -0.866581 3.928622 -9.999052
v -0.866581 3.932783 -9.002954
v -0.866765 4.292350 -8.000000
v -0.852031 4.293097 -8.502164
v -0.833283 4.288064 -9.503608
v -0.840621 4.291156 -9.003043
v -1.069989 3.402719 -8.000000
v -0.866581 3.458669 -8.000000
v -1.069990 3.402719 -11.611732
v -1.069990 3.132252 -11.318044
v -1.069990 2.193862 -11.240961
v -1.069990 2.196913 -10.772850
v -1.069990 3.136184 -10.699552
v -1.069990 3.402719 -10.406289
v -0.866581 3.458669 -11.090771
v -1.069990 2.564195 -11.089446
v -1.069990 3.402313 -11.090903
v -0.866581 3.934842 -10.503032
v -1.069990 2.565415 -10.914898
v -1.069990 3.403565 -10.916277
v -0.866581 3.929703 -11.504457
v -0.866581 3.934204 -12.000000
v -0.866581 3.932783 -11.003901
v -0.866765 4.292350 -9.999053
v -0.852031 4.293098 -10.503111
v -0.833283 4.288064 -11.504555
v -0.840621 4.291157 -11.003990
v -1.069991 0.000001 -11.909392
v -1.069991 0.000000 -9.242339
v -1.069991 0.000001 -14.000947
v -1.069990 3.402720 -13.612679
v -1.069990 3.132252 -13.318991
v -1.069990 2.193863 -13.241908
v -1.069990 2.196913 -12.773797
v -1.069990 3.136185 -12.700499
v -1.069990 3.402719 -12.407236
v -0.866581 3.458669 -14.000946
v -1.069990 2.564196 -13.090393
v -1.069990 3.402313 -13.091850
v -0.866581 3.934842 -12.503979
v -1.069990 2.565416 -12.915845
v -1.069990 3.403566 -12.917224
v -0.866581 3.929703 -13.505404
v -0.866581 3.928623 -14.000947
v -0.866581 3.932784 -13.004848
v -0.866765 4.292350 -12.000000
v -0.852031 4.293098 -12.504058
v -0.833284 4.288064 -13.505502
v -0.840621 4.291157 -13.004937
v -1.000749 2.539518 -9.089792
v -1.000749 2.540752 -8.912550
v -1.000750 1.177829 -8.790222
v -1.069991 0.000000 -8.745092
v -1.069991 0.000001 -16.000000
v -1.069990 3.402720 -15.613626
v -1.069990 3.132253 -15.319939
v -1.069990 2.193863 -15.242855
v -1.516660 1.177830 -14.793063
v -1.094430 2.540753 -14.915390
v -1.091592 2.539519 -15.092632
v -1.511619 1.175646 -15.207577
v -1.762960 0.013987 -15.244733
v -1.767268 0.014013 -14.748470
v -1.069990 2.196913 -14.774744
v -1.069990 3.136185 -14.701447
v -1.069990 3.402720 -14.408184
v -0.866582 3.458669 -16.000000
v -1.069990 3.402720 -16.000000
v -1.069990 2.564806 -15.091341
v -1.069990 3.402313 -15.092798
v -0.866581 3.934842 -14.504927
v -1.069990 2.564806 -14.916792
v -1.069990 3.403566 -14.918171
v -0.866581 3.929703 -15.506351
v -0.866581 3.928623 -16.000000
v -0.866581 3.932784 -15.005795
v -0.866765 4.292351 -14.000948
v -0.852031 4.293098 -14.505005
v -0.833284 4.288064 -15.506449
v -0.840621 4.291157 -15.005884
v -1.000750 1.175645 -9.204735
v -0.819050 2.540005 -15.092546
v -0.866770 1.176516 -15.207422
v -1.069991 0.000001 -14.747793
v -1.069991 0.000001 -15.245035
v -0.871754 1.178674 -14.792913
v -0.821871 2.541231 -14.915306
v 0.000000 0.000001 -16.000000
v 0.000001 0.000000 -9.999052
v 1.069991 0.000000 -8.000000
v -1.516660 1.177829 -10.789411
v -1.094430 2.540752 -10.911738
v -1.091592 2.539518 -11.088981
v -1.511619 1.175645 -11.203924
v -1.762959 0.013986 -11.241081
v -1.767267 0.014012 -10.744818
v -1.069991 0.000000 -11.241529
v -1.000749 2.539518 -11.088982
v -1.000749 2.540752 -10.911739
v -1.000750 1.177829 -10.789412
v -1.069991 0.000000 -10.744282
v -1.000750 1.175645 -11.203924
v -1.516660 1.177829 -12.795041
v -1.094430 2.540752 -12.917369
v -1.091592 2.539518 -13.094612
v -1.511619 1.175645 -13.209555
v -1.762959 0.013986 -13.246712
v -1.767267 0.014012 -12.750449
v -1.069991 0.000000 -13.247159
v -1.000750 2.539518 -13.094612
v -1.000750 2.540752 -12.917370
v -1.000750 1.177829 -12.795042
v -1.069991 0.000000 -12.749912
v -1.000750 1.175645 -13.209555
v 0.866582 3.458668 -15.005795
v 2.940864 3.402585 -15.506554
v 2.940864 3.402963 -15.005983
v 1.457635 3.444742 -15.005983
v 1.845279 3.430816 -15.005983
v 2.232924 3.416889 -15.005983
v 1.063595 3.031280 -14.882360
v 2.313933 2.899310 -15.005829
v 2.940411 2.999271 -15.005830
v 2.940411 2.999271 -15.506400
v 1.516660 1.177830 -12.793881
v 1.094431 2.540752 -12.916209
v 1.091593 2.539519 -13.093451
v 1.511619 1.175645 -13.208395
v 1.765985 0.000001 -13.245998
v 1.770285 0.000001 -12.748752
v 0.819051 2.540005 -13.093365
v 0.866771 1.176516 -13.208241
v 1.069991 0.000001 -12.748612
v 1.069991 0.000001 -13.245853
v 0.871755 1.178674 -12.793732
v 0.821872 2.541231 -12.916124
v 2.316891 2.899310 -15.506399
v 2.618575 0.000000 -9.416719
v 1.069991 0.000000 -9.247470
v 2.618575 0.431021 -9.416719
v 1.069991 0.431021 -9.247470
v 2.618575 0.862041 -9.884094
v 1.069991 0.862041 -9.714844
v 1.069991 0.876178 -10.740553
v 2.618575 1.293061 -10.351468
v 1.069991 1.293061 -10.182219
v 2.618575 0.000000 -9.884094
v 2.618575 1.724082 -10.818843
v 1.069991 1.724082 -10.649592
v 2.618575 0.876178 -10.818843
v 1.069991 1.738219 -11.675302
v 2.618575 2.155102 -11.286217
v 1.069991 2.155102 -11.116967
v 2.618575 2.600259 -12.688339
v 2.618575 2.586122 -11.753592
v 1.069991 2.586122 -11.584341
v 2.618575 1.738219 -11.753592
v 1.069991 0.000000 -9.805803
v 2.618575 3.017142 -12.220965
v 1.069991 3.017142 -12.051716
v 2.618575 3.458668 -12.688339
v 1.069991 2.600259 -12.610049
v 2.618575 3.031280 -15.005983
v 1.069991 3.003735 -15.005983
v 1.069991 3.458668 -15.005983
v 2.618575 3.458668 -15.005983
v 1.069991 3.003735 -13.330471
v 1.069991 2.849991 -12.880844
v 2.618575 2.849991 -12.959134
v 2.618575 3.031280 -13.408761
v 0.000001 0.000000 -8.000000
v 0.000001 0.000001 -11.909392
v 1.369991 4.290039 -9.003234
v 1.369991 4.286930 -9.503813
v 1.369991 4.291701 -8.502341
v 1.369991 4.290699 -8.000000
v 1.369991 3.928582 -9.503712
v 1.369991 3.402515 -8.752701
v 1.369991 3.402719 -9.751382
v 1.369991 3.840872 -16.000000
v 1.369991 3.927468 -9.999052
v 1.369991 3.402515 -10.753648
v 0.866582 3.799801 -15.642490
v 1.369991 3.933464 -8.502259
v 1.369991 3.931685 -9.003142
v 1.369991 3.932572 -8.000000
v 1.369991 3.402719 -8.000000
v 1.369991 4.290040 -11.004181
v 1.369991 4.286931 -11.504760
v 1.369991 4.291701 -10.503288
v 1.369991 4.290699 -9.999053
v 1.369991 3.928583 -11.504659
v 1.369991 3.843527 -11.544822
v 1.369991 3.788928 -15.506554
v 1.369991 3.430694 -11.752329
v 1.369991 3.932572 -12.000000
v 0.866582 3.826242 -16.000000
v 1.369991 3.933464 -12.504154
v 1.369991 3.933464 -10.503206
v 1.369991 3.931686 -11.004089
v 1.639452 3.806266 -15.506554
v 1.369991 4.290700 -12.000000
v 1.369991 4.291701 -12.504235
v 1.369991 3.458668 -12.504154
v -1.369990 3.933465 -14.505100
v -1.369990 3.931687 -15.005983
v -1.369989 4.290039 -9.003234
v -1.369989 4.286930 -9.503813
v -1.369989 4.291701 -8.502341
v -1.369989 4.290699 -8.000000
v -1.369989 3.928583 -9.503712
v -1.369989 3.402719 -8.405342
v -1.369989 3.403565 -8.915331
v -1.369989 3.402719 -9.610785
v -1.369989 3.402312 -9.089956
v -1.369989 3.933464 -8.502259
v -1.369989 3.931686 -9.003142
v -1.369989 3.932573 -9.999054
v -1.369989 3.932572 -8.000000
v -1.369989 3.402719 -8.000000
v -1.369989 4.290040 -11.004181
v -1.369989 4.286931 -11.504760
v -1.369989 4.291701 -10.503288
v -1.369989 4.290699 -9.999053
v -1.369989 3.928583 -11.504659
v -1.369990 3.402719 -10.406289
v -1.369990 3.403565 -10.916277
v -1.369990 3.402719 -11.611732
v -1.369990 3.402313 -11.090903
v -1.369989 3.933464 -10.503206
v -1.369989 3.931686 -11.004089
v -1.369990 3.932573 -12.000000
v -1.369990 4.290040 -13.005128
v -1.369990 4.286931 -13.505707
v -1.369990 4.291701 -12.504235
v -1.369990 4.290700 -12.000000
v -1.369990 3.928583 -13.505606
v -1.369990 3.402719 -12.407236
v -1.369990 3.403566 -12.917224
v -1.369990 3.402720 -13.612679
v -1.369990 3.402313 -13.091850
v -1.369990 3.933465 -12.504153
v -1.369990 3.927469 -14.000947
v -1.369990 3.931687 -13.005036
v -1.369990 4.291702 -14.505182
v -1.369990 4.290040 -15.006075
v -1.369990 4.286931 -15.506655
v -1.369990 4.290700 -14.000948
v -1.369990 3.402720 -14.408184
v -1.369990 3.403566 -14.918171
v -1.369990 3.402720 -16.000000
v -1.369990 3.927469 -16.000000
v -1.369990 3.402720 -15.613626
v -1.369990 3.402313 -15.092798
v -1.369990 3.928584 -15.506554
v 1.369991 3.402585 -15.506554
v 1.369991 3.402719 -16.000000
v 1.369991 3.928583 -15.506554
v 1.369991 3.928583 -15.005608
v 0.866582 3.929703 -15.506351
v 0.866582 3.928623 -16.000000
v 0.866583 3.932783 -15.005795
v 0.833285 4.288064 -15.506449
v 0.840623 4.291157 -15.005884
v 1.369991 4.290040 -15.006075
v 1.369991 4.286931 -15.506655
v 1.369991 3.927469 -16.000000
v 0.866582 3.458668 -16.000000
v 2.920568 4.290040 -15.006076
v 2.920568 4.286931 -15.506655
v 1.721101 3.928583 -15.506554
v 2.532923 3.928584 -15.506554
v 2.532923 3.931686 -15.005997
v 2.181813 3.931686 -15.005984
v 1.721101 3.931686 -15.005983
v 1.757635 3.444742 -15.005983
v 2.145279 3.430816 -15.005983
v 2.532924 3.416889 -15.005983
v 2.532923 4.290040 -15.006076
v 2.181813 4.290040 -15.006076
v 1.721101 4.290040 -15.006075
v 2.532923 4.286931 -15.506655
v 2.181813 4.286931 -15.506655
v 1.721101 4.286931 -15.506655
v 2.181813 3.928584 -15.506186
v 1.369991 3.458668 -15.005983
v 2.932405 3.929703 -13.119279
v 2.932405 3.928623 -13.469298
v 2.932405 3.932784 -12.680969
v 2.965702 4.288064 -13.119352
v 2.958365 4.291157 -12.681037
v 2.932405 3.934842 -13.896587
v 2.932405 3.929703 -14.651535
v 2.929049 3.931686 -15.006037
v 2.932405 3.932784 -14.227148
v 2.932221 4.292351 -13.469299
v 2.946955 4.293098 -13.896654
v 2.965702 4.288064 -14.651618
v 2.958365 4.291157 -14.227224
v 2.531474 3.933465 -13.896735
v 2.531474 3.931687 -14.227308
v 2.531475 4.290040 -12.681180
v 2.531475 4.286931 -13.119507
v 2.531474 3.928583 -13.119431
v 2.531474 3.927469 -13.469298
v 2.531475 3.931687 -12.681111
v 2.531475 4.291702 -13.896805
v 2.531475 4.290040 -14.227386
v 2.531474 4.286931 -14.651792
v 2.531475 4.290700 -13.469299
v 2.932405 3.402963 -13.492939
v 2.531474 3.928584 -14.651706
v 2.932405 3.402963 -13.872960
v 2.531474 3.402963 -13.119431
v 2.932405 3.402963 -13.119279
v 2.932405 3.402963 -12.680969
v 2.932405 3.402963 -14.250636
v 2.531474 3.402963 -14.250778
v 2.531474 3.402963 -13.492939
v 2.932405 3.402963 -14.628077
v 2.531474 3.402963 -13.873092
v 2.531474 3.402963 -14.628228
v 2.531474 3.402963 -12.681111
v 2.532923 3.402963 -15.005997
v 2.669245 3.063509 -13.119279
v 2.669245 3.063509 -12.680969
v 2.531474 3.063509 -13.119431
v 2.669245 3.063509 -13.492939
v 2.669245 3.063509 -13.872960
v 2.531474 3.063509 -14.250778
v 2.669245 3.063509 -14.250636
v 2.531474 3.063509 -13.492939
v 2.669245 3.063509 -14.628077
v 2.531474 3.063509 -13.873092
v 2.531474 3.063509 -14.628228
v 2.531474 3.063509 -12.681111
v 1.516661 1.177830 -14.796333
v 1.094431 2.540752 -14.918661
v 1.091593 2.539519 -15.095903
v 1.511619 1.175645 -15.210847
v 1.765985 0.000001 -15.248450
v 1.770285 0.000001 -14.751204
v 0.819051 2.540005 -15.095817
v 0.866771 1.176516 -15.210692
v 1.069991 0.000001 -14.751064
v 1.069991 0.000001 -15.248305
v 0.871754 1.178674 -14.796183
v 0.821872 2.541231 -14.918576
v 1.038188 2.429573 -14.882360
v 1.041146 2.429573 -15.629830
v 1.069991 3.402719 -9.687082
v 1.069991 3.402719 -10.324177
v 1.280577 3.402719 -9.687082
v 1.280577 3.402719 -9.998034
v 1.280577 3.402719 -10.324177
v 1.069991 2.798869 -9.998034
v 1.069991 2.856294 -9.687082
v 1.097104 2.856294 -9.687082
v 1.069991 2.856294 -10.324177
v 1.097104 2.798869 -9.998034
v 1.097105 2.856294 -10.324177
v 1.069991 3.402719 -8.326670
v 1.280577 3.402719 -8.000000
v 1.280577 3.402719 -8.326670
v 1.069991 2.798869 -8.000000
v 1.069991 2.856294 -8.326670
v 1.097104 2.798869 -8.000000
v 1.097104 2.856294 -8.326670
v 1.069991 3.402719 -8.000000
v 1.069991 3.402719 -15.690825
v 1.280577 3.402719 -15.690825
v 1.280577 3.402719 -16.000000
v 1.069991 2.798869 -16.000000
v 1.069991 2.856294 -15.690825
v 1.097104 2.856294 -15.690825
v 1.097104 2.798869 -16.000000
v 1.069991 3.402719 -16.000000
v -1.069990 3.402719 -9.687082
v -1.069990 3.402719 -11.684517
v -1.069990 3.402719 -10.324177
v -1.280576 3.402719 -9.687082
v -1.280576 3.402719 -9.998034
v -1.280576 3.402719 -10.324177
v -1.069990 2.798869 -9.998034
v -1.069990 2.856295 -9.687082
v -1.097104 2.856295 -9.687082
v -1.069990 2.856295 -10.324177
v -1.097104 2.798869 -9.998034
v -1.097104 2.856295 -10.324177
v -1.069991 3.402719 -12.321611
v -1.280576 3.402719 -11.684517
v -1.280576 3.402719 -11.995468
v -1.280576 3.402719 -12.321611
v -1.069991 2.798869 -11.995468
v -1.069991 2.856295 -11.684517
v -1.097104 2.856295 -11.684517
v -1.069991 2.856295 -12.321611
v -1.097104 2.798869 -11.995468
v -1.097104 2.856295 -12.321611
v -1.069991 3.402719 -13.684900
v -1.069991 3.402719 -14.321995
v -1.280576 3.402719 -13.684900
v -1.280576 3.402719 -13.995852
v -1.280577 3.402719 -14.321995
v -1.069991 2.798869 -13.995852
v -1.069991 2.856295 -13.684900
v -1.097104 2.856295 -13.684900
v -1.069991 2.856295 -14.321995
v -1.097104 2.798869 -13.995852
v -1.097105 2.856295 -14.321995
v -1.069990 3.402719 -8.326670
v -1.280576 3.402719 -8.000000
v -1.280576 3.402719 -8.326670
v -1.069990 2.798869 -8.000000
v -1.069990 2.856295 -8.326670
v -1.097104 2.798869 -8.000000
v -1.097104 2.856295 -8.326670
v -1.069990 3.402719 -8.000000
v -1.069991 3.402719 -15.690825
v -1.280577 3.402719 -15.690825
v -1.280577 3.402719 -16.000000
v -1.069991 2.798869 -16.000000
v -1.069991 2.856295 -15.690825
v -1.097104 2.856295 -15.690825
v -1.097104 2.798869 -16.000000
v -1.069991 3.402719 -16.000000
v 0.859307 4.213531 -8.502125
v 0.866675 4.113276 -8.000000
v 1.369991 4.169269 -8.502300
v 1.369991 4.172300 -8.000000
v 0.849934 4.108883 -9.503559
v 0.853602 4.111969 -9.002998
v 1.369991 4.107757 -9.503762
v 1.369991 4.110862 -9.003188
v 0.859307 4.113970 -10.503072
v 0.866674 4.166174 -9.999053
v 1.369991 4.112583 -10.503247
v 1.369991 4.196115 -9.999053
v 0.849934 4.108883 -11.504506
v 0.853603 4.111970 -11.003945
v 1.369991 4.162066 -11.504709
v 1.369991 4.180345 -11.004135
v 0.859307 4.113970 -12.504019
v 0.866674 4.113277 -12.000000
v 1.369991 4.192469 -12.000000
v 1.369991 4.112583 -12.504195
v 1.369991 4.091794 -8.251150
v 1.369991 4.159853 -9.253475
v 1.369991 4.059212 -10.315474
v 1.369991 4.109310 -11.254422
v 1.369991 4.192943 -12.252097
v 1.369991 4.109959 -10.125101
v 0.862991 4.184404 -8.325552
v 0.851768 4.073846 -9.202737
v 1.369991 3.831002 -11.977833
v 1.369991 3.821414 -9.972422
v 1.369991 3.860743 -11.004089
v 1.369991 3.815532 -9.526275
v 1.369991 3.880796 -10.546762
v 1.369991 3.791693 -8.541117
v 1.369991 3.786293 -8.962545
v 1.369991 3.774240 -9.668825
v 1.369991 3.821339 -9.833939
v 1.369991 3.843365 -11.669772
v 1.369991 3.749017 -11.834887
v 1.369991 3.857966 -8.702592
v 1.369991 3.837357 -10.753648
v 1.369991 3.783250 -15.753277
v 0.866582 3.852841 -10.970887
v 0.866582 3.866284 -10.552156
v 0.866583 3.853720 -11.911076
v 0.866582 3.859631 -8.518970
v 0.866582 3.860242 -8.927150
v 0.866583 3.876952 -11.555652
v 0.866582 3.866502 -9.946226
v 0.866583 3.856914 -9.537784
v 0.866583 3.827798 -11.755284
v 0.866582 3.820027 -10.841643
v 0.866583 3.807084 -9.724997
v 0.866582 3.835557 -8.651657
v -0.866672 4.120449 -14.000947
v -1.369990 4.157171 -13.505671
v -1.369990 4.098780 -12.000000
v -0.853893 4.107949 -13.004891
v -0.866670 4.107721 -8.000000
v -0.856825 4.175074 -14.504979
v -1.369989 4.172292 -9.999053
v -0.866672 4.107722 -9.999053
v -0.866670 4.182958 -12.000000
v -1.369989 4.163394 -9.003201
v -0.849235 4.172245 -15.005855
v -0.857380 4.161393 -12.504029
v -1.369989 4.189611 -8.502317
v -1.369990 4.172381 -14.000947
v -0.850012 4.108018 -9.503559
v -1.369989 4.034451 -11.004132
v -0.857184 4.166225 -10.503083
v -1.369990 4.128672 -13.005079
v -1.369989 4.177390 -8.000000
v -1.369990 4.171753 -15.006045
v -1.369989 4.163000 -10.503244
v -1.369989 4.098780 -9.503759
v -0.847461 4.102601 -11.003966
v -1.369990 4.148388 -14.505150
v -0.846339 4.205592 -13.505464
v -1.369990 4.098780 -12.504191
v -1.369990 4.144896 -15.506615
v -0.855512 4.207366 -8.502145
v -0.850013 4.172052 -15.506400
v -1.369989 4.186964 -11.504706
v -0.849205 4.205558 -9.003014
v -0.850013 4.196202 -11.504506
v -0.861928 4.190244 -10.251068
v -0.848737 4.090146 -11.254236
v -0.861091 4.102701 -8.251072
v -0.849609 4.085491 -9.253286
v -0.860477 4.143503 -12.336020
v -0.863573 4.200848 -12.168010
v -0.860107 4.023419 -14.336968
v -0.863389 4.086651 -14.168958
v -0.849497 4.113345 -15.174202
v -1.189211 4.118520 -15.005980
v -1.009279 4.159949 -14.000947
v -1.171141 4.025117 -13.005007
v -1.031480 4.202318 -9.003079
v -1.108725 4.036361 -11.004049
v -1.369989 4.134273 -8.196289
v -1.369989 4.182343 -9.134626
v -1.369989 4.121253 -10.358110
v -1.369990 4.198739 -13.131003
v -1.369990 4.123584 -14.253048
v -1.110001 4.126457 -15.506508
v -1.110001 4.103399 -11.504606
v -1.113587 4.212124 -10.503163
v -0.866581 3.812469 -9.547156
v -0.866581 3.886717 -14.584456
v -0.866581 3.805383 -11.558036
v -0.866581 3.827584 -9.969761
v -0.866581 3.818336 -12.557867
v -0.866581 3.818648 -11.969131
v -0.866581 3.845026 -10.954195
v -0.866581 3.842502 -13.002647
v -0.866582 3.843076 -16.000000
v -0.866581 3.842779 -14.985286
v -0.866582 3.827047 -15.549887
v -0.866581 3.676481 -8.000000
v -0.866581 3.773792 -8.572825
v -0.866581 3.769491 -8.983517
v -0.866581 3.848658 -13.982300
v -0.866581 3.879695 -10.539063
v -0.866581 3.845721 -13.549065
v -1.369989 3.873926 -9.923231
v -1.369989 3.848061 -8.940952
v -1.369990 3.630216 -12.232386
v -0.866581 3.770162 -13.774918
v -1.369989 3.638783 -8.000000
v -1.369990 3.864970 -13.578049
v -1.369990 3.849853 -11.946770
v -1.369989 3.876728 -10.978124
v -1.369990 3.822125 -16.000000
v -1.369990 3.809626 -13.914205
v -1.369990 3.855357 -12.900828
v -1.369990 3.755840 -15.568642
v -1.369990 3.873151 -14.963163
v -1.369989 3.849230 -8.536344
v -1.369990 3.634159 -10.228409
v -1.234019 3.800975 -16.000000
v -1.369990 3.839806 -14.553850
v -0.866581 3.864004 -11.772361
v -1.369989 3.875866 -9.531651
v -1.369990 3.870054 -11.530776
v -0.866581 3.852082 -9.846008
v -1.369989 3.878107 -10.547516
v -0.866581 3.826259 -14.754068
v -0.866581 3.792331 -10.764914
v -1.369990 3.856388 -12.559715
v -0.866581 3.676566 -8.793997
v -0.866582 3.780790 -15.799068
v -1.369990 3.829023 -14.738422
v -1.369990 3.861577 -13.740549
v -1.369990 3.826796 -12.673548
v -1.369990 3.852335 -11.661009
v -1.369989 3.856157 -10.859388
v -1.369989 3.830368 -9.741083
v -1.369989 3.809294 -8.738647
v 2.949054 4.108884 -13.119316
v 2.945385 4.177664 -12.681003
v 2.531475 4.107757 -13.119469
v 2.531475 4.110863 -12.681146
v 2.932313 4.110487 -13.469298
v 2.939680 4.113970 -13.896621
v 2.531474 4.112584 -13.896770
v 2.531475 4.204315 -13.469299
v 2.949053 4.190920 -14.651577
v 2.953871 4.229131 -14.227211
v 2.531474 4.110863 -14.227347
v 2.531474 4.192074 -14.651770
v 2.925539 4.070304 -15.506630
v 2.532923 4.184546 -15.506626
v 2.532923 4.110863 -15.006037
v 2.924809 4.197981 -15.006057
v 1.721101 4.107757 -15.506604
v 1.721101 4.162757 -15.006029
v 2.181813 4.177289 -15.006030
v 2.181813 4.204534 -15.506420
v 0.849934 4.108884 -15.506401
v 1.369991 4.190119 -15.506604
v 0.853602 4.197068 -15.005839
v 1.369991 4.235759 -15.005841
v 2.946479 4.176744 -12.811656
v 2.937527 4.174651 -13.771723
v 2.947219 4.169821 -14.439382
v 2.925296 4.159990 -15.339772
v 2.924971 4.101822 -15.117638
v 2.667411 4.166877 -15.506613
v 1.721101 4.172631 -15.337742
v 1.820223 4.162757 -15.006029
v 2.028243 4.110863 -15.006029
v 2.181813 4.142523 -15.256226
v 1.369991 4.148152 -15.340593
v 0.851036 4.166672 -15.355997
v 1.253447 4.158305 -15.005840
v 1.025732 4.140082 -15.005840
v 1.118287 3.769407 -16.000000
v 2.512938 3.852505 -15.506491
v 2.221269 3.878461 -15.506235
v 2.382779 3.845569 -15.506382
v 2.172661 3.806215 -15.005983
v 1.419137 3.823015 -15.005732
v 0.866582 3.835225 -15.005795
v 1.696919 3.860751 -15.005960
v 0.866582 3.822381 -15.237306
v 1.549885 3.820070 -15.005837
v 2.532924 3.835374 -15.005995
v 2.531474 3.813107 -13.398125
v 2.531474 3.813027 -13.138293
v 2.531474 3.892489 -13.891377
v 2.531474 3.881589 -14.208884
v 2.531614 3.868627 -14.681224
v 2.532923 3.868323 -15.005997
v 2.531474 3.834137 -14.061970
v 2.531978 3.835128 -14.771523
v 2.531474 3.844925 -13.268209
v 2.618575 0.524280 -9.884094
v 2.618575 0.431021 -9.790279
v 2.618575 0.441923 -9.884094
v 2.618575 0.955301 -10.351468
v 2.618575 0.862041 -10.257653
v 2.618575 0.858551 -10.346674
v 1.069991 0.431021 -9.621029
v 1.069991 0.524280 -9.714844
v 1.069991 0.494245 -9.783401
v 1.069991 0.339771 -9.734101
v 1.069991 0.367796 -9.646287
v 1.069991 0.862041 -10.088403
v 1.069991 0.955301 -10.182219
v 1.069991 0.925265 -10.250775
v 1.069991 0.864402 -10.275448
v 1.069991 0.798817 -10.113661
v 2.618575 1.386321 -10.818843
v 2.618575 1.293061 -10.725027
v 2.618575 1.282756 -10.818843
v 1.069991 1.293061 -10.555778
v 1.069991 1.386321 -10.649592
v 1.069991 1.356286 -10.718149
v 1.069991 1.201945 -10.669474
v 1.069991 1.229837 -10.581036
v 2.618575 1.817341 -11.286217
v 2.618575 1.724082 -11.192402
v 2.618575 1.715431 -11.292414
v 1.069991 1.724082 -11.023151
v 1.069991 1.817342 -11.116967
v 1.069991 1.787306 -11.185524
v 1.069991 1.726442 -11.210196
v 1.069991 1.660857 -11.048409
v 2.618575 2.248362 -11.753592
v 2.618575 2.155102 -11.659776
v 2.618575 2.137600 -11.753592
v 1.069991 2.155102 -11.490526
v 1.069991 2.248362 -11.584341
v 1.069991 2.218326 -11.652899
v 1.069991 2.063986 -11.604222
v 1.069991 2.091877 -11.515784
v 1.069991 2.586122 -11.957900
v 1.069991 2.679382 -12.051716
v 1.069991 2.649346 -12.120273
v 1.069991 2.588483 -12.144945
v 1.069991 2.522898 -11.983158
v 2.618575 2.679382 -12.220965
v 2.618575 2.586122 -12.127151
v 2.618575 2.565344 -12.216706
v 2.618575 3.110402 -12.688339
v 2.618575 3.017142 -12.594524
v 2.618575 3.012131 -12.702242
v 1.069991 3.017142 -12.425274
v 1.069991 3.110349 -12.515937
v 1.069991 2.926026 -12.538970
v 1.069991 2.953918 -12.450533
vt 0.033456 0.969675
vt 0.032699 0.969231
vt 0.032754 0.969263
vt 0.033456 0.969675
vt 0.033456 0.969675
vt 0.033456 0.969675
vt 0.033456 0.969675
vt 0.033456 0.969675
vt 0.033456 0.969675
vt 0.033456 0.969675
vt 0.157969 0.968852
vt 0.157969 0.968852
vt 0.157969 0.968852
vt 0.157969 0.968852
vt 0.719027 0.968852
vt 0.719027 0.968852
vt 0.719027 0.968852
vt 0.719027 0.968852
vt 0.157969 0.968852
vt 0.157969 0.968852
vt 0.157969 0.968852
vt 0.157969 0.968852
vt 0.157969 0.968852
vt 0.157969 0.968852
vt 0.157969 0.968852
vt 0.157969 0.968852
vt 0.157969 0.968852
vt 0.157969 0.968852
vt 0.157969 0.968852
vt 0.158743 0.969185
vt 0.158458 0.969063
vt 0.157969 0.968852
vt 0.719027 0.968852
vt 0.719027 0.968852
vt 0.719027 0.968852
vt 0.719027 0.968852
vt 0.157969 0.968852
vt 0.157969 0.968852
vt 0.157969 0.968852
vt 0.719027 0.968852
vt 0.719027 0.968852
vt 0.719027 0.968852
vt 0.719027 0.968852
vt 0.157969 0.968852
vt 0.157969 0.968852
vt 0.157969 0.968852
vt 0.157969 0.968852
vt 0.159882 0.969675
vt 0.158607 0.969126
vt 0.158607 0.969126
vt 0.158904 0.969254
vt 0.719027 0.968852
vt 0.719027 0.968852
vt 0.719027 0.968852
vt 0.719027 0.968852
vt 0.719027 0.968852
vt 0.719027 0.968852
vt 0.158743 0.969185
vt 0.157969 0.968852
vt 0.158447 0.969058
vt 0.157969 0.968852
vt 0.157969 0.968852
vt 0.158743 0.969185
vt 0.158743 0.969185
vt 0.719027 0.968852
vt 0.719027 0.968852
vt 0.719027 0.968852
vt 0.719027 0.968852
vt 0.157969 0.968852
vt 0.158188 0.968946
vt 0.033456 0.969675
vt 0.033456 0.969675
vt 0.033456 0.969675
vt 0.033456 0.969675
vt 0.033456 0.969675
vt 0.033456 0.969675
vt 0.033456 0.969675
vt 0.033456 0.969675
vt 0.719027 0.968852
vt 0.719027 0.968852
vt 0.157969 0.968852
vt 0.157969 0.968852
vt 0.719027 0.968852
vt 0.719027 0.968852
vt 0.157969 0.968852
vt 0.157969 0.968852
vt 0.157969 0.968852
vt 0.157969 0.968852
vt 0.157969 0.968852
vt 0.157969 0.968852
vt 0.157969 0.968852
vt 0.157969 0.968852
vt 0.157969 0.968852
vt 0.157969 0.968852
vt 0.716567 0.968852
vt 0.716567 0.968852
vt 0.716567 0.968852
vt 0.716567 0.968852
vt 0.157969 0.968852
vt 0.157969 0.968852
vt 0.157969 0.968852
vt 0.157969 0.968852
vt 0.159882 0.969675
vt 0.158926 0.969263
vt 0.157969 0.968852
vt 0.157969 0.968852
vt 0.157969 0.968852
vt 0.157969 0.968852
vt 0.719027 0.968852
vt 0.719027 0.968852
vt 0.719027 0.968852
vt 0.719027 0.968852
vt 0.719027 0.968852
vt 0.719027 0.968852
vt 0.719027 0.968852
vt 0.716567 0.968852
vt 0.716567 0.968852
vt 0.716567 0.968852
vt 0.716567 0.968852
vt 0.157969 0.968852
vt 0.157969 0.968852
vt 0.157969 0.968852
vt 0.157969 0.968852
vt 0.157969 0.968852
vt 0.719027 0.968852
vt 0.033456 0.969675
vt 0.033456 0.969675
vt 0.033456 0.969675
vt 0.033456 0.969675
vt 0.033456 0.969675
vt 0.033456 0.969675
vt 0.033456 0.969675
vt 0.033456 0.969675
vt 0.157969 0.968852
vt 0.158645 0.969143
vt 0.158607 0.969126
vt 0.157969 0.968852
vt 0.157969 0.968852
vt 0.157969 0.968852
vt 0.157969 0.968852
vt 0.157969 0.968852
vt 0.157969 0.968852
vt 0.157969 0.968852
vt 0.157969 0.968852
vt 0.157969 0.968852
vt 0.157969 0.968852
vt 0.157969 0.968852
vt 0.157969 0.968852
vt 0.157969 0.968852
vt 0.157969 0.968852
vt 0.157969 0.968852
vt 0.157969 0.968852
vt 0.157969 0.968852
vt 0.157969 0.968852
vt 0.721488 0.968852
vt 0.721488 0.968852
vt 0.721488 0.968852
vt 0.721488 0.968852
vt 0.157969 0.968852
vt 0.157969 0.968852
vt 0.157969 0.968852
vt 0.157969 0.968852
vt 0.719027 0.968852
vt 0.157969 0.968852
vt 0.157969 0.968852
vt 0.033576 0.969283
vt 0.033456 0.969675
vt 0.033456 0.969675
vt 0.033456 0.969675
vt 0.033583 0.969263
vt 0.157308 0.969126
vt 0.157969 0.968852
vt 0.157969 0.968852
vt 0.157969 0.968852
vt 0.033456 0.969675
vt 0.033456 0.969675
vt 0.157969 0.968852
vt 0.157969 0.968852
vt 0.157307 0.969126
vt 0.157969 0.968852
vt 0.157969 0.968852
vt 0.157969 0.968852
vt 0.157969 0.968852
vt 0.157969 0.968852
vt 0.093610 0.844445
vt 0.094054 0.844508
vt 0.094003 0.844675
vt 0.094640 0.970193
vt 0.094640 0.970193
vt 0.094640 0.970193
vt 0.094640 0.970193
vt 0.094640 0.970194
vt 0.094640 0.970194
vt 0.094640 0.970194
vt 0.094640 0.970194
vt 0.033456 0.969675
vt 0.032754 0.969263
vt 0.032699 0.969231
vt 0.033456 0.969675
vt 0.033456 0.969675
vt 0.033456 0.969675
vt 0.033456 0.969675
vt 0.094640 0.970193
vt 0.094640 0.970194
vt 0.033456 0.969675
vt 0.033456 0.969675
vt 0.721488 0.968852
vt 0.721488 0.968852
vt 0.721488 0.968852
vt 0.721488 0.968852
vt 0.721488 0.968852
vt 0.721488 0.968852
vt 0.721488 0.968852
vt 0.721488 0.968852
vt 0.721488 0.968852
vt 0.157969 0.968852
vt 0.157969 0.968852
vt 0.157969 0.968852
vt 0.157969 0.968852
vt 0.157969 0.968852
vt 0.157969 0.968852
vt 0.157969 0.968852
vt 0.157969 0.968852
vt 0.157969 0.968852
vt 0.157969 0.968852
vt 0.721488 0.968852
vt 0.721488 0.968852
vt 0.721488 0.968852
vt 0.721488 0.968852
vt 0.157969 0.968852
vt 0.157969 0.968852
vt 0.157969 0.968852
vt 0.719027 0.968852
vt 0.719027 0.968852
vt 0.719027 0.968852
vt 0.719027 0.968852
vt 0.157969 0.968852
vt 0.157969 0.968852
vt 0.157969 0.968852
vt 0.157969 0.968852
vt 0.157969 0.968852
vt 0.157969 0.968852
vt 0.157969 0.968852
vt 0.157969 0.968852
vt 0.157969 0.968852
vt 0.721488 0.968852
vt 0.721488 0.968852
vt 0.721488 0.968852
vt 0.721488 0.968852
vt 0.157969 0.968852
vt 0.157969 0.968852
vt 0.157969 0.968852
vt 0.157969 0.968852
vt 0.157969 0.968852
vt 0.157969 0.968852
vt 0.157969 0.968852
vt 0.157969 0.968852
vt 0.157969 0.968852
vt 0.157969 0.968852
vt 0.158204 0.969185
vt 0.158115 0.969058
vt 0.157969 0.968852
vt 0.158205 0.969185
vt 0.158204 0.969185
vt 0.158175 0.969143
vt 0.158163 0.969126
vt 0.033456 0.969675
vt 0.033456 0.969675
vt 0.033456 0.969675
vt 0.033456 0.969675
vt 0.033456 0.969675
vt 0.033456 0.969675
vt 0.033456 0.969675
vt 0.158115 0.969058
vt 0.157969 0.968852
vt 0.157969 0.968852
vt 0.157969 0.968852
vt 0.157969 0.968852
vt 0.157969 0.968852
vt 0.157969 0.968852
vt 0.157969 0.968852
vt 0.157969 0.968852
vt 0.157969 0.968852
vt 0.157969 0.968852
vt 0.157969 0.968852
vt 0.157969 0.968852
vt 0.157969 0.968852
vt 0.157969 0.968852
vt 0.157969 0.968852
vt 0.157969 0.968852
vt 0.157969 0.968852
vt 0.157969 0.968852
vt 0.157969 0.968852
vt 0.157969 0.968852
vt 0.719027 0.968852
vt 0.719121 0.968984
vt 0.719135 0.969004
vt 0.719140 0.969011
vt 0.719027 0.968852
vt 0.721488 0.968852
vt 0.721488 0.968852
vt 0.721488 0.968852
vt 0.721488 0.968852
vt 0.158205 0.969185
vt 0.158204 0.969185
vt 0.158115 0.969058
vt 0.158115 0.969058
vt 0.157969 0.968852
vt 0.157969 0.968852
vt 0.157969 0.968852
vt 0.157969 0.968852
vt 0.157969 0.968852
vt 0.158205 0.969185
vt 0.158115 0.969058
vt 0.157969 0.968852
vt 0.157969 0.968852
vt 0.157969 0.968852
vt 0.157969 0.968852
vt 0.157969 0.968852
vt 0.157969 0.968852
vt 0.721488 0.968852
vt 0.721488 0.968852
vt 0.721488 0.968852
vt 0.721488 0.968852
vt 0.157969 0.968852
vt 0.157969 0.968852
vt 0.158205 0.969185
vt 0.158115 0.969058
vt 0.033456 0.969675
vt 0.033456 0.969675
vt 0.033456 0.969675
vt 0.033456 0.969675
vt 0.033456 0.969675
vt 0.033456 0.969675
vt 0.033456 0.969675
vt 0.721488 0.968852
vt 0.721488 0.968852
vt 0.721488 0.968852
vt 0.721488 0.968852
vt 0.721488 0.968852
vt 0.721488 0.968852
vt 0.157969 0.968852
vt 0.157969 0.968852
vt 0.157969 0.968852
vt 0.157969 0.968852
vt 0.157969 0.968852
vt 0.157969 0.968852
vt 0.157969 0.968852
vt 0.719027 0.968852
vt 0.719027 0.968852
vt 0.721488 0.968852
vt 0.721488 0.968852
vt 0.723949 0.968852
vt 0.723949 0.968852
vt 0.723949 0.968852
vt 0.723949 0.968852
vt 0.158115 0.969058
vt 0.157969 0.968852
vt 0.157969 0.968852
vt 0.157969 0.968852
vt 0.158175 0.969143
vt 0.157969 0.968852
vt 0.158077 0.969004
vt 0.158163 0.969126
vt 0.157969 0.968852
vt 0.157969 0.968852
vt 0.157969 0.968852
vt 0.157969 0.968852
vt 0.157969 0.968852
vt 0.157969 0.968852
vt 0.157969 0.968852
vt 0.157969 0.968852
vt 0.157969 0.968852
vt 0.157969 0.968852
vt 0.158204 0.969185
vt 0.033456 0.969675
vt 0.033592 0.969231
vt 0.033583 0.969263
vt 0.033456 0.969675
vt 0.033456 0.969675
vt 0.033456 0.969675
vt 0.094640 0.970193
vt 0.094640 0.970193
vt 0.094640 0.970193
vt 0.094640 0.970193
vt 0.094640 0.970193
vt 0.094640 0.970193
vt 0.094640 0.970193
vt 0.094640 0.970193
vt 0.094640 0.970193
vt 0.094640 0.970193
vt 0.033456 0.969675
vt 0.033456 0.969675
vt 0.157969 0.968852
vt 0.157969 0.968852
vt 0.157969 0.968852
vt 0.157969 0.968852
vt 0.157969 0.968852
vt 0.157969 0.968852
vt 0.157969 0.968852
vt 0.157969 0.968852
vt 0.157969 0.968852
vt 0.157969 0.968852
vt 0.157969 0.968852
vt 0.157969 0.968852
vt 0.719027 0.968852
vt 0.719027 0.968852
vt 0.719027 0.968852
vt 0.719027 0.968852
vt 0.714106 0.968852
vt 0.714106 0.968852
vt 0.714106 0.968852
vt 0.714106 0.968852
vt 0.157969 0.968852
vt 0.157969 0.968852
vt 0.157969 0.968852
vt 0.157969 0.968852
vt 0.157969 0.968852
vt 0.157969 0.968852
vt 0.157969 0.968852
vt 0.157969 0.968852
vt 0.157969 0.968852
vt 0.719027 0.968852
vt 0.719027 0.968852
vt 0.719027 0.968852
vt 0.719027 0.968852
vt 0.157969 0.968852
vt 0.157969 0.968852
vt 0.157969 0.968852
vt 0.157969 0.968852
vt 0.157969 0.968852
vt 0.157969 0.968852
vt 0.157969 0.968852
vt 0.157969 0.968852
vt 0.157969 0.968852
vt 0.157969 0.968852
vt 0.157969 0.968852
vt 0.094640 0.970193
vt 0.094640 0.970193
vt 0.094640 0.970193
vt 0.095563 0.844445
vt 0.095956 0.844675
vt 0.096007 0.844508
vt 0.096027 0.844445
vt 0.094640 0.970194
vt 0.033456 0.969675
vt 0.033456 0.969675
vt 0.033456 0.969675
vt 0.033456 0.969675
vt 0.094640 0.970193
vt 0.094640 0.970193
vt 0.094640 0.970193
vt 0.094640 0.970193
vt 0.094640 0.970194
vt 0.094640 0.970194
vt 0.094640 0.970194
vt 0.094640 0.970194
vt 0.094640 0.970193
vt 0.094640 0.970194
vt 0.094640 0.970193
vt 0.094640 0.970194
vt 0.094640 0.970193
vt 0.094640 0.970193
vt 0.094640 0.970193
vt 0.094640 0.970193
vt 0.094640 0.970194
vt 0.094640 0.970194
vt 0.094640 0.970194
vt 0.094640 0.970194
vt 0.094640 0.970193
vt 0.094640 0.970194
vt 0.094640 0.970193
vt 0.094640 0.970194
vt 0.033456 0.969675
vt 0.033456 0.969675
vt 0.033456 0.969675
vt 0.033456 0.969675
vt 0.158447 0.969058
vt 0.094003 0.844675
vt 0.095412 0.844126
vt 0.094003 0.844675
vt 0.094003 0.844675
vt 0.033456 0.969675
vt 0.033456 0.969675
vt 0.033456 0.969675
vt 0.033456 0.969675
vt 0.033456 0.969675
vt 0.033456 0.969675
vt 0.033456 0.969675
vt 0.157969 0.968852
vt 0.092101 0.844508
vt 0.092050 0.844675
vt 0.094163 0.843852
vt 0.033456 0.969675
vt 0.033456 0.969675
vt 0.033456 0.969675
vt 0.033456 0.969675
vt 0.094758 0.969675
vt 0.094758 0.969675
vt 0.094758 0.969675
vt 0.094758 0.969675
vt 0.094758 0.969675
vt 0.094758 0.969675
vt 0.094758 0.969675
vt 0.094758 0.969675
vt 0.094758 0.969675
vt 0.094758 0.969675
vt 0.094758 0.969675
vt 0.094758 0.969675
vt 0.033456 0.969675
vt 0.033456 0.969675
vt 0.033456 0.969675
vt 0.033456 0.969675
vt 0.033456 0.969675
vt 0.033456 0.969675
vt 0.033456 0.969675
vt 0.033456 0.969675
vt 0.157969 0.968852
vt 0.157969 0.968852
vt 0.157969 0.968852
vt 0.157969 0.968852
vt 0.158567 0.969249
vt 0.158610 0.969277
vt 0.157969 0.968852
vt 0.157969 0.968852
vt 0.033456 0.969675
vt 0.033456 0.969675
vt 0.033456 0.969675
vt 0.033456 0.969675
vt 0.033456 0.969675
vt 0.033456 0.969675
vt 0.159209 0.969675
vt 0.159209 0.969675
vt 0.033456 0.969675
vt 0.033456 0.969675
vt 0.033456 0.969675
vt 0.033456 0.969675
vt 0.033456 0.969675
vt 0.033456 0.969675
vt 0.033456 0.969675
vt 0.033456 0.969675
vt 0.033456 0.969675
vt 0.033456 0.969675
vt 0.033456 0.969675
vt 0.033456 0.969675
vt 0.096415 0.969675
vt 0.096415 0.969675
vt 0.096415 0.969675
vt 0.096415 0.969675
vt 0.033456 0.969675
vt 0.033456 0.969675
vt 0.157969 0.968852
vt 0.157969 0.968852
vt 0.157969 0.968852
vt 0.157969 0.968852
vt 0.033456 0.969675
vt 0.033456 0.969675
vt 0.033456 0.969675
vt 0.033456 0.969675
vt 0.033456 0.969675
vt 0.033456 0.969675
vt 0.033456 0.969675
vt 0.033456 0.969675
vt 0.033456 0.969675
vt 0.095956 0.844675
vt 0.095956 0.844675
vt 0.095956 0.844675
vt 0.095956 0.844675
vt 0.033456 0.969675
vt 0.033456 0.969675
vt 0.033456 0.969675
vt 0.033456 0.969675
vt 0.033456 0.969675
vt 0.033456 0.969675
vt 0.033456 0.969675
vt 0.033456 0.969675
vt 0.033456 0.969675
vt 0.033456 0.969675
vt 0.033456 0.969675
vt 0.033456 0.969675
vt 0.033456 0.969675
vt 0.033456 0.969675
vt 0.033456 0.969675
vt 0.096415 0.969675
vt 0.096415 0.969675
vt 0.095956 0.844675
vt 0.095956 0.844675
vt 0.095956 0.844675
vt 0.095956 0.844675
vt 0.157969 0.968852
vt 0.157969 0.968852
vt 0.157969 0.968852
vt 0.157969 0.968852
vt 0.033456 0.969675
vt 0.033456 0.969675
vt 0.033456 0.969675
vt 0.033456 0.969675
vt 0.033456 0.969675
vt 0.033456 0.969675
vt 0.033456 0.969675
vt 0.033456 0.969675
vt 0.095956 0.844675
vt 0.095956 0.844675
vt 0.095956 0.844675
vt 0.095956 0.844675
vt 0.033456 0.969675
vt 0.033456 0.969675
vt 0.033456 0.969675
vt 0.033456 0.969675
vt 0.033456 0.969675
vt 0.033456 0.969675
vt 0.033456 0.969675
vt 0.096415 0.969675
vt 0.096415 0.969675
vt 0.033456 0.969675
vt 0.033456 0.969675
vt 0.033456 0.969675
vt 0.033456 0.969675
vt 0.033456 0.969675
vt 0.033456 0.969675
vt 0.033456 0.969675
vt 0.033456 0.969675
vt 0.033456 0.969675
vt 0.033456 0.969675
vt 0.157969 0.968852
vt 0.157969 0.968852
vt 0.157969 0.968852
vt 0.095956 0.844675
vt 0.095956 0.844675
vt 0.095956 0.844675
vt 0.095956 0.844675
vt 0.157969 0.968852
vt 0.157969 0.968852
vt 0.157969 0.968852
vt 0.157969 0.968852
vt 0.096415 0.969675
vt 0.096415 0.969675
vt 0.096415 0.969675
vt 0.096415 0.969675
vt 0.033456 0.969675
vt 0.033456 0.969675
vt 0.095956 0.844675
vt 0.095956 0.844675
vt 0.095956 0.844675
vt 0.095956 0.844675
vt 0.157969 0.968852
vt 0.157969 0.968852
vt 0.157969 0.968852
vt 0.157969 0.968852
vt 0.033456 0.969675
vt 0.033456 0.969675
vt 0.033456 0.969675
vt 0.033456 0.969675
vt 0.033456 0.969675
vt 0.033456 0.969675
vt 0.157969 0.968852
vt 0.157969 0.968852
vt 0.157969 0.968852
vt 0.157969 0.968852
vt 0.095956 0.844675
vt 0.095956 0.844675
vt 0.095956 0.844675
vt 0.095956 0.844675
vt 0.094003 0.844675
vt 0.094003 0.844675
vt 0.033456 0.969675
vt 0.096415 0.969675
vt 0.096415 0.969675
vt 0.033507 0.969508
vt 0.033527 0.969445
vt 0.033456 0.969675
vt 0.033063 0.969445
vt 0.033063 0.969445
vt 0.033456 0.969675
vt 0.033456 0.969675
vt 0.158473 0.969675
vt 0.158473 0.969675
vt 0.158473 0.969675
vt 0.158473 0.969675
vt 0.159209 0.969675
vt 0.159209 0.969675
vt 0.159209 0.969675
vt 0.159209 0.969675
vt 0.159209 0.969675
vt 0.159209 0.969675
vt 0.159209 0.969675
vt 0.159209 0.969675
vt 0.159209 0.969675
vt 0.159209 0.969675
vt 0.159209 0.969675
vt 0.159461 0.968852
vt 0.159209 0.969675
vt 0.159209 0.969675
vt 0.159209 0.969675
vt 0.158242 0.968969
vt 0.158202 0.968953
vt 0.158156 0.968933
vt 0.158116 0.968915
vt 0.719027 0.968852
vt 0.719027 0.968852
vt 0.719027 0.968852
vt 0.721488 0.968852
vt 0.721488 0.968852
vt 0.721488 0.968852
vt 0.721488 0.968852
vt 0.721488 0.968852
vt 0.157969 0.968852
vt 0.157969 0.968852
vt 0.157969 0.968852
vt 0.157969 0.968852
vt 0.719027 0.968852
vt 0.719027 0.968852
vt 0.157969 0.968852
vt 0.158280 0.968986
vt 0.158230 0.968964
vt 0.158172 0.968940
vt 0.158129 0.968921
vt 0.719027 0.968852
vt 0.719027 0.968852
vt 0.719027 0.968852
vt 0.157969 0.968852
vt 0.721488 0.968852
vt 0.721488 0.968852
vt 0.721488 0.968852
vt 0.721488 0.968852
vt 0.721488 0.968852
vt 0.157969 0.968852
vt 0.157969 0.968852
vt 0.719027 0.968852
vt 0.719027 0.968852
vt 0.719027 0.968852
vt 0.157969 0.968852
vt 0.157969 0.968852
vt 0.716727 0.968921
vt 0.716770 0.968940
vt 0.716828 0.968964
vt 0.716877 0.968986
vt 0.719027 0.968852
vt 0.719027 0.968852
vt 0.716713 0.968915
vt 0.716754 0.968933
vt 0.716800 0.968953
vt 0.716839 0.968969
vt 0.158447 0.969058
vt 0.721488 0.968852
vt 0.721488 0.968852
vt 0.157969 0.968852
vt 0.157969 0.968852
vt 0.157969 0.968852
vt 0.157969 0.968852
vt 0.721488 0.968852
vt 0.721488 0.968852
vt 0.158115 0.969058
vt 0.158012 0.968913
vt 0.158052 0.968970
vt 0.158052 0.968970
vt 0.158014 0.968916
vt 0.157969 0.968852
vt 0.157969 0.968852
vt 0.157969 0.968852
vt 0.157996 0.968890
vt 0.158007 0.968906
vt 0.158019 0.968923
vt 0.157969 0.968852
vt 0.157969 0.968852
vt 0.157969 0.968852
vt 0.157969 0.968852
vt 0.157969 0.968852
vt 0.157969 0.968852
vt 0.157969 0.968852
vt 0.157969 0.968852
vt 0.157969 0.968852
vt 0.158051 0.968968
vt 0.157969 0.968852
vt 0.157969 0.968852
vt 0.157969 0.968852
vt 0.157969 0.968852
vt 0.157969 0.968852
vt 0.157969 0.968852
vt 0.157969 0.968852
vt 0.157978 0.968865
vt 0.157969 0.968852
vt 0.157969 0.968852
vt 0.157988 0.968879
vt 0.158009 0.968909
vt 0.157969 0.968852
vt 0.158052 0.968970
vt 0.157969 0.968852
vt 0.157969 0.968852
vt 0.157969 0.968852
vt 0.157969 0.968852
vt 0.157969 0.968852
vt 0.157969 0.968852
vt 0.157969 0.968852
vt 0.157969 0.968852
vt 0.158053 0.968971
vt 0.158053 0.968971
vt 0.157969 0.968852
vt 0.157969 0.968852
vt 0.157969 0.968852
vt 0.157969 0.968852
vt 0.157969 0.968852
vt 0.157974 0.968860
vt 0.157997 0.968892
vt 0.157969 0.968852
vt 0.157969 0.968852
vt 0.157969 0.968852
vt 0.157969 0.968852
vt 0.158076 0.969004
vt 0.158062 0.968984
vt 0.721488 0.968852
vt 0.721488 0.968852
vt 0.721488 0.968852
vt 0.721488 0.968852
vt 0.721488 0.968852
vt 0.721488 0.968852
vt 0.721488 0.968852
vt 0.721488 0.968852
vt 0.721488 0.968852
vt 0.721488 0.968852
vt 0.719027 0.968852
vt 0.719027 0.968852
vt 0.719027 0.968852
vt 0.719027 0.968852
vt 0.157969 0.968852
vt 0.721488 0.968852
vt 0.721488 0.968852
vt 0.721488 0.968852
vt 0.721488 0.968852
vt 0.721488 0.968852
vt 0.721488 0.968852
vt 0.721488 0.968852
vt 0.721488 0.968852
vt 0.157969 0.968852
vt 0.157969 0.968852
vt 0.157969 0.968852
vt 0.157969 0.968852
vt 0.157969 0.968852
vt 0.157154 0.968196
vt 0.157151 0.968194
vt 0.157153 0.968196
vt 0.157154 0.968197
vt 0.157969 0.968852
vt 0.157969 0.968852
vt 0.157969 0.968852
vt 0.157969 0.968852
vt 0.157969 0.968852
vt 0.714106 0.968852
vt 0.714106 0.968852
vt 0.714106 0.968852
vt 0.714106 0.968852
vt 0.719027 0.968852
vt 0.719027 0.968852
vt 0.719027 0.968852
vt 0.719027 0.968852
vt 0.719027 0.968852
vt 0.719027 0.968852
vt 0.719027 0.968852
vt 0.719027 0.968852
vt 0.719027 0.968852
vt 0.719027 0.968852
vt 0.719027 0.968852
vt 0.157152 0.968195
vt 0.157156 0.968198
vt 0.157152 0.968195
vt 0.718213 0.968197
vt 0.718281 0.968252
vt 0.718417 0.968361
vt 0.718519 0.968443
vt 0.718488 0.968418
vt 0.718214 0.968198
vt 0.718485 0.968416
vt 0.718214 0.968198
vt 0.714106 0.968852
vt 0.714106 0.968852
vt 0.714106 0.968852
vt 0.718547 0.968466
vt 0.718568 0.968483
vt 0.719027 0.968852
vt 0.719027 0.968852
vt 0.719027 0.968852
vt 0.718946 0.968787
vt 0.719027 0.968852
vt 0.719027 0.968852
vt 0.157969 0.968852
vt 0.157969 0.968852
vt 0.157969 0.968852
vt 0.157969 0.968852
vt 0.157969 0.968852
vt 0.719027 0.968852
vt 0.719027 0.968852
vt 0.719027 0.968852
vt 0.719027 0.968852
vt 0.719027 0.968852
vt 0.157969 0.968852
vt 0.157628 0.968578
vt 0.157636 0.968585
vt 0.718695 0.968585
vt 0.718655 0.968552
vt 0.718211 0.968195
vt 0.718210 0.968194
vt 0.157969 0.968852
vt 0.157969 0.968852
vt 0.157969 0.968852
vt 0.157793 0.968710
vt 0.157559 0.968523
vt 0.157724 0.968655
vt 0.157666 0.968609
vt 0.157803 0.968718
vt 0.157858 0.968763
vt 0.157933 0.968823
vt 0.714106 0.968852
vt 0.714106 0.968852
vt 0.714106 0.968852
vt 0.713943 0.968721
vt 0.713531 0.968390
vt 0.713288 0.968194
vt 0.713781 0.968591
vt 0.157888 0.968787
vt 0.157845 0.968753
vt 0.157806 0.968721
vt 0.157969 0.968852
vt 0.157969 0.968852
vt 0.157969 0.968852
vt 0.157969 0.968852
vt 0.157515 0.968487
vt 0.157644 0.968591
vt 0.714106 0.968852
vt 0.714106 0.968852
vt 0.162562 0.969675
vt 0.162562 0.969675
vt 0.157969 0.968852
vt 0.152939 0.968852
vt 0.152939 0.968852
vt 0.157532 0.969675
vt 0.028863 0.968852
vt 0.718214 0.968198
vt 0.718214 0.968198
vt 0.718214 0.968198
vt 0.718214 0.968198
vt 0.718214 0.968198
vt 0.718214 0.968198
vt 0.718214 0.968198
vt 0.718214 0.968198
vt 0.718210 0.968194
vt 0.718210 0.968195
vt 0.718211 0.968195
vt 0.718211 0.968195
vt 0.718214 0.968198
vt 0.718214 0.968198
vt 0.718214 0.968198
vt 0.718214 0.968198
vt 0.157152 0.968195
vt 0.157152 0.968195
vt 0.157149 0.968192
vt 0.157149 0.968192
vt 0.157152 0.968195
vt 0.157154 0.968196
vt 0.157152 0.968195
vt 0.157149 0.968192
vt 0.718211 0.968195
vt 0.718214 0.968198
vt 0.718213 0.968197
vt 0.718214 0.968198
vt 0.157152 0.968195
vt 0.157150 0.968193
vt 0.157152 0.968195
vt 0.157155 0.968197
vt 0.157154 0.968196
vt 0.157152 0.968195
vt 0.157152 0.968195
vt 0.718213 0.968197
vt 0.718212 0.968196
vt 0.718214 0.968197
vt 0.718212 0.968196
vt 0.718212 0.968196
vt 0.718211 0.968195
vt 0.718212 0.968196
vt 0.718213 0.968197
vt 0.718211 0.968195
vt 0.718211 0.968195
vt 0.718212 0.968196
vt 0.157152 0.968195
vt 0.157152 0.968195
vt 0.157152 0.968195
vt 0.157152 0.968195
vt 0.157152 0.968195
vt 0.157152 0.968195
vt 0.157152 0.968195
vt 0.157152 0.968195
vt 0.157152 0.968195
vt 0.157150 0.968193
vt 0.157152 0.968195
vt 0.157152 0.968195
vt 0.157152 0.968195
vt 0.157152 0.968195
vt 0.718208 0.968192
vt 0.718207 0.968192
vt 0.718211 0.968195
vt 0.718208 0.968192
vt 0.157149 0.968192
vt 0.718211 0.968195
vt 0.718212 0.968196
vt 0.157156 0.968198
vt 0.157150 0.968193
vt 0.157156 0.968198
vt 0.157156 0.968198
vt 0.157156 0.968198
vt 0.157152 0.968195
vt 0.718211 0.968195
vt 0.718210 0.968194
vt 0.718208 0.968193
vt 0.157151 0.968194
vt 0.718211 0.968195
vt 0.718211 0.968195
vt 0.718210 0.968194
vt 0.718208 0.968193
vt 0.718207 0.968192
vt 0.718211 0.968195
vt 0.718211 0.968195
vt 0.157156 0.968198
vt 0.157156 0.968198
vt 0.157156 0.968198
vt 0.157156 0.968198
vt 0.157156 0.968198
vt 0.157156 0.968198
vt 0.157156 0.968198
vt 0.157156 0.968198
vt 0.157156 0.968198
vt 0.157156 0.968198
vt 0.157156 0.968198
vt 0.157156 0.968198
vt 0.094758 0.969675
vt 0.094758 0.969675
vt 0.094758 0.969675
vt 0.094758 0.969675
vt 0.094758 0.969675
vt 0.094758 0.969675
vt 0.094758 0.969675
vt 0.094758 0.969675
vt 0.094758 0.969675
vt 0.094758 0.969675
vt 0.094758 0.969675
vt 0.094758 0.969675
vt 0.158473 0.969675
vt 0.158473 0.969675
vt 0.158473 0.969675
vt 0.158473 0.969675
vt 0.033456 0.969675
vt 0.033456 0.969675
vt 0.157858 0.969801
vt 0.157858 0.969800
vt 0.157858 0.969800
vt 0.157858 0.969801
vt 0.157858 0.969800
vt 0.157858 0.969800
vt 0.157858 0.969800
vt 0.157858 0.969801
vt 0.157858 0.969800
vt 0.157858 0.969801
vt 0.157858 0.969801
vt 0.157858 0.969801
vt 0.157858 0.969800
vt 0.157858 0.969800
vt 0.157858 0.969801
vt 0.157858 0.969800
vt 0.157858 0.969801
vt 0.157858 0.969800
vt 0.157858 0.969801
vt 0.157858 0.969801
vt 0.157858 0.969800
vt 0.157858 0.969800
vt 0.157858 0.969801
vt 0.157858 0.969800
vt 0.157858 0.969801
vt 0.157858 0.969801
vt 0.157858 0.969800
vt 0.157858 0.969800
vt 0.157858 0.969800
vt 0.157858 0.969800
vt 0.157858 0.969800
vt 0.157858 0.969801
vt 0.157858 0.969801
vt 0.157858 0.969801
vt 0.157858 0.969801
vt 0.157858 0.969800
vt 0.157858 0.969800
vt 0.157858 0.969800
vt 0.157858 0.969800
vt 0.157858 0.969800
vt 0.157858 0.969801
vt 0.157858 0.969800
vt 0.157858 0.969801
vt 0.157858 0.969801
vt 0.157858 0.969801
vt 0.157858 0.969801
vt 0.157858 0.969801
vt 0.157858 0.969801
vt 0.157858 0.969801
vt 0.157858 0.969800
vt 0.157858 0.969800
vt 0.157858 0.969800
vt 0.157858 0.969800
vt 0.157858 0.969801
vt 0.157858 0.969801
vt 0.157858 0.969801
vt 0.157858 0.969801
vt 0.157858 0.969801
vt 0.157858 0.969801
vt 0.157858 0.969801
vt 0.157858 0.969801
vt 0.157858 0.969801
vt 0.157858 0.969800
vt 0.157858 0.969800
vt 0.157858 0.969800
vt 0.157858 0.969801
vt 0.157858 0.969800
vt 0.157858 0.969801
vt 0.157858 0.969801
vt 0.157858 0.969801
vt 0.157858 0.969800
vt 0.157858 0.969800
vt 0.157858 0.969800
vt 0.157858 0.969801
vt 0.157858 0.969801
vt 0.157858 0.969800
vt 0.157969 0.968852
vt 0.157969 0.968852
vt 0.157969 0.968852
vt 0.157969 0.968852
vt 0.157969 0.968852
vt 0.157969 0.968852
vt 0.157969 0.968852
vt 0.157969 0.968852
vt 0.157969 0.968852
vt 0.157969 0.968852
vt 0.157969 0.968852
vt 0.157969 0.968852
vt 0.157969 0.968852
vt 0.157969 0.968852
vt 0.157969 0.968852
vt 0.157969 0.968852
vt 0.157969 0.968852
vt 0.157969 0.968852
vt 0.157969 0.968852
vt 0.157969 0.968852
vt 0.157969 0.968852
vt 0.157969 0.968852
vt 0.157969 0.968852
vt 0.157969 0.968852
vt 0.719027 0.968852
vt 0.719027 0.968852
vt 0.719027 0.968852
vt 0.719027 0.968852
vt 0.719027 0.968852
vt 0.719027 0.968852
vt 0.719027 0.968852
vt 0.719027 0.968852
vt 0.719027 0.968852
vt 0.719027 0.968852
vt 0.721488 0.968852
vt 0.721488 0.968852
vt 0.721488 0.968852
vt 0.721488 0.968852
vt 0.721488 0.968852
vt 0.721488 0.968852
vt 0.721488 0.968852
vt 0.721488 0.968852
vt 0.721488 0.968852
vt 0.721488 0.968852
vt 0.721488 0.968852
vt 0.721488 0.968852
vt 0.721488 0.968852
vt 0.721488 0.968852
vt 0.721488 0.968852
vt 0.721488 0.968852
vt 0.721488 0.968852
vt 0.721488 0.968852
vt 0.721488 0.968852
vt 0.721488 0.968852
vt 0.721488 0.968852
vt 0.721488 0.968852
vt 0.721488 0.968852
vt 0.721488 0.968852
vt 0.721488 0.968852
vt 0.721488 0.968852
vt 0.721488 0.968852
vt 0.721488 0.968852
vt 0.721488 0.968852
vt 0.721488 0.968852
vt 0.721488 0.968852
vt 0.721488 0.968852
vt 0.721488 0.968852
vt 0.157969 0.968852
vt 0.721488 0.968852
vt 0.721488 0.968852
vt 0.721488 0.968852
vt 0.721488 0.968852
vt 0.721488 0.968852
vt 0.721488 0.968852
vt 0.721488 0.968852
vt 0.157969 0.968852
vt 0.721488 0.968852
vt 0.157969 0.968852
vt 0.719027 0.968852
vt 0.719027 0.968852
vt 0.719027 0.968852
vt 0.714106 0.968852
vt 0.714106 0.968852
vt 0.714106 0.968852
vt 0.719027 0.968852
vt 0.719027 0.968852
vt 0.719027 0.968852
vt 0.719027 0.968852
vt 0.719027 0.968852
vt 0.719027 0.968852
vt 0.719027 0.968852
vt 0.719027 0.968852
vt 0.723949 0.968852
vt 0.723949 0.968852
vt 0.723949 0.968852
vt 0.719027 0.968852
vt 0.719027 0.968852
vt 0.719027 0.968852
vt 0.721488 0.968852
vt 0.721488 0.968852
vt 0.721488 0.968852
vt 0.721494 0.968860
vt 0.721505 0.968876
vt 0.721511 0.968884
vt 0.721488 0.968852
vt 0.721488 0.968852
vt 0.719112 0.968971
vt 0.721572 0.968970
vt 0.721572 0.968970
vt 0.721531 0.968913
vt 0.721488 0.968852
vt 0.721488 0.968852
vt 0.721488 0.968852
vt 0.721488 0.968852
vt 0.721488 0.968852
vt 0.721488 0.968852
vt 0.721488 0.968852
vt 0.721488 0.968852
vt 0.721488 0.968852
vt 0.721488 0.968852
vt 0.721488 0.968852
vt 0.721488 0.968852
vt 0.721539 0.968923
vt 0.721527 0.968907
vt 0.721515 0.968890
vt 0.721488 0.968852
vt 0.721488 0.968852
vt 0.721488 0.968852
vt 0.721488 0.968852
vt 0.721488 0.968852
vt 0.158050 0.968966
vt 0.721529 0.968909
vt 0.721507 0.968879
vt 0.721498 0.968866
vt 0.721488 0.968852
vt 0.721488 0.968852
vt 0.157156 0.968198
vt 0.157155 0.968197
vt 0.157156 0.968198
vt 0.157155 0.968197
vt 0.157152 0.968195
vt 0.157153 0.968196
vt 0.157155 0.968197
vt 0.157154 0.968196
vt 0.157154 0.968196
vt 0.718212 0.968196
vt 0.157510 0.968483
vt 0.157461 0.968443
vt 0.157359 0.968361
vt 0.157223 0.968252
vt 0.718861 0.968718
vt 0.718904 0.968753
vt 0.719027 0.968852
vt 0.718992 0.968823
vt 0.718917 0.968763
vt 0.719027 0.968852
vt 0.719028 0.968852
vt 0.157969 0.968852
vt 0.157969 0.968852
vt 0.157969 0.968852
vt 0.157969 0.968852
vt 0.157969 0.968852
vt 0.157969 0.968852
vt 0.157969 0.968852
vt 0.157969 0.968852
vt 0.716567 0.968852
vt 0.716567 0.968852
vt 0.716567 0.968852
vt 0.716567 0.968852
vt 0.157969 0.968852
vt 0.714106 0.968852
vt 0.713803 0.968609
vt 0.713861 0.968655
vt 0.713930 0.968710
vt 0.157969 0.968852
vt 0.157572 0.968533
vt 0.157969 0.968852
vt 0.157969 0.968852
vt 0.157364 0.968365
vt 0.157151 0.968194
vt 0.157151 0.968194
vt 0.157152 0.968195
vt 0.719003 0.967722
vt 0.719003 0.967722
vt 0.719003 0.967722
vt 0.719003 0.967721
vt 0.719003 0.967721
vt 0.719003 0.967722
vt 0.719003 0.967722
vt 0.719003 0.967722
vt 0.719003 0.967721
vt 0.719003 0.967722
vt 0.719003 0.967722
vt 0.719003 0.967722
vt 0.719003 0.967721
vt 0.719003 0.967721
vt 0.719003 0.967721
vt 0.719003 0.967722
vt 0.719003 0.967721
vt 0.719003 0.967722
vt 0.717050 0.967721
vt 0.717050 0.967722
vt 0.717050 0.967722
vt 0.717050 0.967721
vt 0.717050 0.967722
vt 0.717050 0.967722
vt 0.717050 0.967722
vt 0.717050 0.967722
vt 0.717050 0.967721
vt 0.717050 0.967722
vt 0.717050 0.967722
vt 0.717050 0.967721
vt 0.717050 0.967721
vt 0.717050 0.967721
vt 0.717050 0.967721
vt 0.717050 0.967721
vt 0.717050 0.967722
vt 0.717050 0.967722
vt 0.717050 0.967722
vt 0.717050 0.967722
vt 0.717050 0.967722
vt 0.717050 0.967721
vt 0.717050 0.967721
vt 0.717050 0.967722
vt 0.717050 0.967721
vt 0.717050 0.967721
vt 0.717050 0.967721
vt 0.717050 0.967721
vt 0.095956 0.844675
vt 0.095956 0.844675
vt 0.095956 0.844675
vt 0.095956 0.844675
vt 0.719003 0.967721
vt 0.719003 0.967721
vt 0.719003 0.967721
vn 1.0000 0.0000 0.0000
vn -0.0000 0.0000 1.0000
vn 0.0030 1.0000 0.0017
vn -1.0000 -0.0000 0.0000
vn 0.0530 -0.9984 -0.0188
vn -0.0003 -0.0002 -1.0000
vn 0.0021 1.0000 -0.0062
vn -0.0374 -0.9991 -0.0223
vn -0.9972 -0.0738 0.0111
vn -0.9993 -0.0327 0.0184
vn -0.0026 -1.0000 -0.0017
vn -0.0002 0.0001 -1.0000
vn -0.0000 1.0000 -0.0070
vn 0.0078 1.0000 0.0034
vn 0.0000 0.0017 1.0000
vn -0.0003 -1.0000 0.0001
vn 0.0254 -0.9895 -0.1426
vn -0.0074 -0.9999 0.0072
vn -0.9965 -0.0824 0.0115
vn -0.9995 -0.0235 0.0231
vn 0.0027 1.0000 0.0086
vn 0.0004 0.0003 1.0000
vn -0.0004 -0.0003 -1.0000
vn 0.0000 -0.0016 -1.0000
vn -0.0021 1.0000 -0.0062
vn -0.0009 0.0000 -1.0000
vn 0.0000 -1.0000 0.0072
vn -0.9996 -0.0200 0.0219
vn 0.0000 1.0000 -0.0000
vn -0.0000 0.0320 -0.9995
vn 0.0000 0.0894 0.9960
vn -0.9554 0.2951 -0.0144
vn -0.9774 0.2109 -0.0105
vn 0.0004 -0.0004 -1.0000
vn -0.0025 1.0000 -0.0038
vn -0.0004 0.0005 1.0000
vn 0.0003 -0.0002 -1.0000
vn 0.9960 -0.0890 0.0083
vn 0.9996 -0.0281 0.0067
vn 0.0000 -1.0000 -0.0008
vn 0.0000 -1.0000 0.0000
vn -0.0004 0.0003 1.0000
vn 0.0000 0.0000 -1.0000
vn -0.0030 1.0000 0.0017
vn 0.0000 -1.0000 -0.0017
vn 0.9955 -0.0942 -0.0107
vn 0.9998 -0.0201 0.0092
vn -0.0023 1.0000 -0.0022
vn 0.9973 -0.0728 0.0006
vn 0.9998 -0.0192 0.0096
vn 0.0001 0.0839 -0.9965
vn -0.0018 1.0000 -0.0070
vn 0.0002 0.0319 -0.9995
vn -0.0027 1.0000 0.0086
vn 0.9968 -0.0799 -0.0004
vn 0.9995 -0.0313 0.0040
vn -0.0002 0.0383 0.9993
vn -0.0004 0.0895 0.9960
vn 0.0000 0.0840 -0.9965
vn 0.0000 0.0383 0.9993
vn 0.0005 -1.0000 -0.0004
vn 0.0000 0.0003 1.0000
vn 0.1156 0.1818 0.9765
vn -0.0301 -0.8384 0.5442
vn 0.0874 0.1642 -0.9826
vn 1.0000 -0.0011 0.0000
vn -0.0001 0.0839 -0.9965
vn 0.9554 0.2951 -0.0144
vn 0.0018 1.0000 -0.0070
vn 0.9774 0.2109 -0.0105
vn -0.0002 0.0319 -0.9995
vn 0.0002 0.0383 0.9993
vn 0.0004 0.0895 0.9960
vn 0.1579 -0.9875 0.0005
vn 0.0001 -0.0004 -1.0000
vn 0.1086 0.0000 0.9941
vn -0.0346 -0.7292 -0.6835
vn -0.0343 -0.7347 -0.6775
vn 0.1144 -0.0168 0.9933
vn 0.0178 -0.9998 0.0000
vn -0.0093 -0.9370 -0.3491
vn 0.0025 1.0000 -0.0038
vn -0.0004 -0.0004 -1.0000
vn 0.0004 0.0002 1.0000
vn -0.0002 -1.0000 0.0002
vn 0.0004 -0.0003 -1.0000
vn 0.0003 -0.0004 -1.0000
vn 0.0028 1.0000 0.0029
vn -0.0004 0.0002 1.0000
vn -0.0002 -0.0007 1.0000
vn 0.0001 0.0001 1.0000
vn 0.0023 1.0000 -0.0022
vn 0.0001 0.0011 1.0000
vn -0.9923 -0.1215 0.0225
vn 0.9996 0.0290 -0.0030
vn 0.0000 1.0000 -0.0062
vn -0.0000 -0.0002 -1.0000
vn 0.0003 -0.0011 -1.0000
vn 0.0010 -0.0004 1.0000
vn 0.0000 0.0001 1.0000
vn 0.0001 0.0004 -1.0000
vn -0.0009 -0.0008 -1.0000
vn -0.0000 0.0002 1.0000
vn -0.0044 1.0000 -0.0031
vn 0.0000 -1.0000 -0.0003
vn 0.0058 0.9998 -0.0213
vn 0.0000 -0.0003 -1.0000
vn -0.0037 1.0000 0.0020
vn -1.0000 -0.0001 -0.0041
vn -0.0026 1.0000 -0.0073
vn 0.0004 -0.0002 -1.0000
vn 0.9939 -0.1078 0.0216
vn -0.0026 1.0000 -0.0071
vn 0.9920 -0.1263 0.0071
vn 0.9993 -0.0240 0.0275
vn -1.0000 -0.0013 -0.0001
vn -0.0028 1.0000 -0.0031
vn -0.0014 1.0000 0.0072
vn 0.9999 0.0113 0.0070
vn -0.0004 0.0000 1.0000
vn -0.0031 1.0000 -0.0058
vn 0.7903 -0.6127 0.0000
vn -0.0005 0.0002 1.0000
vn 0.0006 -0.0002 -1.0000
vn 0.0005 -0.0002 -1.0000
vn 0.3455 -0.9384 0.0016
vn 0.0978 -0.0041 0.9952
vn 0.0605 0.0968 -0.9935
vn 0.0000 -0.9834 0.1816
vn 0.0000 -0.9849 -0.1734
vn 0.9524 -0.3038 -0.0267
vn 0.9523 -0.3038 0.0281
vn 0.0000 -0.9849 -0.1731
vn 0.0000 -0.9832 0.1826
vn 0.9523 -0.3038 0.0282
vn -0.9524 -0.3038 -0.0267
vn -0.9523 -0.3038 0.0281
vn -0.9523 -0.3038 0.0282
vn -0.0004 -0.0002 -1.0000
vn -0.9999 -0.0131 0.0063
vn -0.9957 -0.0929 0.0038
vn -0.9998 -0.0175 0.0082
vn 0.0003 0.0003 1.0000
vn -0.9966 -0.0824 0.0042
vn -0.9998 -0.0200 0.0073
vn 0.9995 -0.0196 0.0239
vn 0.9976 -0.0692 -0.0032
vn -0.0003 0.0002 1.0000
vn 0.9997 -0.0104 0.0241
vn 0.9995 -0.0218 0.0243
vn 0.9997 -0.0114 0.0223
vn 0.9971 -0.0749 0.0123
vn 0.9951 -0.0986 0.0055
vn 0.9963 -0.0859 0.0052
vn 0.9977 -0.0666 0.0098
vn 0.9998 -0.0170 0.0097
vn 0.9979 -0.0653 -0.0024
vn -0.0002 -0.0002 -1.0000
vn 0.9998 0.0216 -0.0008
vn 0.0007 -0.0006 -1.0000
vn -0.9980 -0.0623 0.0096
vn -0.0002 0.0006 1.0000
vn 0.0007 0.0001 -1.0000
vn -0.0010 -0.0002 -1.0000
vn 0.0001 -0.0003 1.0000
vn 0.0003 -0.0004 1.0000
vn -1.0000 0.0001 -0.0002
vn -1.0000 -0.0001 -0.0039
vn 0.0768 0.7071 0.7029
vn 0.0782 0.7012 0.7087
usemtl Medieval
s off
f 2624/3873/587 2640/3874/587 2816/3875/587
f 2625/3876/587 2619/3877/587 2620/3878/587 2621/3879/587 2618/3880/587
f 2621/3879/587 2622/3881/587 2816/3875/587 2618/3880/587
f 2622/3881/587 2623/3882/587 2624/3873/587 2816/3875/587
f 3162/3883/588 2634/3884/588 2907/3885/588 3164/3886/588
f 2637/3887/589 2636/3888/589 2902/3889/589 2901/3890/589
f 2627/3891/590 2626/3892/590 2630/3893/590 3198/3894/590
f 2621/3895/587 2620/3896/587 2629/3897/587 2628/3898/587
f 2628/3898/587 2631/3899/587 2622/3900/587 2621/3895/587
f 2651/3901/591 2641/3902/591 2921/3903/591 2908/3904/591
f 3161/3905/592 2660/3906/592 2916/3907/592 3163/3908/592
f 3154/3909/588 2626/3892/588 2912/3910/588 3156/3911/588
f 2638/3912/593 2639/3913/593 2899/3914/593 2900/3915/593
f 2627/3891/590 3202/3916/590 3205/3917/590
f 2627/3891/590 3199/3918/590 3202/3916/590
f 2627/3891/590 3198/3894/590 3206/3919/590 3199/3918/590
f 2647/3920/594 2672/3921/594 2930/3922/594 2921/3923/594
f 3157/3924/595 3180/3925/595 3158/3926/595 2639/3913/595 2638/3912/595
f 3153/3927/596 3179/3928/596 3154/3929/596 2636/3888/596 2637/3887/596
f 2646/3930/597 2655/3931/597 2908/3932/597
f 2631/3899/587 2632/3933/587 2623/3934/587 2622/3900/587
f 2623/3934/587 2632/3933/587 2624/3935/587
f 2619/3936/587 2629/3897/587 2620/3896/587
f 2684/3937/589 2683/3938/589 2928/3939/589 2929/3940/589
f 2672/3921/598 2680/3941/598 2924/3942/598 2930/3922/598
f 2646/3943/587 2625/3876/587 2618/3880/587
f 2647/3944/587 2641/3945/587 2642/3946/587 2643/3947/587 2663/3948/587
f 2643/3947/587 2644/3949/587 2618/3880/587 2663/3948/587
f 2644/3949/587 2645/3950/587 2646/3943/587 2618/3880/587
f 2660/3906/589 2659/3951/589 2917/3952/589 2916/3907/589
f 2631/3899/599 2628/3898/599 2652/3953/599 2699/3954/599
f 3169/3955/592 2684/3937/592 2929/3940/592 3172/3956/592
f 2648/3957/590 2627/3891/590 3205/3917/590 3201/3958/590 3196/3959/590 3204/3960/590 3195/3961/590
f 2643/3962/587 2642/3963/587 2651/3901/587 2650/3964/587
f 2650/3964/587 2654/3965/587 2644/3966/587 2643/3962/587
f 2634/3967/600 2633/3968/600 2903/3969/600 2907/3970/600
f 2677/3971/601 2678/3972/601 2688/3973/601 2692/3974/601
f 2625/3975/602 2646/3930/602 2908/3932/602 2905/3976/602
f 2641/3902/603 2647/3920/603 2921/3903/603
f 2632/3933/604 2629/3897/604 2904/3977/604
f 2648/3957/590 3200/3978/590 3203/3979/590 3197/3980/590
f 2648/3957/590 3195/3961/590 3200/3978/590
f 2661/3981/593 2662/3982/593 2914/3983/593 2915/3984/593
f 3165/3985/605 3166/3986/605 2662/3982/605 2661/3981/605
f 3161/3905/606 3162/3987/606 2659/3951/606 2660/3906/606
f 2657/3988/607 2656/3989/607 2918/3990/607 2922/3991/607
f 2654/3965/587 2655/3931/587 2645/3992/587 2644/3966/587
f 2645/3992/587 2655/3931/587 2646/3930/587
f 2641/3902/587 2651/3901/587 2642/3963/587
f 3158/3993/608 2635/3994/608 2911/3995/608 3160/3996/608
f 3157/3924/609 2638/3912/609 2900/3915/609 3159/3997/609
f 2672/3998/587 2647/3944/587 2663/3948/587
f 2690/3999/587 2665/4000/587 2666/4001/587 2667/4002/587 2664/4003/587
f 2667/4002/587 2670/4004/587 2663/3948/587 2664/4003/587
f 2670/4004/587 2671/4005/587 2672/3998/587 2663/3948/587
f 2632/3933/610 2631/3899/610 2699/3954/610 2696/4006/610
f 2626/3892/588 2640/4007/588 2913/4008/588 2912/3910/588
f 2655/3931/610 2654/3965/610 2689/4009/610 2675/4010/610
f 2650/3964/601 2651/3901/601 2691/4011/601 2693/4012/601
f 3170/4013/588 2657/4014/588 2922/4015/588 3171/4016/588
f 2628/3898/601 2629/3897/601 2649/4017/601 2652/3953/601
f 2667/4018/587 2666/4019/587 2678/3972/587 2677/3971/587
f 2677/3971/587 2681/4020/587 2670/4021/587 2667/4018/587
f 2690/4022/587 2701/4023/587 2891/4024/587
f 2654/3965/599 2650/3964/599 2693/4012/599 2689/4009/599
f 2682/4025/587 2678/3972/587 2672/4026/587
f 2806/4027/611 2805/4028/611 2973/4029/611 2972/4030/611
f 2680/3941/612 2672/3921/612 2648/3957/612
f 2796/4031/613 2799/4032/613 2976/4033/613 2980/4034/613
f 3169/3955/614 3170/4035/614 2683/3938/614 2684/3937/614
f 2681/4020/587 2682/4025/587 2671/4036/587 2670/4021/587
f 2671/4036/587 2682/4025/587 2672/4026/587
f 2665/4037/587 2678/3972/587 2666/4019/587
f 2665/4037/587 2672/4026/587 2678/3972/587
f 2695/4038/587 2686/4039/587 2687/4040/587 2697/4041/587 2685/4042/587
f 2701/4043/613 2668/4044/613 2679/4045/613 2698/4046/613
f 2697/4041/587 2700/4047/587 2664/4003/587 2685/4042/587
f 2700/4047/587 2701/4048/587 2690/3999/587 2664/4003/587
f 2697/4049/601 2698/4046/601 2679/4045/601 2676/4050/601
f 2632/3933/613 2696/4006/613 2649/4017/613 2629/3897/613
f 2701/4043/610 2700/4051/610 2669/4052/610 2668/4044/610
f 2682/4025/613 2673/4053/613 2688/3973/613 2678/3972/613
f 2700/4051/615 2697/4049/615 2676/4050/615 2669/4052/615
f 2655/3931/613 2675/4010/613 2691/4011/613 2651/3901/613
f 2697/4049/587 2687/4054/587 2698/4046/587
f 2681/4020/599 2677/3971/599 2692/3974/599 2674/4055/599
f 2682/4025/610 2681/4020/610 2674/4055/610 2673/4053/610
f 2672/4026/587 2665/4037/587 2690/4022/587 2891/4024/587
f 2686/4056/587 2698/4046/587 2687/4054/587
f 2627/4057/615 2703/4058/615 2704/4059/615
f 2713/4060/616 2807/4061/616 2755/4062/616 2714/4063/616
f 2710/4064/617 2778/4065/617 2777/4066/617 2711/4067/617
f 2718/4068/590 2705/4069/590 2733/4070/590
f 2707/4071/590 2706/4072/590 2709/4073/590 2708/4074/590
f 2713/4060/618 2710/4064/618 2711/4067/618 2712/4075/618
f 2714/4063/619 2715/4076/619 2710/4064/619 2713/4060/619
f 2709/4073/590 2706/4072/590 2705/4069/590 2716/4077/590
f 2716/4077/590 2705/4069/590 2718/4068/590 2717/4078/590
f 2752/4079/620 3238/4080/620 3259/4081/620 3236/4082/620 2948/4083/620
f 2774/4084/620 3231/4085/620 3208/4086/620 2960/4087/620
f 2720/4088/587 3273/4089/587 3272/4090/587 2734/4091/587
f 2709/4092/590 2721/4093/590 2722/4094/590 2708/4095/590
f 2721/4093/590 2709/4092/590 2716/4096/590 2724/4097/590
f 2732/4098/611 2731/4099/611 2934/4100/611 2933/4101/611
f 2722/4094/613 2725/4102/613 2939/4103/613 2941/4104/613
f 2723/4105/621 2728/4106/621 2943/4107/621 2942/4108/621
f 2749/4109/622 3229/4110/622 3252/4111/622 3222/4112/622 2957/4113/622
f 2720/4088/587 3298/4114/587 3261/4115/587
f 2720/4088/587 3261/4115/587 3274/4116/587
f 2720/4088/587 3274/4116/587 3303/4117/587 3273/4089/587
f 2730/4118/623 3234/4119/623 3219/4120/623 2935/4121/623
f 2726/4122/624 3221/4123/624 3242/4124/624 3237/4125/624 2728/4126/624
f 2723/4127/625 3234/4128/625 3241/4129/625 3211/4130/625 2719/4131/625
f 2781/4132/626 2796/4031/626 2980/4034/626 2979/4133/626
f 2724/4097/590 2716/4096/590 2717/4134/590 2725/4102/590
f 2717/4134/590 2718/4135/590 2725/4102/590
f 2707/4136/590 2708/4095/590 2722/4094/590
f 2794/4137/627 2781/4132/627 2979/4133/627 2977/4138/627
f 2740/4139/590 2706/4072/590 2707/4071/590
f 2735/4140/590 2754/4141/590 2737/4142/590 2736/4143/590
f 2737/4142/590 2754/4141/590 2706/4072/590 2738/4144/590
f 2738/4144/590 2706/4072/590 2740/4139/590 2739/4145/590
f 2707/4136/626 2722/4094/626 2941/4104/626 2940/4146/626
f 2724/4097/599 2699/3954/599 2652/3953/599 2721/4093/599
f 2771/4147/628 3210/4148/628 3250/4149/628 3224/4150/628 2970/4151/628
f 2741/4152/587 3276/4153/587 3264/4154/587 3298/4114/587 2720/4088/587
f 2737/4155/590 2742/4156/590 2743/4157/590 2736/4158/590
f 2742/4156/590 2737/4155/590 2738/4159/590 2745/4160/590
f 2727/4161/588 3214/4162/588 3213/4163/588 2944/4164/588
f 2764/4165/601 2692/3974/601 2688/3973/601 2765/4166/601
f 2801/4167/629 3269/4168/629 3293/4169/629 3286/4170/629 2978/4171/629
f 2750/4172/630 2751/4173/630 2949/4174/630 2950/4175/630
f 2762/4176/627 2735/4177/627 2954/4178/627 2964/4179/627
f 2741/4152/587 3266/4180/587 3295/4181/587 3263/4182/587
f 2741/4152/587 3263/4182/587 3267/4183/587
f 2741/4152/587 3267/4183/587 3301/4184/587 3276/4153/587
f 2799/4032/631 2792/4185/631 2975/4186/631 2976/4033/631
f 2747/4187/632 3238/4188/632 3240/4189/632 3229/4110/632 2749/4109/632
f 2744/4190/633 3223/4191/633 3239/4192/633 3214/4162/633 2727/4161/633
f 2772/4193/630 2773/4194/630 2961/4195/630 2962/4196/630
f 2745/4160/590 2738/4159/590 2739/4197/590 2746/4198/590
f 2739/4197/590 2740/4199/590 2746/4198/590
f 2735/4177/590 2736/4158/590 2743/4157/590
f 2725/4102/631 2718/4135/631 2938/4200/631 2939/4103/631
f 2762/4201/590 2754/4141/590 2735/4140/590
f 2757/4202/590 2756/4203/590 2759/4204/590 2758/4205/590
f 2759/4204/590 2756/4203/590 2754/4141/590 2760/4206/590
f 2760/4206/590 2754/4141/590 2762/4201/590 2761/4207/590
f 2725/4102/610 2696/4006/610 2699/3954/610 2724/4097/610
f 2804/4208/623 3212/4209/623 3230/4210/623 2971/4211/623
f 2746/4198/610 2675/4010/610 2689/4009/610 2745/4160/610
f 2742/4156/601 2693/4012/601 2691/4011/601 2743/4157/601
f 2753/4212/611 2752/4079/611 2948/4083/611 2947/4213/611
f 2721/4093/601 2652/3953/601 2649/4017/601 2722/4094/601
f 2763/4214/587 3268/4215/587 3265/4216/587 3266/4180/587 2741/4152/587
f 2759/4217/590 2764/4165/590 2765/4166/590 2758/4218/590
f 2764/4165/590 2759/4217/590 2760/4219/590 2767/4220/590
f 2800/4221/634 2801/4167/634 2978/4171/634 2981/4222/634
f 2745/4160/599 2689/4009/599 2693/4012/599 2742/4156/599
f 2775/4223/611 2774/4084/611 2960/4087/611 2959/4224/611
f 2769/4225/634 2770/4226/634 2969/4227/634 2963/4228/634
f 2740/4199/627 2707/4136/627 2940/4146/627 2952/4229/627
f 2763/4214/587 3275/4230/587 3281/4231/587 3277/4232/587
f 2763/4214/587 3277/4232/587 3268/4215/587
f 2733/4233/588 2719/4131/588 2945/4234/588 3282/4235/588 2946/4236/588
f 2769/4237/635 3231/4238/635 3210/4148/635 2771/4147/635
f 2766/4239/636 3218/4240/636 3243/4241/636 3244/4242/636 3215/4243/636 2748/4244/636
f 2767/4220/590 2760/4219/590 2761/4245/590 2768/4246/590
f 2761/4245/590 2762/4176/590 2768/4246/590
f 2757/4247/590 2758/4218/590 2765/4166/590
f 2718/4135/627 2733/4233/627 2946/4236/627 2938/4200/627
f 2792/4248/590 2756/4203/590 2757/4202/590
f 2794/4249/590 2780/4250/590 2783/4251/590 2782/4252/590 2781/4253/590
f 2799/4032/613 2796/4031/613 2679/4045/613 2668/4044/613
f 2809/4254/637 2787/4255/637 2786/4256/637 2808/4257/637
f 2787/4255/618 2784/4258/618 2785/4259/618 2786/4256/618
f 2808/4257/638 2786/4256/638 2785/4259/638 2813/4260/638
f 2788/4261/619 2789/4262/619 2784/4258/619 2787/4255/619
f 2811/4263/639 2788/4261/639 2787/4255/639 2809/4254/639
f 2783/4251/590 2780/4250/590 2756/4203/590 2790/4264/590
f 2790/4264/590 2756/4203/590 2792/4248/590 2791/4265/590
f 2795/4266/601 2676/4050/601 2679/4045/601 2796/4031/601
f 2725/4102/613 2722/4094/613 2649/4017/613 2696/4006/613
f 2743/4157/613 2746/4198/613 2953/4267/613 2955/4268/613
f 2799/4032/610 2668/4044/610 2669/4052/610 2798/4269/610
f 2768/4246/613 2765/4166/613 2688/3973/613 2673/4053/613
f 2765/4166/613 2768/4246/613 2965/4270/613 2967/4271/613
f 2798/4269/615 2669/4052/615 2676/4050/615 2795/4266/615
f 2746/4198/613 2743/4157/613 2691/4011/613 2675/4010/613
f 2793/4272/587 3300/4273/587 3262/4274/587 3275/4230/587 2763/4214/587
f 2783/4275/590 2795/4266/590 2796/4031/590 2782/4276/590
f 2795/4266/590 2783/4275/590 2790/4277/590 2798/4269/590
f 2747/4278/640 2748/4279/640 2958/4280/640 2951/4281/640
f 2767/4220/599 2674/4055/599 2692/3974/599 2764/4165/599
f 2768/4246/610 2673/4053/610 2674/4055/610 2767/4220/610
f 2797/4282/621 2802/4283/621 2932/4284/621 2931/4285/621
f 2770/4286/588 3207/4287/588 3249/4288/588 3220/4289/588 2969/4290/588
f 2793/4272/587 3269/4291/587 3304/4292/587 3271/4293/587
f 2793/4272/587 3271/4293/587 3270/4294/587
f 2793/4272/587 3270/4294/587 3300/4273/587
f 2766/4295/621 2771/4296/621 2970/4297/621 2968/4298/621
f 2800/4299/641 3235/4300/641 3247/4301/641 3217/4302/641 2802/4303/641
f 2797/4304/642 3212/4305/642 3245/4306/642 3246/4307/642 3207/4287/642 2770/4286/642
f 2798/4269/590 2790/4277/590 2791/4308/590 2799/4032/590
f 2791/4308/590 2792/4185/590 2799/4032/590
f 2781/4132/590 2782/4276/590 2796/4031/590
f 2719/4131/588 3211/4130/588 3225/4309/588 2945/4234/588
f 2735/4177/626 2743/4157/626 2955/4268/626 2954/4178/626
f 2789/4262/643 2810/4310/643 2812/4311/643 2784/4258/643
f 2784/4258/644 2812/4311/644 2813/4260/644 2785/4259/644
f 2712/4075/645 2776/4312/645 2807/4061/645 2713/4060/645
f 2734/4313/615 2704/4314/615 2703/4315/615 2793/4316/615
f 2715/4076/646 2779/4317/646 2778/4065/646 2710/4064/646
f 2712/4318/599 2711/4319/599 2777/4320/599 2776/4321/599
f 2820/4322/616 2828/4323/616 2823/4324/616 2821/4325/616
f 2817/4326/617 2826/4327/617 2825/4328/617 2818/4329/617
f 2820/4322/618 2817/4326/618 2818/4329/618 2819/4330/618
f 2821/4325/619 2822/4331/619 2817/4326/619 2820/4322/619
f 2819/4330/645 2824/4332/645 2828/4323/645 2820/4322/645
f 2822/4331/646 2827/4333/646 2826/4327/646 2817/4326/646
f 2819/4330/599 2818/4329/599 2825/4328/599 2824/4332/599
f 2832/4334/616 2840/4335/616 2835/4336/616 2833/4337/616
f 2829/4338/617 2838/4339/617 2837/4340/617 2830/4341/617
f 2832/4334/618 2829/4338/618 2830/4341/618 2831/4342/618
f 2833/4337/619 2834/4343/619 2829/4338/619 2832/4334/619
f 2831/4342/645 2836/4344/645 2840/4335/645 2832/4334/645
f 2834/4343/646 2839/4345/646 2838/4339/646 2829/4338/646
f 2831/4346/599 2830/4347/599 2837/4348/599 2836/4349/599
f 2629/3897/647 2619/3936/647 2905/4350/647 2904/3977/647
f 2841/4351/615 2648/4352/615 2672/4353/615 2891/4354/615
f 2680/3941/590 3197/3980/590 2657/4014/590
f 2845/4355/648 2844/4356/648 2848/4357/648
f 2843/4358/648 2846/4359/648 2848/4357/648 2849/4360/648
f 2848/4357/649 2844/4356/649 2847/4361/649
f 2891/4024/650 2698/4046/650 2844/4362/650
f 2703/4363/615 2841/4364/615 2994/4365/615
f 2686/4039/651 2982/4366/651 2863/4367/651
f 2842/4368/652 2843/4358/652 2849/4360/652 2850/4369/652
f 2846/4359/648 2845/4355/648 2848/4357/648
f 2858/4370/653 2857/4371/653 2853/4372/653 2854/4373/653
f 2854/4373/654 2853/4372/654 2852/4374/654 2851/4375/654
f 2857/4371/655 2862/4376/655 2852/4374/655 2853/4372/655
f 2855/4377/656 2854/4373/656 2851/4375/656 2856/4378/656
f 2860/4379/657 2858/4370/657 2854/4373/657 2855/4377/657
f 2856/4378/658 2851/4375/658 2861/4380/658 2859/4381/658
f 2851/4375/659 2852/4374/659 2862/4376/659 2861/4380/659
f 2863/4367/660 2850/4369/660 2849/4360/660 2848/4357/660
f 2863/4367/661 2842/4368/661 2850/4369/661
f 3372/4382/587 3371/4383/587 2864/4384/587 2873/4385/587
f 3373/4386/587 3375/4387/587 3370/4388/587 3372/4382/587 2873/4385/587 2876/4389/587
f 3377/4390/662 3370/4391/662 2868/4392/662 2869/4393/662
f 2865/4394/662 2864/4395/662 2866/4396/662 2867/4397/662
f 3379/4398/590 3378/4399/590 3385/4400/590 3384/4401/590 2870/4402/590 2884/4403/590
f 2864/4395/627 2865/4394/627 2884/4404/627 2873/4405/627
f 2864/4384/587 3371/4383/587 2866/4406/587
f 2887/4407/587 2896/4408/587 2889/4409/587 2892/4410/587
f 3381/4411/590 3385/4400/590 3378/4399/590 3377/4412/590 2869/4413/590
f 3370/4388/587 3375/4387/587 3374/4414/587 2868/4415/587
f 2865/4416/590 3380/4417/590 3379/4398/590 2884/4403/590
f 2873/4418/663 2884/4419/663 2870/4420/663 2876/4421/663
f 3388/4422/587 3387/4423/587 3373/4386/587 2876/4389/587
f 3382/4424/662 3373/4425/662 2871/4426/662 2872/4427/662
f 3397/4428/590 3401/4429/590 3391/4430/590 3390/4431/590 2875/4432/590
f 3373/4386/587 3387/4423/587 2871/4433/587
f 3384/4401/590 3383/4434/590 3393/4435/590 3392/4436/590 2870/4402/590
f 2871/4437/615 3387/4438/615 3389/4439/615 2872/4440/615
f 3423/4441/590 3422/4442/590 2672/3998/590 2894/4443/590 2888/4444/590
f 3405/4445/590 3409/4446/590 3399/4447/590 3398/4448/590 2879/4449/590
f 3394/4450/587 3396/4451/587 3386/4452/587 3388/4422/587 2876/4389/587 2883/4453/587
f 3392/4436/590 3391/4430/590 3401/4429/590 3400/4454/590 2877/4455/590 2870/4402/590
f 2876/4421/664 2870/4420/664 2877/4456/664 2883/4457/664
f 2874/4458/615 3395/4459/615 3397/4460/615 2875/4461/615
f 3406/4462/662 3402/4463/662 2881/4464/662 2882/4465/662
f 3404/4466/587 3403/4467/587 3394/4450/587 2883/4453/587
f 3400/4454/590 3399/4447/590 3409/4446/590 3408/4468/590 2877/4455/590
f 3410/4469/590 3414/4470/590 3407/4471/590 3406/4472/590 2882/4473/590
f 2881/4474/615 3416/4475/615 3410/4476/615 2882/4477/615
f 3413/4478/590 3412/4479/590 3424/4480/590 3423/4441/590 2888/4444/590
f 3402/4481/587 3417/4482/587 3416/4483/587 2881/4484/587
f 3408/4468/590 3407/4471/590 3414/4470/590 3413/4478/590 2888/4444/590 2877/4455/590
f 2883/4457/664 2877/4456/664 2888/4485/664 2880/4486/664
f 3420/4487/587 3415/4488/587 2880/4489/587
f 2895/4490/587 3420/4487/587 2880/4489/587
f 2887/4407/587 3418/4491/587 3420/4487/587 2895/4490/587
f 3421/4492/590 3424/4480/590 3412/4479/590 3411/4493/590 2886/4494/590
f 3415/4488/587 3420/4487/587 3419/4495/587 2885/4496/587
f 3422/4497/665 3418/4498/665 2887/4499/665 2672/4026/665
f 3415/4488/587 3417/4482/587 3402/4481/587 3404/4466/587 2883/4453/587 2880/4489/587
f 2885/4500/615 3419/4501/615 3421/4502/615 2886/4503/615
f 3390/4504/662 3386/4505/662 2874/4506/662 2875/4507/662
f 2896/4508/666 2893/4509/666 2890/4510/666 2889/4511/666
f 3386/4452/587 3396/4451/587 3395/4512/587 2874/4513/587
f 2878/4514/615 3403/4515/615 3405/4516/615 2879/4517/615
f 3411/4518/662 3415/4519/662 2885/4520/662 2886/4521/662
f 3376/4522/590 3380/4417/590 2865/4416/590 2867/4523/590
f 3394/4450/587 3403/4467/587 2878/4524/587
f 3389/4525/590 3393/4435/590 3383/4434/590 3382/4526/590 2872/4527/590
f 3398/4528/662 3394/4529/662 2878/4530/662 2879/4531/662
f 2868/4532/615 3374/4533/615 3381/4534/615 2869/4535/615
f 2672/4353/615 2887/4536/615 2892/4537/615 2891/4354/615
f 2893/4538/590 2894/4443/590 2672/3998/590
f 2895/4490/587 2896/4408/587 2887/4407/587
f 2895/4539/667 2894/4540/667 2893/4509/667 2896/4508/667
f 2880/4486/664 2888/4485/664 2894/4540/664 2895/4539/664
f 2703/4058/615 2648/4352/615 2841/4351/615
f 2793/4272/629 2794/4137/629 3269/4291/629
f 2703/4541/629 2695/4038/629 2685/4042/629
f 2793/4542/629 2703/4541/629 2814/4543/629 2780/4250/629
f 2794/4249/629 2793/4542/629 2780/4250/629
f 2703/4541/629 2685/4042/629 2814/4543/629
f 2626/3892/588 2627/3891/588 2640/4007/588
f 2719/4131/588 2733/4233/588 2734/4091/588 3272/4090/588
f 2640/3874/588 2627/4544/588 2816/3875/588
f 2734/4545/588 2733/4070/588 2705/4069/588
f 2627/4544/588 2704/4546/588 2897/4547/588 2816/3875/588
f 2704/4546/588 2734/4545/588 2705/4069/588 2897/4547/588
f 2860/4548/627 2855/4549/627 2856/4550/627 2859/4551/627
f 2706/4552/627 2754/4553/627 2898/4554/627 2815/4555/627
f 2705/4556/627 2706/4552/627 2815/4555/627 2897/4557/627
f 2754/4553/627 2756/4558/627 2694/4559/627 2898/4554/627
f 2756/4558/627 2780/4560/627 2814/4561/627 2694/4559/627
f 2664/4562/627 2694/4559/627 2814/4561/627 2685/4563/627
f 2663/4564/627 2898/4554/627 2694/4559/627 2664/4562/627
f 2618/4565/627 2815/4555/627 2898/4554/627 2663/4564/627
f 2618/4565/627 2816/4566/627 2897/4557/627 2815/4555/627
f 2905/3976/587 3182/4567/587 3189/4568/587 3188/4569/587 3184/4570/587
f 3156/4571/587 3173/4572/587 3155/4573/587 2901/3890/587 2902/3889/587
f 3185/4574/587 3193/4575/587 3183/4576/587 2926/4577/587 2925/4578/587
f 2910/4579/587 2912/3910/587 2913/4008/587 2904/3977/587 3186/4580/587
f 2904/3977/587 3187/4581/587 3192/4582/587 3186/4580/587
f 3160/4583/587 3174/4584/587 3159/3997/587 2900/3915/587 2899/3914/587
f 3187/4581/587 3184/4570/587 2903/4585/587 2911/3995/587
f 3181/4586/587 3191/4587/587 3190/4588/587 2919/4589/587 2921/3923/587
f 3164/4590/587 3178/4591/587 3175/4592/587 3163/3908/587 2916/3907/587 2917/3952/587
f 3185/4593/587 3182/4567/587 2905/3976/587 2908/3904/587
f 3186/4594/587 3192/4595/587 3187/4596/587 2911/4597/587 2910/4598/587
f 2908/3904/587 3183/4599/587 3193/4600/587 3185/4593/587
f 3168/4601/587 3176/4602/587 3167/4603/587 2915/3984/587 2914/3983/587
f 2930/3922/587 2924/3942/587 3181/4586/587 2921/3923/587
f 2908/3904/587 2921/4604/587 2919/4589/587 3183/4599/587
f 2907/3885/587 3182/4567/587 3185/4593/587 2925/4605/587
f 2918/3990/587 2919/4606/587 3190/4607/587 3191/4608/587 3181/4609/587 2922/3991/587
f 3171/4610/587 3177/4611/587 3172/3956/587 2929/3940/587 2928/3939/587
f 3184/4612/587 3188/4613/587 3189/4614/587 3182/4615/587 2907/3970/587 2903/3969/587
f 2624/3935/597 2632/3933/597 2904/4616/597
f 2658/4617/668 2653/4618/668 2925/4578/668 2926/4577/668
f 3153/3927/669 2637/3887/669 2901/3890/669 3155/4573/669
f 3165/3985/609 2661/3981/609 2915/3984/609 3167/4603/609
f 3166/4619/670 2658/4620/670 2926/4621/670 3168/4622/670
f 2619/3936/627 2625/3975/627 2905/4350/627
f 2655/3931/604 2651/3901/604 2908/3904/604
f 2635/4623/668 2630/4624/668 2910/4598/668 2911/4597/668
f 2640/4007/671 2624/3935/671 2904/4616/671 2913/4008/671
f 2627/4057/615 2648/4352/615 2703/4058/615
f 2966/4625/590 3283/4626/590 3306/4627/590 3287/4628/590
f 2975/4186/590 3294/4629/590 2976/4033/590
f 2945/4234/590 3225/4309/590 3253/4630/590 3219/4631/590 2942/4632/590
f 2941/4104/590 3296/4633/590 3310/4634/590 3278/4635/590
f 2939/4103/590 3282/4636/590 3291/4637/590 2941/4104/590
f 2941/4104/590 3291/4637/590 3311/4638/590 3279/4639/590
f 2941/4104/590 3279/4639/590 3296/4633/590
f 2943/4640/590 3216/4641/590 3254/4642/590 3228/4643/590 2937/4644/590
f 2941/4104/590 3278/4635/590 2940/4146/590
f 2944/4164/590 3292/4645/590 3278/4635/590
f 2944/4164/590 3213/4163/590 3255/4646/590 3227/4647/590 2956/4648/590
f 2953/4267/590 3292/4649/590 3299/4650/590 2955/4268/590
f 2955/4268/590 3299/4650/590 3309/4651/590 3285/4652/590
f 2955/4268/590 3285/4652/590 3297/4653/590
f 2957/4113/590 3222/4112/590 3236/4654/590 2951/4655/590
f 2955/4268/590 3297/4653/590 3308/4656/590 3284/4657/590 2954/4178/590
f 2958/4658/590 3280/4659/590 3284/4657/590
f 2958/4658/590 3209/4660/590 3232/4661/590 2968/4662/590
f 2963/4663/590 3283/4626/590 3288/4664/590 2970/4151/590
f 2965/4270/590 3280/4665/590 3302/4666/590 2967/4271/590
f 2967/4271/590 3302/4666/590 3307/4667/590 3288/4664/590
f 2979/4133/590 3289/4668/590 3286/4669/590
f 2970/4151/590 3224/4150/590 3256/4670/590 3208/4671/590 2963/4663/590
f 2969/4290/590 3220/4289/590 3257/4672/590 3230/4673/590 2931/4674/590
f 2980/4034/590 3290/4675/590 3289/4668/590 2979/4133/590
f 2976/4033/590 3294/4629/590 2980/4034/590
f 2980/4034/590 3294/4629/590 3305/4676/590 3290/4675/590
f 2932/4677/590 3226/4678/590 3233/4679/590 2981/4680/590
f 3286/4669/629 3293/4681/629 3269/4682/629 2794/4137/629 2977/4138/629
f 2969/4290/590 2931/4674/590 3294/4629/590 3287/4628/590
f 2805/4028/672 3235/4683/672 3258/4684/672 3233/4685/672 2973/4029/672
f 2729/4686/630 2730/4118/630 2935/4121/630 2936/4687/630
f 2748/4244/588 3215/4243/588 3209/4660/588 2958/4658/588
f 2803/4688/630 2804/4208/630 2971/4211/630 2974/4689/630
f 2768/4246/631 2762/4176/631 2964/4179/631 2965/4270/631
f 2751/4173/673 3223/4690/673 3260/4691/673 3227/4692/673 2949/4174/673
f 2726/4693/674 2727/4694/674 2944/4695/674 2937/4696/674
f 2746/4198/631 2740/4199/631 2952/4229/631 2953/4267/631
f 2802/4303/628 3217/4302/628 3248/4697/628 3226/4678/628 2932/4677/628
f 2773/4194/623 3218/4698/623 3232/4699/623 2961/4195/623
f 2757/4247/626 2765/4166/626 2967/4271/626 2966/4625/626
f 2792/4185/627 2757/4247/627 2966/4625/627 2975/4186/627
f 2731/4099/672 3221/4700/672 3228/4701/672 2934/4100/672
f 2744/4702/621 2749/4703/621 2957/4704/621 2956/4705/621
f 2728/4126/675 3237/4125/675 3251/4706/675 3216/4641/675 2943/4640/675
f 2985/4707/676 2988/4708/676 3356/4709/676 3355/4710/676
f 3326/4711/677 2999/4712/677 3020/4713/677 3327/4714/677
f 2994/4715/590 2841/4716/590 3356/4709/590 3358/4717/590
f 2994/4715/590 2909/4718/590 2923/4719/590
f 2994/4715/590 3358/4717/590 2909/4718/590
f 2987/4720/678 2986/4721/678 2984/4722/678 2993/4723/678
f 2989/4724/593 2990/4725/593 2991/4726/593 2992/4727/593
f 3334/4728/679 3349/4729/679 3348/4730/679 3335/4731/679 2991/4726/679 2990/4725/679
f 3332/4732/680 3347/4733/680 3334/4728/680 2990/4725/680 2989/4724/680
f 3333/4734/669 3332/4732/669 2989/4724/669 2992/4727/669
f 2999/4712/588 3360/4735/588 3004/4736/588 2843/4737/588
f 3327/4738/681 3340/4739/681 3339/4740/681 3324/4741/681 2996/4742/681 2995/4743/681
f 3008/4744/682 3005/4745/682 2995/4743/682 2996/4742/682
f 2984/4722/587 2920/4746/587 3194/4747/587 2906/4748/587 2993/4723/587
f 3325/4749/683 3008/4744/683 2996/4742/683 3324/4741/683 3341/4750/683
f 3328/4751/684 3010/4752/684 3009/4753/684 3331/4754/684
f 3010/4752/682 3007/4755/682 3006/4756/682 3009/4753/682
f 3329/4757/590 3342/4758/590 3328/4759/590 2997/4760/590 3001/4761/590
f 2985/4762/685 3355/4763/685 3359/4764/685 3357/4765/685 3001/4766/685
f 3001/4761/686 3357/4767/686 3354/4768/686 3000/4769/686
f 3000/4770/588 3354/4771/588 3360/4772/588 2999/4773/588
f 2982/4774/629 2920/4775/629 2927/4776/629
f 2982/4774/687 2927/4776/687 3352/4777/687 2842/4778/687
f 2842/4778/688 3352/4777/688 3353/4779/688 3351/4780/688
f 3329/4757/689 3001/4761/689 3000/4769/689 3330/4781/689 3344/4782/689 3343/4783/689
f 2984/4722/690 2985/4784/690 3001/4785/690 2997/4786/690
f 3011/4787/682 3000/4788/682 2999/4789/682 2998/4790/682
f 3331/4791/587 3345/4792/587 3330/4781/587 3000/4769/587 3011/4793/587
f 3333/4794/587 3346/4795/587 3335/4796/587 2985/4707/587 2984/4797/587
f 3326/4711/590 3325/4798/590 2998/4799/590 2999/4712/590
f 2993/4723/629 2906/4748/629 3350/4800/629 2923/4801/629 2987/4720/629
f 2686/4802/691 2695/4803/691 2983/4804/691 2982/4774/691
f 2994/4805/629 2983/4806/629 2695/4807/629
f 2695/4038/629 2703/4541/629 2994/4808/629
f 2843/4358/692 2842/4368/692 2982/4366/692 2686/4039/692 2846/4359/692
f 2863/4367/693 2982/4366/693 2842/4368/693
f 3033/4809/694 3036/4810/694 3022/4811/694 3023/4812/694
f 3313/4813/628 3017/4814/628 3028/4815/628 3315/4816/628
f 2999/4773/695 3366/4817/695 3368/4818/695 3365/4819/695 3038/4820/695
f 3024/4821/696 3035/4822/696 3034/4823/696 3025/4824/696
f 3314/4825/697 3312/4826/697 3013/4827/697 3030/4828/697
f 3318/4829/697 3317/4830/697 3018/4831/697 3026/4832/697
f 3312/4833/698 3016/4834/698 3017/4814/698 3313/4813/698 3336/4835/698
f 3016/4834/699 3029/4836/699 3028/4815/699 3017/4814/699
f 3031/4837/590 3026/4832/590 3363/4838/590 3361/4839/590
f 3321/4840/675 3322/4841/675 3027/4842/675 3021/4843/675
f 3323/4844/620 3035/4822/620 3024/4821/620 3320/4845/620
f 3320/4845/700 3024/4821/700 3025/4824/700 3321/4846/700 3338/4847/700
f 3317/4848/701 3023/4812/701 3022/4811/701 3316/4849/701 3337/4850/701
f 3316/4849/588 3022/4811/588 3036/4810/588 3319/4851/588
f 3315/4816/590 3028/4815/590 3029/4836/590 3314/4852/590
f 3319/4851/590 3036/4810/590 3033/4809/590 3318/4853/590
f 3322/4854/590 3034/4823/590 3035/4822/590 3323/4844/590
f 3027/4842/702 3038/4855/702 3365/4856/702 3364/4857/702
f 3037/4858/627 3041/4859/627 3040/4860/627 3045/4861/627
f 3020/4713/677 2999/4712/677 2843/4737/677
f 2843/4737/627 3046/4862/627 3048/4863/627 3050/4864/627
f 3043/4865/627 3039/4866/627 3047/4867/627 3044/4868/627
f 3013/4869/703 3014/4870/703 3031/4871/703 3030/4872/703
f 3018/4831/587 3014/4873/587 3037/4858/587 3039/4866/587
f 3019/4874/704 3020/4875/704 2999/4773/704 3038/4820/704
f 3032/4876/590 3030/4828/590 3362/4877/590 3040/4860/590 3049/4878/590
f 3013/4827/587 3015/4879/587 3042/4880/587 3041/4859/587
f 3019/4881/705 3046/4862/705 2843/4737/705 3020/4713/705
f 3031/4871/590 3361/4882/590 3369/4883/590 3362/4884/590 3030/4872/590
f 3020/4713/686 2999/4712/686 3366/4885/686 3050/4864/686 2843/4737/686
f 3018/4831/587 3039/4866/587 3043/4865/587 3021/4843/587
f 3015/4879/706 3032/4876/706 3049/4878/706 3042/4880/706
f 3027/4886/590 3364/4887/590 3367/4888/590 3363/4889/590 3026/4890/590
f 3019/4881/587 3021/4843/587 3043/4865/587 3046/4862/587
f 3013/4827/587 3041/4859/587 3037/4858/587 3014/4873/587
f 3021/4891/707 3027/4886/707 3026/4890/707 3018/4892/707
f 3041/4859/708 3042/4880/708 3052/4893/708 3051/4894/708
f 3039/4866/708 3037/4858/708 3054/4895/708 3055/4896/708
f 3049/4878/590 3040/4860/590 3053/4897/590 3062/4898/590
f 3052/4893/627 3062/4898/627 3053/4897/627 3051/4894/627
f 3055/4896/627 3054/4895/627 3058/4899/627 3060/4900/627
f 3057/4901/627 3056/4902/627 3061/4903/627 3059/4904/627
f 3042/4880/709 3049/4878/709 3062/4898/709 3052/4893/709
f 3043/4865/708 3057/4901/708 3059/4904/708 3046/4862/708
f 3040/4860/710 3041/4859/710 3051/4894/710 3053/4897/710
f 3047/4867/711 3039/4866/711 3055/4896/711 3060/4900/711
f 3048/4863/587 3044/4868/587 3056/4902/587 3061/4903/587
f 3044/4868/709 3056/4902/709 3057/4901/709 3043/4865/709
f 3045/4861/590 3047/4867/590 3060/4900/590 3058/4899/590
f 3046/4862/710 3059/4904/710 3061/4903/710 3048/4863/710
f 3037/4858/588 3045/4861/588 3058/4899/588 3054/4895/588
f 3070/4905/653 3069/4906/653 3065/4907/653 3066/4908/653
f 3066/4908/654 3065/4907/654 3064/4909/654 3063/4910/654
f 3069/4906/655 3074/4911/655 3064/4909/655 3065/4907/655
f 3067/4912/656 3066/4908/656 3063/4910/656 3068/4913/656
f 3072/4914/657 3070/4905/657 3066/4908/657 3067/4912/657
f 3068/4913/658 3063/4910/658 3073/4915/658 3071/4916/658
f 3063/4910/659 3064/4909/659 3074/4911/659 3073/4915/659
f 3072/4917/627 3067/4918/627 3068/4919/627 3071/4920/627
f 2863/4367/712 2848/4357/712 3075/4921/712 3076/4922/712
f 2848/4357/713 2847/4361/713 3075/4921/713
f 2863/4367/714 3076/4922/714 2686/4039/714
f 3083/4923/715 3082/4924/715 3086/4925/715 3084/4926/715
f 3082/4924/716 3085/4927/716 3087/4928/716 3086/4925/716
f 3081/4929/717 3080/4930/717 3086/4925/717 3087/4928/717
f 3078/4931/629 3081/4929/629 3087/4928/629 3085/4927/629
f 3080/4930/718 3079/4932/718 3084/4926/718 3086/4925/718
f 3079/4932/588 3077/4933/588 3083/4923/588 3084/4926/588
f 3091/4934/719 3092/4935/719 3094/4936/719 3093/4937/719
f 3090/4938/717 3089/4939/717 3093/4937/717 3094/4936/717
f 3088/4940/629 3090/4938/629 3094/4936/629 3092/4935/629
f 3091/4934/588 3093/4937/588 3089/4939/588 3095/4941/588
f 3100/4942/720 3099/4943/720 3102/4944/720 3101/4945/720
f 3098/4946/721 3097/4947/721 3101/4945/721 3102/4944/721
f 3097/4947/588 3096/4948/588 3100/4942/588 3101/4945/588
f 3102/4944/629 3099/4943/629 3103/4949/629 3098/4946/629
f 3116/4950/629 3123/4951/629 3125/4952/629 3119/4953/629
f 3119/4953/722 3125/4952/722 3124/4954/722 3118/4955/722
f 3111/4956/715 3112/4957/715 3114/4958/715 3110/4959/715
f 3110/4959/716 3114/4958/716 3115/4960/716 3113/4961/716
f 3109/4962/722 3115/4960/722 3114/4958/722 3108/4963/722
f 3106/4964/629 3113/4961/629 3115/4960/629 3109/4962/629
f 3120/4965/716 3124/4954/716 3125/4952/716 3123/4951/716
f 3121/4966/715 3122/4967/715 3124/4954/715 3120/4965/715
f 3108/4963/723 3114/4958/723 3112/4957/723 3107/4968/723
f 3107/4968/588 3112/4957/588 3111/4956/588 3104/4969/588
f 3118/4955/723 3124/4954/723 3122/4967/723 3117/4970/723
f 3117/4970/588 3122/4967/588 3121/4966/588 3105/4971/588
f 3127/4972/629 3134/4973/629 3136/4974/629 3130/4975/629
f 3130/4975/722 3136/4974/722 3135/4976/722 3129/4977/722
f 3131/4978/716 3135/4976/716 3136/4974/716 3134/4973/716
f 3132/4979/715 3133/4980/715 3135/4976/715 3131/4978/715
f 3129/4977/723 3135/4976/723 3133/4980/723 3128/4981/723
f 3128/4981/588 3133/4980/588 3132/4979/588 3126/4982/588
f 3140/4983/719 3142/4984/719 3143/4985/719 3141/4986/719
f 3139/4987/722 3143/4985/722 3142/4984/722 3138/4988/722
f 3137/4989/629 3141/4986/629 3143/4985/629 3139/4987/629
f 3140/4983/588 3144/4990/588 3138/4988/588 3142/4984/588
f 3149/4991/720 3150/4992/720 3151/4993/720 3148/4994/720
f 3147/4995/724 3151/4993/724 3150/4992/724 3146/4996/724
f 3146/4996/588 3150/4992/588 3149/4991/588 3145/4997/588
f 3151/4993/629 3147/4995/629 3152/4998/629 3148/4994/629
f 2700/4051/590 2701/4043/590 2698/4046/590 2697/4049/590
f 2630/3893/725 3153/4999/725 3155/5000/725 2910/4579/725
f 2912/3910/587 2910/4579/587 3155/5000/587 3173/5001/587 3156/3911/587
f 2630/3893/726 2626/3892/726 3154/3909/726 3179/5002/726 3153/4999/726
f 2636/3888/588 3154/3929/588 3156/4571/588 2902/3889/588
f 2911/3995/587 2903/4585/587 3159/5003/587 3174/5004/587 3160/3996/587
f 2633/5005/609 3157/5006/609 3159/5003/609 2903/4585/609
f 2639/3913/608 3158/3926/608 3160/4583/608 2899/3914/608
f 2633/5005/727 2635/3994/727 3158/3993/727 3180/5007/727 3157/5006/727
f 2907/3885/587 2925/4605/587 3163/5008/587 3175/5009/587 3178/5010/587 3164/3886/587
f 2653/5011/728 2634/3884/728 3162/3883/728 3161/5012/728
f 2653/5011/592 3161/5012/592 3163/5008/592 2925/4605/592
f 2659/3951/588 3162/3987/588 3164/4590/588 2917/3952/588
f 2662/3982/729 3166/3986/729 3168/4601/729 2914/3983/729
f 2656/5013/609 3165/5014/609 3167/5015/609 2918/5016/609
f 2926/4621/587 2918/5016/587 3167/5015/587 3176/5017/587 3168/4622/587
f 2656/5013/730 2658/4620/730 3166/4619/730 3165/5014/730
f 2922/4015/587 2924/5018/587 3172/5019/587 3177/5020/587 3171/4016/587
f 2680/3941/731 2657/4014/731 3170/4013/731 3169/5021/731
f 2683/3938/588 3170/4035/588 3171/4610/588 2928/3939/588
f 2680/3941/592 3169/5021/592 3172/5019/592 2924/5018/592
f 3181/4586/587 2924/5018/587 2922/4015/587
f 3183/4599/587 2919/4589/587 2918/5016/587 2926/4621/587
f 2904/3977/587 2905/5022/587 3184/4570/587 3187/4581/587
f 3196/3959/590 3201/3958/590 2634/3884/590 2653/5011/590
f 3197/5023/590 3203/5024/590 3200/5025/590 2656/5026/590 2657/5027/590
f 3201/5028/590 3205/5029/590 3202/5030/590 2633/5031/590 2634/5032/590
f 3200/3978/590 3195/3961/590 2658/4620/590 2656/5013/590
f 3202/3916/590 3199/3918/590 2635/3994/590 2633/5005/590
f 3197/3980/590 2680/3941/590 2648/3957/590
f 3195/5033/590 3204/5034/590 3196/5035/590 2653/4618/590 2658/4617/590
f 3199/5036/590 3206/5037/590 3198/5038/590 2630/4624/590 2635/4623/590
f 3219/4120/590 3253/5039/590 3225/5040/590 2936/4687/590 2935/4121/590
f 3232/4699/590 3209/5041/590 2962/4196/590 2961/4195/590
f 3233/4685/590 3226/5042/590 2972/4030/590 2973/4029/590
f 3232/4661/623 3218/4240/623 2766/4239/623 2968/4662/623
f 3228/4701/590 3254/5043/590 3216/5044/590 2933/4101/590 2934/4100/590
f 3208/4086/590 3256/5045/590 3224/5046/590 2959/4224/590 2960/4087/590
f 3209/5041/588 3215/5047/588 2772/4193/588 2962/4196/588
f 3226/5042/675 3248/5048/675 3217/5049/675 2806/4027/675 2972/4030/675
f 3216/5044/628 3251/5050/628 3237/5051/628 2732/4098/628 2933/4101/628
f 3214/5052/732 3239/5053/732 3223/4690/732 2751/4173/732 2750/4172/732
f 3229/5054/733 3240/5055/733 3238/4080/733 2752/4079/733 2753/4212/733
f 3230/4673/623 3212/4305/623 2797/4304/623 2931/4674/623
f 3230/4210/590 3257/5056/590 3220/5057/590 2974/4689/590 2971/4211/590
f 3227/4692/590 3255/5058/590 3213/5059/590 2950/4175/590 2949/4174/590
f 3222/5060/734 3252/5061/734 3229/5054/734 2753/4212/734 2947/4213/734
f 3211/5062/735 3241/5063/735 3234/4119/735 2730/4118/735 2729/4686/735
f 3215/5047/736 3244/5064/736 3243/5065/736 3218/4698/736 2773/4194/736 2772/4193/736
f 3233/4679/672 3258/5066/672 3235/4300/672 2800/4299/672 2981/4680/672
f 3220/5057/588 3249/5067/588 3207/5068/588 2803/4688/588 2974/4689/588
f 3228/4643/672 3221/4123/672 2726/4122/672 2937/4644/672
f 3224/5046/675 3250/5069/675 3210/5070/675 2775/4223/675 2959/4224/675
f 3207/5068/737 3246/5071/737 3245/5072/737 3212/4209/737 2804/4208/737 2803/4688/737
f 3208/4671/672 3231/4238/672 2769/4237/672 2963/4663/672
f 3236/4082/590 3222/5060/590 2947/4213/590 2948/4083/590
f 3237/5051/738 3242/5073/738 3221/4700/738 2731/4099/738 2732/4098/738
f 3210/5070/739 3231/4085/739 2774/4084/739 2775/4223/739
f 3227/4647/623 3260/5074/623 3223/4191/623 2744/4190/623 2956/4648/623
f 3217/5049/740 3247/5075/740 3235/4683/740 2805/4028/740 2806/4027/740
f 3236/4654/697 3259/5076/697 3238/4188/697 2747/4187/697 2951/4655/697
f 3219/4631/623 3234/4128/623 2723/4127/623 2942/4632/623
f 3213/5059/588 3214/5052/588 2750/4172/588 2950/4175/588
f 3225/5040/588 3211/5062/588 2729/4686/588 2936/4687/588
f 3275/4230/587 3262/4274/587 2797/4304/587 2770/4286/587
f 3271/5077/587 3304/5078/587 3269/5079/587 2801/4167/587 2800/4221/587
f 3268/4215/587 3277/4232/587 2769/4237/587 2771/4147/587
f 3262/5080/587 3300/5081/587 3270/5082/587 2802/4283/587 2797/4282/587
f 3267/4183/587 3263/4182/587 2747/4187/587 2749/4109/587
f 3264/4154/587 3276/4153/587 2744/4190/587 2727/4161/587
f 3261/5083/587 3298/5084/587 3264/5085/587 2727/4694/587 2726/4693/587
f 3273/5086/587 3303/5087/587 3274/5088/587 2728/4106/587 2723/4105/587
f 3266/4180/587 3265/4216/587 2766/4239/587 2748/4244/587
f 3270/4294/587 3271/4293/587 2800/4299/587 2802/4303/587
f 3265/5089/587 3268/5090/587 2771/4296/587 2766/4295/587
f 3277/5091/587 3281/5092/587 3275/5093/587 2770/4226/587 2769/4225/587
f 3263/5094/587 3295/5095/587 3266/5096/587 2748/4279/587 2747/4278/587
f 3276/5097/587 3301/5098/587 3267/5099/587 2749/4703/587 2744/4702/587
f 3272/4090/587 3273/4089/587 2723/4127/587 2719/4131/587
f 3274/4116/587 3261/4115/587 2726/4122/587 2728/4126/587
f 3299/4650/590 3292/4649/590 2944/4164/590 2956/4648/590
f 3284/4657/590 3280/4659/590 2964/4179/590 2954/4178/590
f 3290/5100/590 3305/5101/590 3294/5102/590 2931/5103/590 2932/5104/590
f 3296/4633/590 3279/4639/590 2943/4640/590 2937/4644/590
f 3292/4649/590 2953/4267/590 2952/4229/590
f 3286/4170/590 3289/5105/590 2981/4222/590 2978/4171/590
f 3287/5106/590 3306/5107/590 3283/5108/590 2963/5109/590 2969/5110/590
f 3279/5111/590 3311/5112/590 3291/5113/590 2942/5114/590 2943/5115/590
f 3288/5116/590 3307/5117/590 3302/5118/590 2968/5119/590 2970/5120/590
f 3289/4668/590 3290/4675/590 2932/4677/590 2981/4680/590
f 3291/4637/590 3282/4636/590 2945/4234/590 2942/4632/590
f 3278/4635/590 3292/4645/590 2952/4229/590 2940/4146/590
f 3302/4666/590 3280/4665/590 2958/4658/590 2968/4662/590
f 3287/4628/590 3294/4629/590 2975/4186/590
f 3278/5121/590 3310/5122/590 3296/5123/590 2937/5124/590 2944/5125/590
f 3282/4636/590 2939/4103/590 2938/4200/590
f 3297/4653/590 3285/4652/590 2957/4113/590 2951/4655/590
f 3288/4664/590 3283/4626/590 2966/4625/590 2967/4271/590
f 3287/4628/590 2975/4186/590 2966/4625/590
f 3286/4669/590 2977/4138/590 2979/4133/590
f 3285/5126/590 3309/5127/590 3299/5128/590 2956/4705/590 2957/4704/590
f 3280/4665/590 2965/4270/590 2964/4179/590
f 3282/5129/590 2938/4200/590 2946/4236/590
f 3284/5130/590 3308/5131/590 3297/5132/590 2951/5133/590 2958/5134/590
f 3032/4876/590 3315/5135/590 3314/4825/590 3030/4828/590
f 3013/4827/741 3312/4826/741 3336/5136/741 3313/5137/741 3015/4879/741
f 3029/4836/697 3016/4834/697 3312/4833/697 3314/4852/697
f 3015/4879/675 3313/5137/675 3315/5135/675 3032/4876/675
f 3031/4837/590 3319/5138/590 3318/4829/590 3026/4832/590
f 3014/4873/588 3316/5139/588 3319/5138/588 3031/4837/588
f 3018/4831/742 3317/4830/742 3337/5140/742 3316/5139/742 3014/4873/742
f 3033/4809/697 3023/4812/697 3317/4848/697 3318/4853/697
f 3027/4842/590 3322/4841/590 3323/5141/590 3038/4855/590
f 3019/4881/743 3320/5142/743 3338/5143/743 3321/4840/743 3021/4843/743
f 3038/4855/697 3323/5141/697 3320/5142/697 3019/4881/697
f 3025/4824/675 3034/4823/675 3322/4854/675 3321/4846/675
f 3005/4745/590 3008/4744/590 3325/4749/590 3326/5144/590
f 2998/4799/744 3325/4798/744 3341/5145/744 3324/5146/744 2842/4778/744 3351/4780/744
f 2843/4737/745 2842/4778/745 3324/5146/745 3339/5147/745 3340/5148/745 3327/4714/745 3020/4713/745
f 3005/4745/689 3326/5144/689 3327/4738/689 2995/4743/689
f 3009/4753/587 3006/4756/587 3330/5149/587 3345/5150/587 3331/4754/587
f 3007/4755/648 3329/5151/648 3343/5152/648 3344/5153/648 3330/5149/648 3006/4756/648
f 3007/4755/590 3010/4752/590 3328/4751/590 3342/5154/590 3329/5151/590
f 2997/4760/746 3328/4759/746 3331/4791/746 3011/4793/746
f 2992/4727/587 2991/4726/587 3335/4731/587 3346/5155/587 3333/4734/587
f 2984/4797/725 2986/5156/725 3332/5157/725 3333/4794/725
f 2986/5156/747 2988/4708/747 3334/5158/747 3347/5159/747 3332/5157/747
f 2988/4708/748 2985/4707/748 3335/4796/748 3348/5160/748 3349/5161/748 3334/5158/748
f 2923/4719/629 3350/5162/629 2906/5163/629 2983/4804/629 2994/4715/629
f 2923/5164/590 2909/5165/590 2986/5166/590 2987/5167/590
f 2906/5163/587 3194/5168/587 2920/4775/587 2982/4774/587 2983/4804/587
f 2927/5169/629 2920/4746/629 2984/4722/629 2997/4786/629
f 3352/4777/749 2927/4776/749 2997/4760/749 3011/4793/749
f 3351/5170/750 3353/5171/750 3352/5172/750 3011/4787/750 2998/4790/750
f 3354/4768/588 3357/4767/588 3002/5173/588 3003/5174/588
f 3358/4717/590 3356/4709/590 2988/4708/590
f 3355/4710/751 3356/4709/751 2841/4716/751 3012/5175/751
f 2909/4718/590 3358/4717/590 2988/4708/590 2986/5156/590
f 3357/4767/752 3359/5176/752 3355/4710/752 3012/5175/752 3002/5173/752
f 3360/4735/588 3354/4768/588 3003/5177/588 3004/4736/588
f 3364/4857/753 3365/4856/753 3048/4863/753 3044/4868/753
f 3362/4877/590 3369/5178/590 3361/4839/590 3045/4861/590 3040/4860/590
f 3361/4839/590 3363/4838/590 3047/4867/590 3045/4861/590
f 3363/4838/590 3367/5179/590 3364/4857/590 3044/4868/590 3047/4867/590
f 3365/4856/754 3368/5180/754 3366/4885/754 3050/4864/754 3048/4863/754
f 3370/5181/587 3371/5182/587 3372/5183/587
f 3373/5184/587 3374/5185/587 3375/5186/587
f 3376/4522/590 3377/4412/590 3378/4399/590 3379/4398/590 3380/4417/590
f 3381/4411/590 3382/4526/590 3383/4434/590 3384/4401/590 3385/4400/590
f 3386/5187/587 3387/5188/587 3388/5189/587
f 3389/4525/590 3390/4431/590 3391/4430/590 3392/4436/590 3393/4435/590
f 3394/5190/587 3395/5191/587 3396/5192/587
f 3397/4428/590 3398/4448/590 3399/4447/590 3400/4454/590 3401/4429/590
f 3402/5193/587 3403/5194/587 3404/5195/587
f 3405/4445/590 3406/4472/590 3407/4471/590 3408/4468/590 3409/4446/590
f 3410/4469/590 3411/4493/590 3412/4479/590 3413/4478/590 3414/4470/590
f 3418/5196/587 3419/5197/587 3420/5198/587
f 3421/4492/590 3422/4442/590 3423/4441/590 3424/4480/590
f 3373/5199/755 3382/5200/755 3381/5201/755 3374/5202/755
f 3389/5203/755 3387/5204/755 3386/5205/755 3390/5206/755
f 3397/5207/755 3395/5208/755 3394/5209/755 3398/5210/755
f 3405/5211/755 3403/5212/755 3402/5213/755 3406/5214/755
f 3421/5215/756 3419/5216/756 3418/5217/756 3422/5218/756
f 3370/5219/755 3377/5220/755 3376/5221/755 3371/5222/755
f 3415/5223/755 3411/5224/755 3410/5225/755 3416/5226/755
f 2866/5227/615 3371/5228/615 3376/5229/615 2867/5230/615
f 3415/5231/587 3416/5232/587 3417/5233/587
o Wall1.003_Cube.003_Cube.035
v -1.707485 0.648245 -8.713812
v -1.668830 0.513595 -9.246347
v -1.851578 0.000001 -9.391834
v -1.847538 0.000001 -8.578510
v -0.993237 0.770095 -8.718407
v -0.993237 0.769015 -9.427134
v -1.052784 0.000000 -9.735619
v -1.064558 0.000000 -8.183029
v -1.304164 0.579818 -9.311522
v -1.432906 0.000000 -9.450994
v -1.421102 0.000000 -8.429621
v -1.338348 0.648245 -8.713812
v -2.083829 0.000001 -8.993311
v -1.761656 0.688149 -8.999136
v -0.993237 1.041715 -8.995571
v -1.322584 1.018580 -8.995571
v -1.765905 0.407078 -14.730477
v -1.711367 0.387385 -15.293249
v -1.792206 0.000001 -15.564575
v -2.019566 0.000001 -14.685920
v -0.993237 0.770095 -14.786588
v -0.993237 0.769015 -15.286465
v -1.052785 0.000000 -15.807302
v -1.059119 0.000000 -14.475866
v -1.331065 0.415021 -15.325251
v -1.432906 0.000000 -15.677076
v -1.629964 0.000000 -14.486967
v -1.377331 0.407078 -14.737329
v -2.119277 0.000001 -15.029072
v -1.807069 0.523353 -15.013298
v -0.993237 0.769555 -15.019661
v -1.349484 0.581624 -15.016952
v -1.051717 0.000000 -14.406290
v -1.022641 0.407920 -14.599587
v -1.342691 0.236839 -14.554262
v -1.377817 0.000000 -14.391476
v -1.728976 0.443140 -10.717779
v -1.712547 0.441386 -11.310962
v -1.792205 0.000001 -11.583287
v -1.852531 0.000001 -10.568948
v -1.025969 0.971901 -10.743381
v -1.025964 0.971751 -11.297711
v -1.052785 0.000000 -11.826014
v -1.064558 0.000000 -10.354083
v -1.392307 0.850095 -11.322744
v -1.432906 0.000000 -11.695789
v -1.542515 0.000184 -10.428391
v -1.307298 0.706329 -10.675609
v -2.108108 0.000001 -11.025734
v -1.811172 0.575785 -11.022984
v -1.003552 0.570182 -11.026451
v -1.563095 0.975369 -10.949602
v -1.064558 0.000000 -10.106736
v -1.010045 0.592749 -10.371375
v -1.193550 0.470861 -10.484000
v -1.260428 0.000000 -10.278380
v -1.707485 0.429467 -12.755403
v -1.668830 0.512001 -13.287938
v -1.851578 0.000001 -13.433426
v -1.847539 0.000001 -12.620101
v -0.993237 0.573240 -12.759996
v -0.993237 0.688987 -13.468725
v -1.052785 -0.000238 -13.777209
v -1.064558 0.000000 -12.224619
v -1.304165 0.554237 -13.353111
v -1.432906 0.000000 -13.492586
v -1.421102 0.000000 -12.471211
v -1.338349 0.561219 -12.755403
v -2.083829 0.000001 -13.034903
v -1.761657 0.630908 -13.040727
v -0.993237 0.973584 -13.037161
v -1.322584 0.981628 -13.037161
v 1.968666 0.524413 -9.866843
v 1.963521 0.111300 -9.144014
v 2.096621 0.000001 -9.092169
v 2.236877 0.000001 -9.375727
v 1.050958 0.770094 -9.726505
v 1.027892 0.323381 -8.633863
v 1.044475 0.000000 -8.502791
v 1.071687 0.000000 -9.248452
v 1.392015 0.243821 -9.029005
v 1.442239 0.000000 -8.966970
v 1.496634 0.000000 -9.296009
v 2.445796 0.000001 -9.398055
v 2.129717 0.220035 -9.428314
v 1.033000 0.740298 -9.449924
v 1.361655 0.353819 -9.428585
vt 0.721767 0.969675
vt 0.721767 0.969675
vt 0.721767 0.969675
vt 0.721767 0.969674
vt 0.721767 0.969675
vt 0.721767 0.969675
vt 0.721767 0.969675
vt 0.721767 0.969675
vt 0.721767 0.969675
vt 0.721767 0.969675
vt 0.721767 0.969675
vt 0.721767 0.969674
vt 0.721767 0.969675
vt 0.721767 0.969675
vt 0.721767 0.969675
vt 0.721767 0.969675
vt 0.721767 0.969675
vt 0.721767 0.969675
vt 0.721767 0.969675
vt 0.721767 0.969675
vt 0.721767 0.969675
vt 0.721767 0.969675
vt 0.721767 0.969675
vt 0.721767 0.969675
vt 0.721767 0.969674
vt 0.721767 0.969675
vt 0.721767 0.969675
vt 0.721767 0.969675
vt 0.721767 0.969675
vt 0.721767 0.969675
vt 0.721767 0.969675
vt 0.721767 0.969675
vt 0.721767 0.969675
vt 0.721767 0.969675
vt 0.721767 0.969675
vt 0.721767 0.969675
vt 0.721767 0.969675
vt 0.721767 0.969675
vt 0.721767 0.969675
vt 0.721767 0.969675
vt 0.721767 0.969675
vt 0.721767 0.969675
vt 0.721767 0.969675
vt 0.721767 0.969675
vt 0.721767 0.969675
vt 0.721767 0.969675
vt 0.721767 0.969675
vt 0.721767 0.969675
vt 0.721767 0.969675
vt 0.721767 0.969675
vt 0.721767 0.969675
vt 0.721767 0.969675
vt 0.721767 0.969675
vt 0.721767 0.969675
vt 0.721767 0.969675
vt 0.721767 0.969675
vt 0.721767 0.969675
vt 0.721767 0.969675
vt 0.721767 0.969675
vt 0.721767 0.969675
vt 0.721767 0.969675
vt 0.721767 0.969675
vt 0.721767 0.969675
vt 0.721767 0.969675
vt 0.721767 0.969675
vt 0.721767 0.969675
vt 0.721767 0.969675
vt 0.721767 0.969675
vt 0.721767 0.969675
vt 0.721767 0.969675
vt 0.721767 0.969675
vt 0.721767 0.969675
vt 0.721767 0.969675
vt 0.721767 0.969675
vt 0.721767 0.969675
vt 0.721767 0.969675
vt 0.721767 0.969675
vt 0.721767 0.969675
vt 0.721767 0.969674
vt 0.721767 0.969675
vt 0.721767 0.969675
vt 0.721767 0.969674
vt 0.721767 0.969675
vt 0.721767 0.969675
vt 0.721767 0.969675
vt 0.721767 0.969675
vt 0.721767 0.969675
vn -0.8623 0.3381 0.3770
vn -0.5392 0.3323 -0.7739
vn -0.3588 0.4959 0.7908
vn -0.3421 0.6764 -0.6522
vn -0.3504 0.5982 -0.7207
vn -0.1736 0.3301 0.9279
vn -0.1740 0.2945 -0.9397
vn -0.3130 0.7593 0.5705
vn -0.1352 0.6525 0.7456
vn -0.7785 0.3847 -0.4959
vn -0.0000 -1.0000 -0.0000
vn -0.8169 0.5054 0.2777
vn -0.3786 0.5820 -0.7197
vn -0.3055 0.5414 0.7833
vn -0.5891 0.7707 -0.2429
vn -0.1098 0.8751 -0.4714
vn -0.2143 0.4477 0.8681
vn -0.1717 0.6283 -0.7587
vn -0.0553 0.8864 0.4596
vn -0.5694 0.7874 0.2363
vn -0.7490 0.4704 -0.4667
vn -0.0476 0.4865 0.8724
vn -0.3350 0.6103 0.7179
vn -0.8117 0.3965 0.4288
vn -0.1953 0.4407 -0.8762
vn -0.5031 0.5240 0.6872
vn 0.2860 0.8551 0.4325
vn -0.6951 0.5261 -0.4899
vn -0.3554 0.4018 0.8440
vn -0.4098 0.4380 -0.8001
vn -0.5802 0.4704 0.6648
vn 0.1114 0.9552 -0.2742
vn -0.7893 0.4147 -0.4529
vn 0.0003 -1.0000 0.0001
vn -0.0002 -1.0000 0.0001
vn -0.6301 0.3730 0.6810
vn -0.4377 0.4185 0.7958
vn -0.0001 -1.0000 -0.0004
vn -0.7965 0.4067 0.4475
vn -0.5192 0.3582 -0.7760
vn -0.2728 0.5875 0.7619
vn -0.2587 0.6963 -0.6695
vn -0.3617 0.6324 -0.6850
vn -0.2339 0.4232 0.8753
vn -0.1653 0.2994 -0.9397
vn -0.3694 0.6136 0.6979
vn 0.0023 0.5628 0.8266
vn -0.7849 0.4042 -0.4696
vn -0.0003 -1.0000 0.0001
vn 0.7281 0.2962 0.6181
vn -0.0945 -0.5269 -0.8447
vn 0.6378 0.7114 0.2951
vn 0.2112 0.9180 0.3356
vn 0.2177 0.3981 0.8911
vn 0.2223 0.7642 0.6054
vn 0.7532 0.6470 0.1186
vn 0.4429 0.7296 0.5212
usemtl Medieval
s off
f 3437/5234/757 3428/5235/757 3425/5236/757 3438/5237/757
f 3433/5238/758 3430/5239/758 3431/5240/758 3434/5241/758
f 3435/5242/759 3432/5243/759 3429/5244/759 3436/5245/759
f 3440/5246/760 3439/5247/760 3430/5239/760 3433/5238/760
f 3438/5237/761 3440/5246/761 3433/5238/761 3426/5248/761
f 3428/5235/762 3435/5242/762 3436/5245/762 3425/5236/762
f 3426/5248/763 3433/5238/763 3434/5241/763 3427/5249/763
f 3425/5236/764 3436/5245/764 3440/5246/764 3438/5237/764
f 3436/5245/765 3429/5244/765 3439/5247/765 3440/5246/765
f 3427/5249/766 3437/5234/766 3438/5237/766 3426/5248/766
f 3437/5234/767 3427/5249/767 3428/5235/767
f 3435/5242/767 3428/5235/767 3427/5249/767 3434/5241/767
f 3434/5241/767 3431/5240/767 3432/5243/767 3435/5242/767
f 3453/5250/768 3444/5251/768 3441/5252/768 3454/5253/768
f 3449/5254/769 3446/5255/769 3447/5256/769 3450/5257/769
f 3452/5258/770 3459/5259/770 3458/5260/770 3445/5261/770
f 3456/5262/771 3455/5263/771 3446/5255/771 3449/5254/771
f 3454/5253/772 3456/5262/772 3449/5254/772 3442/5264/772
f 3444/5251/773 3451/5265/773 3452/5258/773 3441/5252/773
f 3442/5264/774 3449/5254/774 3450/5257/774 3443/5266/774
f 3441/5252/775 3452/5258/775 3456/5262/775 3454/5253/775
f 3452/5258/776 3445/5261/776 3455/5263/776 3456/5262/776
f 3443/5266/777 3453/5250/777 3454/5253/777 3442/5264/777
f 3453/5250/767 3443/5266/767 3444/5251/767
f 3451/5265/767 3444/5251/767 3443/5266/767 3450/5257/767
f 3450/5257/767 3447/5256/767 3448/5267/767 3451/5265/767
f 3460/5268/778 3457/5269/778 3458/5260/778 3459/5259/778
f 3451/5265/779 3460/5268/779 3459/5259/779 3452/5258/779
f 3448/5267/767 3457/5269/767 3460/5268/767 3451/5265/767
f 3473/5270/780 3464/5271/780 3461/5272/780 3474/5273/780
f 3469/5274/781 3466/5275/781 3467/5276/781 3470/5277/781
f 3472/5278/782 3479/5279/782 3478/5280/782 3465/5281/782
f 3476/5282/783 3475/5283/783 3466/5275/783 3469/5274/783
f 3474/5273/784 3476/5282/784 3469/5274/784 3462/5284/784
f 3464/5271/785 3471/5285/785 3472/5278/785 3461/5272/785
f 3462/5284/786 3469/5274/786 3470/5277/786 3463/5286/786
f 3461/5272/787 3472/5278/787 3476/5282/787 3474/5273/787
f 3472/5278/788 3465/5281/788 3475/5283/788 3476/5282/788
f 3463/5286/789 3473/5270/789 3474/5273/789 3462/5284/789
f 3473/5270/767 3463/5286/767 3464/5271/767
f 3471/5285/790 3464/5271/790 3463/5286/790 3470/5277/790
f 3470/5277/791 3467/5276/791 3468/5287/791 3471/5285/791
f 3480/5288/792 3477/5289/792 3478/5280/792 3479/5279/792
f 3471/5285/793 3480/5288/793 3479/5279/793 3472/5278/793
f 3468/5287/794 3477/5289/794 3480/5288/794 3471/5285/794
f 3493/5290/795 3484/5291/795 3481/5292/795 3494/5293/795
f 3489/5294/796 3486/5295/796 3487/5296/796 3490/5297/796
f 3491/5298/797 3488/5299/797 3485/5300/797 3492/5301/797
f 3496/5302/798 3495/5303/798 3486/5295/798 3489/5294/798
f 3494/5293/799 3496/5302/799 3489/5294/799 3482/5304/799
f 3484/5291/800 3491/5298/800 3492/5301/800 3481/5292/800
f 3482/5304/801 3489/5294/801 3490/5297/801 3483/5305/801
f 3481/5292/802 3492/5301/802 3496/5302/802 3494/5293/802
f 3492/5301/803 3485/5300/803 3495/5303/803 3496/5302/803
f 3483/5305/804 3493/5290/804 3494/5293/804 3482/5304/804
f 3493/5290/767 3483/5305/767 3484/5291/767
f 3491/5298/767 3484/5291/767 3483/5305/767 3490/5297/767
f 3490/5297/805 3487/5296/805 3488/5299/805 3491/5298/805
f 3505/5306/806 3502/5307/806 3503/5308/806 3506/5309/806
f 3507/5310/807 3504/5311/807 3501/5312/807
f 3511/5313/808 3510/5314/808 3502/5307/808 3505/5306/808
f 3509/5315/809 3511/5313/809 3505/5306/809 3498/5316/809
f 3498/5316/810 3505/5306/810 3506/5309/810 3499/5317/810
f 3497/5318/811 3501/5312/811 3511/5313/811 3509/5315/811
f 3501/5312/812 3510/5314/812 3511/5313/812
f 3499/5317/813 3508/5319/813 3509/5315/813 3498/5316/813
f 3508/5319/767 3499/5317/767 3500/5320/767
f 3507/5310/767 3500/5320/767 3499/5317/767 3506/5309/767
f 3506/5309/767 3503/5308/767 3504/5311/767 3507/5310/767
o ColliderWall3_Cube.003_Cube.008
v 1.069991 -0.000000 0.000000
v 1.116140 2.540751 -0.907458
v 1.113302 2.539518 -1.094884
v 1.777032 -0.000000 -1.250528
v 1.781331 -0.000000 -0.736903
v 1.069991 4.290699 0.000000
v 0.866767 4.292350 0.000000
v 0.866005 3.458668 0.000000
v 1.000750 -0.000000 -1.254770
v 1.069991 0.000001 -8.000000
v 0.866004 3.458668 -8.000000
v 1.070485 4.286930 -8.000633
v 0.867076 4.286930 -8.000633
v 1.000751 2.539518 -1.089792
v 1.000751 2.540751 -0.912550
v 1.000750 -0.000000 -0.732661
v 1.116140 2.540752 -6.910298
v 1.113301 2.539519 -7.097725
v 1.777032 0.000001 -7.253369
v 1.781331 0.000001 -6.739744
v 0.819051 2.540005 -7.092546
v 0.920106 0.000001 -6.735363
v 0.915873 0.000001 -7.257466
v 0.821872 2.541231 -6.915306
v 0.000001 3.458668 0.000000
v 0.000000 3.458668 -8.000000
v 1.116140 2.540751 -2.906647
v 1.113301 2.539518 -3.094073
v 1.777032 -0.000000 -3.249718
v 1.781331 -0.000000 -2.736092
v 1.000750 -0.000000 -3.253959
v 1.000750 2.539518 -3.088981
v 1.000750 2.540751 -2.911739
v 1.000750 -0.000000 -2.731850
v 1.116139 2.540751 -4.912278
v 1.113301 2.539518 -5.099703
v 1.777032 -0.000000 -5.255348
v 1.781331 -0.000000 -4.741723
v 1.000750 -0.000000 -5.259590
v 1.000750 2.539518 -5.094612
v 1.000750 2.540751 -4.917370
v 1.000750 -0.000000 -4.737481
v 0.000000 0.000000 0.000000
v -0.000000 0.000001 -8.000000
v 1.069991 3.402313 0.000000
v 1.070310 3.402313 -8.000409
v 1.369991 4.290670 0.000015
v 1.370485 4.286901 -8.000618
v 1.370310 3.402283 -8.000394
v 1.369991 3.402283 0.000015
v -1.069991 0.000000 0.000000
v -1.116138 2.540752 -0.907458
v -1.113300 2.539518 -1.094884
v -1.777032 0.000001 -1.250528
v -1.781331 0.000001 -0.736903
v -1.069989 4.290699 0.000000
v -0.866765 4.292350 0.000000
v -0.866003 3.458669 0.000000
v -1.000750 0.000000 -1.254770
v -1.069991 0.000001 -8.000000
v -0.866004 3.458669 -8.000000
v -1.070484 4.286930 -8.000633
v -0.867075 4.286930 -8.000633
v -1.000749 2.539518 -1.089792
v -1.000749 2.540752 -0.912550
v -1.000750 0.000000 -0.732661
v -1.116139 2.540753 -6.910298
v -1.113301 2.539519 -7.097725
v -1.777032 0.000001 -7.253369
v -1.781331 0.000001 -6.739744
v -0.819050 2.540005 -7.092546
v -0.920106 0.000001 -6.735363
v -0.915874 0.000001 -7.257466
v -0.821871 2.541231 -6.915306
v -1.116139 2.540752 -2.906647
v -1.113300 2.539518 -3.094073
v -1.777032 0.000001 -3.249717
v -1.781331 0.000001 -2.736092
v -1.000750 0.000000 -3.253959
v -1.000749 2.539518 -3.088981
v -1.000749 2.540752 -2.911739
v -1.000750 0.000000 -2.731850
v -1.116139 2.540752 -4.912277
v -1.113301 2.539518 -5.099703
v -1.777032 0.000001 -5.255348
v -1.781331 0.000001 -4.741723
v -1.000750 0.000000 -5.259590
v -1.000750 2.539518 -5.094612
v -1.000750 2.540752 -4.917370
v -1.000750 0.000000 -4.737481
v -1.069989 3.402313 0.000000
v -1.070309 3.402313 -8.000409
v -1.369989 4.290670 0.000015
v -1.370484 4.286901 -8.000618
v -1.370309 3.402283 -8.000394
v -1.369989 3.402283 0.000015
vt 0.094684 0.969245
vt 0.094683 0.969245
vt 0.094683 0.969245
vt 0.094684 0.969245
vt 0.094684 0.969246
vt 0.094683 0.969246
vt 0.159073 0.972514
vt 0.159073 0.972514
vt 0.159073 0.972514
vt 0.159073 0.972514
vt 0.159073 0.972514
vt 0.159073 0.972514
vt 0.094684 0.969245
vt 0.094684 0.969245
vt 0.094684 0.969245
vt 0.094684 0.969245
vt 0.094683 0.969245
vt 0.094683 0.969246
vt 0.094683 0.969245
vt 0.094683 0.969245
vt 0.030682 0.969318
vt 0.030682 0.969318
vt 0.030682 0.969318
vt 0.030682 0.969318
vt 0.094684 0.969246
vt 0.094683 0.969246
vt 0.094684 0.969245
vt 0.094683 0.969245
vt 0.094683 0.969245
vt 0.094684 0.969245
vt 0.094684 0.969246
vt 0.094683 0.969246
vt 0.094684 0.969246
vt 0.094683 0.969246
vt 0.094684 0.969245
vt 0.094683 0.969245
vt 0.094683 0.969245
vt 0.094684 0.969245
vt 0.094684 0.969246
vt 0.094683 0.969246
vt 0.094684 0.969246
vt 0.094683 0.969246
vt 0.159073 0.972514
vt 0.159073 0.972514
vt 0.030682 0.969318
vt 0.115471 0.971429
vt 0.030682 0.969318
vt 0.113609 0.971382
vt 0.030682 0.969318
vt 0.030682 0.969318
vt 0.030682 0.969318
vt 0.030682 0.969318
vt 0.030682 0.969318
vt 0.030682 0.969318
vt 0.030682 0.969318
vt 0.030682 0.969318
vt 0.113609 0.971382
vt 0.115471 0.971429
vt 0.094684 0.969245
vt 0.094684 0.969245
vt 0.094683 0.969245
vt 0.094683 0.969245
vt 0.094683 0.969246
vt 0.094684 0.969246
vt 0.159073 0.972514
vt 0.159073 0.972514
vt 0.159073 0.972514
vt 0.159073 0.972514
vt 0.159073 0.972514
vt 0.159073 0.972514
vt 0.094684 0.969245
vt 0.094684 0.969245
vt 0.094684 0.969245
vt 0.094684 0.969245
vt 0.094683 0.969245
vt 0.094683 0.969246
vt 0.094683 0.969245
vt 0.094683 0.969245
vt 0.030682 0.969318
vt 0.030682 0.969318
vt 0.094683 0.969246
vt 0.094684 0.969246
vt 0.094684 0.969245
vt 0.094684 0.969245
vt 0.094683 0.969245
vt 0.094683 0.969245
vt 0.094683 0.969246
vt 0.094684 0.969246
vt 0.094683 0.969246
vt 0.094684 0.969246
vt 0.094684 0.969245
vt 0.094684 0.969245
vt 0.094683 0.969245
vt 0.094683 0.969245
vt 0.094683 0.969246
vt 0.094684 0.969246
vt 0.094683 0.969246
vt 0.094684 0.969246
vt 0.159073 0.972514
vt 0.159073 0.972514
vt 0.115471 0.971429
vt 0.030682 0.969318
vt 0.030682 0.969318
vt 0.113609 0.971382
vt 0.030682 0.969318
vt 0.030682 0.969318
vt 0.030682 0.969318
vt 0.030682 0.969318
vt 0.030682 0.969318
vt 0.030682 0.969318
vt 0.113609 0.971382
vt 0.115471 0.971429
vn -0.0010 0.0629 -0.9980
vn 0.9674 0.2530 -0.0103
vn -1.0000 0.0011 -0.0000
vn 0.0041 1.0000 -0.0006
vn 0.0016 1.0000 -0.0068
vn -0.0009 0.0628 -0.9980
vn -0.0005 0.0687 0.9976
vn 0.0000 1.0000 -0.0000
vn -0.0009 0.0687 0.9976
vn 0.0000 1.0000 -0.0068
vn 0.0001 1.0000 -0.0005
vn 0.0000 0.0000 1.0000
vn -0.0017 -0.0002 -1.0000
vn -0.0000 0.0000 -1.0000
vn 1.0000 -0.0000 0.0000
vn 1.0000 -0.0001 0.0001
vn -0.0001 -1.0000 -0.0000
vn 0.0001 -0.0003 -1.0000
vn -0.0001 0.0000 1.0000
vn -0.0000 -1.0000 -0.0000
vn 0.0010 0.0629 -0.9980
vn -0.9674 0.2530 -0.0103
vn 1.0000 0.0011 -0.0000
vn -0.0041 1.0000 -0.0006
vn -0.0016 1.0000 -0.0068
vn 0.0009 0.0628 -0.9980
vn 0.0005 0.0687 0.9976
vn 0.0009 0.0687 0.9976
vn -0.0001 1.0000 -0.0005
vn 0.0017 -0.0002 -1.0000
vn -1.0000 -0.0000 0.0000
vn -1.0000 -0.0001 0.0001
vn 0.0001 -1.0000 -0.0000
vn -0.0001 -0.0003 -1.0000
vn 0.0001 -0.0000 1.0000
usemtl COLLIDER
s off
f 3514/5321/814 3515/5322/814 3520/5323/814 3525/5324/814
f 3515/5322/815 3514/5321/815 3513/5325/815 3516/5326/815
f 3522/5327/816 3519/5328/816 3518/5329/816 3524/5330/816
f 3524/5330/817 3518/5329/817 3517/5331/817 3523/5332/817
f 3532/5333/818 3535/5334/818 3528/5335/818 3529/5336/818
f 3530/5337/815 3529/5336/815 3528/5335/815 3531/5338/815
f 3534/5339/819 3532/5333/819 3529/5336/819 3530/5337/819
f 3531/5338/820 3528/5335/820 3535/5334/820 3533/5340/820
f 3519/5341/821 3522/5342/821 3537/5343/821 3536/5344/821
f 3516/5326/822 3513/5325/822 3526/5345/822 3527/5346/822
f 3514/5321/823 3525/5324/823 3526/5345/823 3513/5325/823
f 3539/5347/814 3540/5348/814 3542/5349/814 3543/5350/814
f 3540/5348/815 3539/5347/815 3538/5351/815 3541/5352/815
f 3541/5352/822 3538/5351/822 3544/5353/822 3545/5354/822
f 3539/5347/823 3543/5350/823 3544/5353/823 3538/5351/823
f 3547/5355/814 3548/5356/814 3550/5357/814 3551/5358/814
f 3548/5356/815 3547/5355/815 3546/5359/815 3549/5360/815
f 3549/5360/822 3546/5359/822 3552/5361/822 3553/5362/822
f 3547/5355/823 3551/5358/823 3552/5361/823 3546/5359/823
f 3523/5332/824 3517/5331/824 3558/5363/824 3559/5364/824
f 3518/5329/825 3519/5328/825 3512/5365/825 3556/5366/825 3517/5331/825
f 3519/5341/825 3536/5344/825 3554/5367/825 3512/5365/825
f 3523/5332/826 3557/5368/826 3521/5369/826 3522/5327/826 3524/5330/826
f 3537/5343/827 3522/5342/827 3521/5369/827 3555/5370/827
f 3557/5371/828 3556/5372/828 3512/5365/828 3521/5369/828
f 3559/5373/829 3558/5374/829 3561/5375/829 3560/5376/829
f 3556/5372/830 3557/5371/830 3560/5376/830 3561/5375/830
f 3557/5368/831 3523/5332/831 3559/5364/831 3560/5377/831
f 3517/5331/832 3556/5366/832 3561/5378/832 3558/5363/832
f 3549/5360/833 3553/5362/833 3550/5357/833 3548/5356/833
f 3534/5339/833 3530/5337/833 3531/5338/833 3533/5340/833
f 3541/5352/833 3545/5354/833 3542/5349/833 3540/5348/833
f 3516/5326/833 3527/5346/833 3520/5323/833 3515/5322/833
f 3521/5369/833 3512/5365/833 3554/5367/833 3555/5370/833
f 3564/5379/834 3575/5380/834 3570/5381/834 3565/5382/834
f 3565/5382/835 3566/5383/835 3563/5384/835 3564/5379/835
f 3572/5385/836 3574/5386/836 3568/5387/836 3569/5388/836
f 3574/5386/837 3573/5389/837 3567/5390/837 3568/5387/837
f 3582/5391/838 3579/5392/838 3578/5393/838 3585/5394/838
f 3580/5395/835 3581/5396/835 3578/5393/835 3579/5392/835
f 3584/5397/839 3580/5395/839 3579/5392/839 3582/5391/839
f 3581/5396/840 3583/5398/840 3585/5394/840 3578/5393/840
f 3569/5399/821 3536/5344/821 3537/5343/821 3572/5400/821
f 3566/5383/841 3577/5401/841 3576/5402/841 3563/5384/841
f 3564/5379/823 3563/5384/823 3576/5402/823 3575/5380/823
f 3587/5403/834 3591/5404/834 3590/5405/834 3588/5406/834
f 3588/5406/835 3589/5407/835 3586/5408/835 3587/5403/835
f 3589/5407/841 3593/5409/841 3592/5410/841 3586/5408/841
f 3587/5403/823 3586/5408/823 3592/5410/823 3591/5404/823
f 3595/5411/834 3599/5412/834 3598/5413/834 3596/5414/834
f 3596/5414/835 3597/5415/835 3594/5416/835 3595/5411/835
f 3597/5415/841 3601/5417/841 3600/5418/841 3594/5416/841
f 3595/5411/823 3594/5416/823 3600/5418/823 3599/5412/823
f 3573/5389/842 3605/5419/842 3604/5420/842 3567/5390/842
f 3568/5387/825 3567/5390/825 3602/5421/825 3562/5422/825 3569/5388/825
f 3569/5399/825 3562/5422/825 3554/5367/825 3536/5344/825
f 3573/5389/843 3574/5386/843 3572/5385/843 3571/5423/843 3603/5424/843
f 3537/5343/827 3555/5370/827 3571/5423/827 3572/5400/827
f 3603/5425/844 3571/5423/844 3562/5422/844 3602/5426/844
f 3605/5427/845 3606/5428/845 3607/5429/845 3604/5430/845
f 3602/5426/846 3607/5429/846 3606/5428/846 3603/5425/846
f 3603/5424/847 3606/5431/847 3605/5419/847 3573/5389/847
f 3567/5390/848 3604/5420/848 3607/5432/848 3602/5421/848
f 3597/5415/833 3596/5414/833 3598/5413/833 3601/5417/833
f 3584/5397/833 3583/5398/833 3581/5396/833 3580/5395/833
f 3589/5407/833 3588/5406/833 3590/5405/833 3593/5409/833
f 3566/5383/833 3565/5382/833 3570/5381/833 3577/5401/833
f 3571/5423/833 3555/5370/833 3554/5367/833 3562/5422/833
o ColliderWall1_Cube.003_Cube.012
v 1.069991 -0.000000 16.000000
v 1.116140 2.540751 15.092543
v 1.113302 2.539518 14.905116
v 1.777032 -0.000000 14.749472
v 1.781331 -0.000000 15.263097
v 1.069991 4.290699 16.000000
v 0.866767 4.292350 16.000000
v 0.866005 3.458668 16.000000
v 1.000750 -0.000000 14.745230
v 1.069991 0.000001 8.000000
v 0.866004 3.458668 8.000000
v 1.070485 4.286930 7.999367
v 0.867076 4.286930 7.999367
v 1.000751 2.539518 14.910208
v 1.000751 2.540751 15.087450
v 1.000750 -0.000000 15.267339
v 1.116140 2.540752 9.089702
v 1.113301 2.539519 8.902275
v 1.777032 0.000001 8.746631
v 1.781331 0.000001 9.260256
v 0.819051 2.540005 8.907454
v 0.920106 0.000001 9.264637
v 0.915873 0.000001 8.742534
v 0.821872 2.541231 9.084694
v 0.000001 3.458668 16.000000
v 0.000000 3.458668 8.000000
v 1.070195 1.868610 12.629335
v 1.070239 2.254237 11.980938
v 1.070097 0.919962 13.293146
v 1.069991 0.000000 13.307922
v 1.070145 1.334084 13.097826
v 1.070097 0.919962 10.668730
v 1.069991 0.000001 10.653955
v 1.070145 1.334084 10.864050
v 1.070200 1.868610 11.332541
v 0.000000 0.920165 13.293145
v 0.000000 0.000204 13.307921
v 0.000000 1.839445 12.629333
v 0.000000 2.225072 11.980937
v 0.000000 1.334287 13.097825
v 0.000000 0.920165 10.668729
v -0.000000 0.000204 10.653954
v 0.000000 1.334287 10.864049
v 0.000000 1.839445 11.332541
v -0.000000 0.000001 8.000000
v 0.000000 0.000000 16.000000
v 1.070371 3.402719 7.999513
v 1.370485 4.286911 7.999383
v 1.069991 3.402719 16.000000
v 1.369991 4.290680 16.000015
v 1.369991 3.402699 16.000015
v 1.370371 3.402699 7.999529
v -1.069991 0.000000 16.000000
v -1.116138 2.540752 15.092543
v -1.113300 2.539518 14.905116
v -1.777032 0.000001 14.749472
v -1.781331 0.000001 15.263097
v -1.069989 4.290699 16.000000
v -0.866765 4.292350 16.000000
v -0.866003 3.458669 16.000000
v -1.000750 0.000000 14.745230
v -1.069991 0.000001 8.000000
v -0.866004 3.458669 8.000000
v -1.070484 4.286930 7.999367
v -0.867075 4.286930 7.999367
v -1.000749 2.539518 14.910208
v -1.000749 2.540752 15.087450
v -1.000750 0.000000 15.267339
v -1.116139 2.540753 9.089702
v -1.113301 2.539519 8.902275
v -1.777032 0.000001 8.746631
v -1.781331 0.000001 9.260256
v -0.819050 2.540005 8.907454
v -0.920106 0.000001 9.264637
v -0.915874 0.000001 8.742534
v -0.821871 2.541231 9.084694
v -1.070194 1.868611 12.629335
v -1.070238 2.254238 11.980938
v -1.070096 0.919962 13.293146
v -1.069991 0.000001 13.307922
v -1.070144 1.334084 13.097826
v -1.070097 0.919962 10.668730
v -1.069991 0.000001 10.653955
v -1.070144 1.334084 10.864050
v -1.070200 1.868611 11.332541
v -1.070370 3.402719 7.999513
v -1.370484 4.286911 7.999383
v -1.069990 3.402719 16.000000
v -1.369989 4.290680 16.000015
v -1.369990 3.402700 16.000015
v -1.370370 3.402700 7.999529
vt 0.094684 0.969245
vt 0.094683 0.969245
vt 0.094683 0.969245
vt 0.094684 0.969245
vt 0.094684 0.969246
vt 0.094683 0.969246
vt 0.159073 0.972514
vt 0.159073 0.972514
vt 0.159073 0.972514
vt 0.159073 0.972514
vt 0.159073 0.972514
vt 0.159073 0.972514
vt 0.094684 0.969245
vt 0.094684 0.969245
vt 0.094684 0.969245
vt 0.094684 0.969245
vt 0.094683 0.969245
vt 0.094683 0.969246
vt 0.094683 0.969245
vt 0.094683 0.969245
vt 0.030682 0.969318
vt 0.030682 0.969318
vt 0.030682 0.969318
vt 0.030682 0.969318
vt 0.094684 0.969246
vt 0.094683 0.969246
vt 0.030682 0.969318
vt 0.030682 0.969318
vt 0.030682 0.969318
vt 0.030682 0.969318
vt 0.030682 0.969318
vt 0.030682 0.969318
vt 0.030682 0.969318
vt 0.030682 0.969318
vt 0.030682 0.969318
vt 0.030682 0.969318
vt 0.030682 0.969318
vt 0.030682 0.969318
vt 0.030682 0.969318
vt 0.030682 0.969318
vt 0.030682 0.969318
vt 0.030682 0.969318
vt 0.030682 0.969318
vt 0.030682 0.969318
vt 0.030682 0.969318
vt 0.030682 0.969318
vt 0.030682 0.969318
vt 0.030682 0.969318
vt 0.030682 0.969318
vt 0.030682 0.969318
vt 0.159073 0.972514
vt 0.159073 0.972514
vt 0.129375 0.971775
vt 0.030682 0.969318
vt 0.125839 0.971687
vt 0.030682 0.969318
vt 0.129375 0.971775
vt 0.125839 0.971687
vt 0.030682 0.969318
vt 0.030682 0.969318
vt 0.094684 0.969245
vt 0.094684 0.969245
vt 0.094683 0.969245
vt 0.094683 0.969245
vt 0.094683 0.969246
vt 0.094684 0.969246
vt 0.159073 0.972514
vt 0.159073 0.972514
vt 0.159073 0.972514
vt 0.159073 0.972514
vt 0.159073 0.972514
vt 0.159073 0.972514
vt 0.094684 0.969245
vt 0.094684 0.969245
vt 0.094684 0.969245
vt 0.094684 0.969245
vt 0.094683 0.969245
vt 0.094683 0.969246
vt 0.094683 0.969245
vt 0.094683 0.969245
vt 0.030682 0.969318
vt 0.030682 0.969318
vt 0.094683 0.969246
vt 0.094684 0.969246
vt 0.030682 0.969318
vt 0.030682 0.969318
vt 0.030682 0.969318
vt 0.030682 0.969318
vt 0.030682 0.969318
vt 0.030682 0.969318
vt 0.030682 0.969318
vt 0.030682 0.969318
vt 0.030682 0.969318
vt 0.030682 0.969318
vt 0.030682 0.969318
vt 0.030682 0.969318
vt 0.030682 0.969318
vt 0.030682 0.969318
vt 0.030682 0.969318
vt 0.159073 0.972514
vt 0.159073 0.972514
vt 0.129375 0.971775
vt 0.125839 0.971687
vt 0.129375 0.971775
vt 0.125839 0.971687
vt 0.030682 0.969318
vt 0.030682 0.969318
vn -0.0010 0.0629 -0.9980
vn 0.9674 0.2530 -0.0103
vn -1.0000 0.0011 -0.0000
vn 0.0041 1.0000 -0.0006
vn 0.0016 1.0000 -0.0068
vn -0.0009 0.0628 -0.9980
vn -0.0005 0.0687 0.9976
vn 0.0000 1.0000 -0.0000
vn -0.0009 0.0687 0.9976
vn 0.0000 1.0000 -0.0068
vn -0.0001 -1.0000 0.0000
vn 0.0091 -0.6694 -0.7428
vn -0.0000 -0.0161 0.9999
vn 0.0234 -0.8592 -0.5110
vn -0.0001 -0.4266 0.9044
vn 0.0091 -0.6694 0.7428
vn 0.0234 -0.8592 0.5110
vn 1.0000 -0.0001 -0.0000
vn -0.0000 -0.0161 -0.9999
vn -0.0001 -0.4266 -0.9044
vn 0.0001 1.0000 -0.0005
vn -0.0020 -0.0002 -1.0000
vn 0.0000 0.0000 -1.0000
vn 0.0000 0.0000 1.0000
vn 1.0000 -0.0000 0.0001
vn 0.0001 -0.0002 -1.0000
vn 1.0000 0.0001 0.0000
vn -0.0001 0.0000 1.0000
vn 1.0000 -0.0001 0.0001
vn -0.0000 -1.0000 -0.0000
vn 0.0010 0.0629 -0.9980
vn -0.9674 0.2530 -0.0103
vn 1.0000 0.0011 -0.0000
vn -0.0041 1.0000 -0.0006
vn -0.0016 1.0000 -0.0068
vn 0.0009 0.0628 -0.9980
vn 0.0005 0.0687 0.9976
vn 0.0009 0.0687 0.9976
vn 0.0001 -1.0000 0.0000
vn -0.0091 -0.6694 -0.7428
vn -0.0234 -0.8592 -0.5110
vn 0.0001 -0.4266 0.9044
vn -0.0091 -0.6694 0.7428
vn -0.0234 -0.8592 0.5110
vn -1.0000 -0.0001 0.0000
vn 0.0001 -0.4266 -0.9044
vn -0.0001 1.0000 -0.0005
vn 0.0020 -0.0002 -1.0000
vn -1.0000 -0.0000 0.0001
vn -0.0001 -0.0002 -1.0000
vn -1.0000 0.0001 0.0000
vn 0.0001 -0.0000 1.0000
vn -1.0000 -0.0001 0.0001
usemtl COLLIDER
s off
f 3610/5433/849 3611/5434/849 3616/5435/849 3621/5436/849
f 3611/5434/850 3610/5433/850 3609/5437/850 3612/5438/850
f 3618/5439/851 3615/5440/851 3614/5441/851 3620/5442/851
f 3620/5442/852 3614/5441/852 3613/5443/852 3619/5444/852
f 3628/5445/853 3631/5446/853 3624/5447/853 3625/5448/853
f 3626/5449/850 3625/5448/850 3624/5447/850 3627/5450/850
f 3630/5451/854 3628/5445/854 3625/5448/854 3626/5449/854
f 3627/5450/855 3624/5447/855 3631/5446/855 3629/5452/855
f 3615/5453/856 3618/5454/856 3633/5455/856 3632/5456/856
f 3612/5438/857 3609/5437/857 3622/5457/857 3623/5458/857
f 3610/5433/858 3621/5436/858 3622/5457/858 3609/5437/858
f 3656/5459/859 3654/5460/859 3659/5461/859 3658/5462/859
f 3634/5463/860 3638/5464/860 3647/5465/860 3645/5466/860
f 3640/5467/861 3639/5468/861 3648/5469/861 3649/5470/861
f 3635/5471/862 3634/5463/862 3645/5466/862 3646/5472/862
f 3639/5468/863 3641/5473/863 3650/5474/863 3648/5469/863
f 3641/5473/864 3642/5475/864 3651/5476/864 3650/5474/864
f 3642/5475/865 3635/5471/865 3646/5472/865 3651/5476/865
f 3639/5468/866 3640/5467/866 3617/5477/866
f 3636/5478/867 3637/5479/867 3644/5480/867 3643/5481/867
f 3638/5464/868 3636/5478/868 3643/5481/868 3647/5465/868
f 3608/5482/866 3637/5479/866 3636/5478/866
f 3608/5482/866 3636/5478/866 3638/5464/866
f 3639/5468/866 3617/5477/866 3641/5473/866
f 3617/5477/866 3654/5460/866 3641/5473/866
f 3642/5475/866 3641/5473/866 3654/5460/866
f 3619/5444/869 3613/5443/869 3657/5483/869 3655/5484/869
f 3635/5471/866 3642/5475/866 3654/5460/866
f 3619/5444/870 3654/5485/870 3617/5477/870 3618/5439/870 3620/5442/870
f 3633/5455/871 3618/5454/871 3617/5477/871 3652/5486/871
f 3608/5482/872 3656/5487/872 3613/5443/872 3614/5441/872 3615/5440/872
f 3615/5453/872 3632/5456/872 3653/5488/872 3608/5482/872
f 3656/5459/873 3634/5463/873 3635/5471/873
f 3654/5485/874 3619/5444/874 3655/5484/874 3659/5489/874
f 3654/5460/875 3656/5459/875 3635/5471/875
f 3613/5443/876 3656/5487/876 3658/5490/876 3657/5483/876
f 3656/5459/873 3638/5464/873 3634/5463/873
f 3656/5459/873 3608/5482/873 3638/5464/873
f 3655/5491/877 3657/5492/877 3658/5462/877 3659/5461/877
f 3629/5452/878 3630/5451/878 3626/5449/878 3627/5450/878
f 3612/5438/878 3623/5458/878 3616/5435/878 3611/5434/878
f 3617/5477/859 3640/5467/859 3649/5470/859 3652/5486/859
f 3637/5479/859 3608/5482/859 3653/5488/859 3644/5480/859
f 3662/5493/879 3673/5494/879 3668/5495/879 3663/5496/879
f 3663/5496/880 3664/5497/880 3661/5498/880 3662/5493/880
f 3670/5499/881 3672/5500/881 3666/5501/881 3667/5502/881
f 3672/5500/882 3671/5503/882 3665/5504/882 3666/5501/882
f 3680/5505/883 3677/5506/883 3676/5507/883 3683/5508/883
f 3678/5509/880 3679/5510/880 3676/5507/880 3677/5506/880
f 3682/5511/884 3678/5509/884 3677/5506/884 3680/5505/884
f 3679/5510/885 3681/5512/885 3683/5508/885 3676/5507/885
f 3667/5513/856 3632/5456/856 3633/5455/856 3670/5514/856
f 3664/5497/886 3675/5515/886 3674/5516/886 3661/5498/886
f 3662/5493/858 3661/5498/858 3674/5516/858 3673/5494/858
f 3695/5517/887 3697/5518/887 3698/5519/887 3693/5520/887
f 3684/5521/888 3645/5466/888 3647/5465/888 3688/5522/888
f 3690/5523/861 3649/5470/861 3648/5469/861 3689/5524/861
f 3685/5525/889 3646/5472/889 3645/5466/889 3684/5521/889
f 3689/5524/890 3648/5469/890 3650/5474/890 3691/5526/890
f 3691/5526/891 3650/5474/891 3651/5476/891 3692/5527/891
f 3692/5527/892 3651/5476/892 3646/5472/892 3685/5525/892
f 3689/5524/893 3669/5528/893 3690/5523/893
f 3686/5529/867 3643/5481/867 3644/5480/867 3687/5530/867
f 3688/5522/894 3647/5465/894 3643/5481/894 3686/5529/894
f 3660/5531/893 3686/5529/893 3687/5530/893
f 3660/5531/893 3688/5522/893 3686/5529/893
f 3689/5524/893 3691/5526/893 3669/5528/893
f 3669/5528/893 3691/5526/893 3693/5520/893
f 3692/5527/893 3693/5520/893 3691/5526/893
f 3671/5503/895 3694/5532/895 3696/5533/895 3665/5504/895
f 3685/5525/893 3693/5520/893 3692/5527/893
f 3671/5503/896 3672/5500/896 3670/5499/896 3669/5528/896 3693/5534/896
f 3633/5455/871 3652/5486/871 3669/5528/871 3670/5514/871
f 3660/5531/872 3667/5502/872 3666/5501/872 3665/5504/872 3695/5535/872
f 3667/5513/872 3660/5531/872 3653/5488/872 3632/5456/872
f 3695/5517/897 3685/5525/897 3684/5521/897
f 3693/5534/898 3698/5536/898 3694/5532/898 3671/5503/898
f 3693/5520/899 3685/5525/899 3695/5517/899
f 3665/5504/900 3696/5533/900 3697/5537/900 3695/5535/900
f 3695/5517/897 3684/5521/897 3688/5522/897
f 3695/5517/897 3688/5522/897 3660/5531/897
f 3694/5538/901 3698/5519/901 3697/5518/901 3696/5539/901
f 3681/5512/878 3679/5510/878 3678/5509/878 3682/5511/878
f 3664/5497/878 3663/5496/878 3668/5495/878 3675/5515/878
f 3669/5528/887 3652/5486/887 3649/5470/887 3690/5523/887
f 3687/5530/887 3644/5480/887 3653/5488/887 3660/5531/887
o ColliderWall2_Cube.003_Cube.023
v 1.069991 -0.000000 8.000000
v 1.116140 2.540751 7.092543
v 1.113302 2.539518 6.905116
v 1.777032 -0.000000 6.749472
v 1.781331 -0.000000 7.263097
v 1.069991 4.290699 8.000000
v 0.866767 4.292350 8.000000
v 0.866005 3.458668 8.000000
v 1.000750 -0.000000 6.745230
v 1.069991 0.000001 0.000000
v 0.866004 3.458668 0.000000
v 1.070485 4.286930 -0.000633
v 0.867076 4.286930 -0.000633
v 1.000751 2.539518 6.910208
v 1.000751 2.540751 7.087450
v 1.000750 -0.000000 7.267339
v 1.116140 2.540752 1.089701
v 1.113301 2.539519 0.902275
v 1.777032 0.000001 0.746631
v 1.781331 0.000001 1.260256
v 0.819051 2.540005 0.907454
v 0.920106 0.000001 1.264637
v 0.915873 0.000001 0.742534
v 0.821872 2.541231 1.084694
v 0.000001 3.458668 8.000000
v 0.000000 3.458668 0.000000
v 1.070195 1.868610 4.629335
v 1.070239 2.254237 3.980938
v 1.070097 0.919962 5.293146
v 1.069991 0.000000 5.307922
v 1.070145 1.334084 5.097826
v 1.070097 0.919962 2.668730
v 1.069991 0.000001 2.653955
v 1.070145 1.334084 2.864050
v 1.070200 1.868610 3.332541
v 0.000000 0.920165 5.293145
v 0.000000 0.000204 5.307921
v 0.000000 1.839445 4.629334
v 0.000000 2.225072 3.980937
v 0.000000 1.334287 5.097825
v 0.000000 0.920165 2.668729
v -0.000000 0.000204 2.653953
v 0.000000 1.334287 2.864049
v 0.000000 1.839445 3.332540
v 0.804413 0.000000 5.382505
v 0.804413 0.000000 2.617495
v 0.804413 2.271661 5.382505
v 0.804413 2.271661 2.617495
v 0.000000 0.000000 8.000000
v -0.000000 0.000001 0.000000
v 1.069991 3.402720 8.000000
v 1.070383 3.402720 -0.000503
v 1.370485 4.286913 -0.000617
v 1.369991 4.290682 8.000017
v 1.369991 3.402703 8.000017
v 1.370383 3.402703 -0.000486
v -0.000000 0.000000 2.617495
v 0.000000 0.000000 5.382504
v -1.069991 0.000000 8.000000
v -1.116138 2.540752 7.092543
v -1.113300 2.539518 6.905116
v -1.777032 0.000001 6.749472
v -1.781331 0.000001 7.263097
v -1.069989 4.290699 8.000000
v -0.866765 4.292350 8.000000
v -0.866003 3.458669 8.000000
v -1.000750 0.000000 6.745230
v -1.069991 0.000001 0.000000
v -0.866004 3.458669 0.000000
v -1.070484 4.286930 -0.000633
v -0.867075 4.286930 -0.000633
v -1.000749 2.539518 6.910208
v -1.000749 2.540752 7.087450
v -1.000750 0.000000 7.267339
v -1.116139 2.540753 1.089701
v -1.113301 2.539519 0.902275
v -1.777032 0.000001 0.746631
v -1.781331 0.000001 1.260256
v -0.819050 2.540005 0.907454
v -0.920106 0.000001 1.264637
v -0.915874 0.000001 0.742534
v -0.821871 2.541231 1.084694
v -1.070194 1.868611 4.629335
v -1.070238 2.254238 3.980938
v -1.070096 0.919962 5.293146
v -1.069991 0.000001 5.307922
v -1.070144 1.334084 5.097826
v -1.070097 0.919962 2.668730
v -1.069991 0.000001 2.653955
v -1.070144 1.334084 2.864050
v -1.070200 1.868611 3.332541
v -0.804413 0.000000 5.382505
v -0.804413 0.000000 2.617495
v -0.804412 2.271662 5.382505
v -0.804412 2.271662 2.617495
v -1.069989 3.402720 8.000000
v -1.070382 3.402720 -0.000503
v -1.370484 4.286913 -0.000617
v -1.369989 4.290682 8.000017
v -1.369989 3.402703 8.000017
v -1.370382 3.402703 -0.000486
vt 0.094684 0.969245
vt 0.094683 0.969245
vt 0.094683 0.969245
vt 0.094684 0.969245
vt 0.094684 0.969246
vt 0.094683 0.969246
vt 0.159073 0.972514
vt 0.159073 0.972514
vt 0.159073 0.972514
vt 0.159073 0.972514
vt 0.159073 0.972514
vt 0.159073 0.972514
vt 0.094684 0.969245
vt 0.094684 0.969245
vt 0.094684 0.969245
vt 0.094684 0.969245
vt 0.094683 0.969245
vt 0.094683 0.969246
vt 0.094683 0.969245
vt 0.094683 0.969245
vt 0.030682 0.969318
vt 0.030682 0.969318
vt 0.030682 0.969318
vt 0.030682 0.969318
vt 0.094684 0.969246
vt 0.094683 0.969246
vt 0.159073 0.972514
vt 0.159073 0.972514
vt 0.030682 0.969318
vt 0.030682 0.969318
vt 0.030682 0.969318
vt 0.030682 0.969318
vt 0.128548 0.971754
vt 0.128548 0.971754
vt 0.030682 0.969318
vt 0.030682 0.969318
vt 0.030682 0.969318
vt 0.030682 0.969318
vt 0.030682 0.969318
vt 0.030682 0.969318
vt 0.030682 0.969318
vt 0.030682 0.969318
vt 0.030682 0.969318
vt 0.030682 0.969318
vt 0.030682 0.969318
vt 0.030682 0.969318
vt 0.030682 0.969318
vt 0.030682 0.969318
vt 0.030682 0.969318
vt 0.030682 0.969318
vt 0.030682 0.969318
vt 0.132565 0.971854
vt 0.132565 0.971854
vt 0.030682 0.969318
vt 0.030682 0.969318
vt 0.030682 0.969318
vt 0.030682 0.969318
vt 0.000000 0.000000
vt 1.000000 0.000000
vt 1.000000 1.000000
vt 0.000000 1.000000
vt 0.030682 0.969318
vt 0.030682 0.969318
vt 0.030682 0.969318
vt 0.000000 0.000000
vt 1.000000 0.000000
vt 0.094684 0.969245
vt 0.094684 0.969245
vt 0.094683 0.969245
vt 0.094683 0.969245
vt 0.094683 0.969246
vt 0.094684 0.969246
vt 0.159073 0.972514
vt 0.159073 0.972514
vt 0.159073 0.972514
vt 0.159073 0.972514
vt 0.159073 0.972514
vt 0.159073 0.972514
vt 0.094684 0.969245
vt 0.094684 0.969245
vt 0.094684 0.969245
vt 0.094684 0.969245
vt 0.094683 0.969245
vt 0.094683 0.969246
vt 0.094683 0.969245
vt 0.094683 0.969245
vt 0.030682 0.969318
vt 0.030682 0.969318
vt 0.094683 0.969246
vt 0.094684 0.969246
vt 0.159073 0.972514
vt 0.159073 0.972514
vt 0.030682 0.969318
vt 0.030682 0.969318
vt 0.128548 0.971754
vt 0.128548 0.971754
vt 0.030682 0.969318
vt 0.030682 0.969318
vt 0.030682 0.969318
vt 0.030682 0.969318
vt 0.030682 0.969318
vt 0.030682 0.969318
vt 0.030682 0.969318
vt 0.030682 0.969318
vt 0.030682 0.969318
vt 0.030682 0.969318
vt 0.132565 0.971854
vt 0.132565 0.971854
vt 0.030682 0.969318
vt 0.030682 0.969318
vt 0.030682 0.969318
vt 0.030682 0.969318
vt 0.000000 0.000000
vt 0.000000 1.000000
vt 1.000000 1.000000
vt 1.000000 0.000000
vt 0.030682 0.969318
vn -0.0010 0.0629 -0.9980
vn 0.9674 0.2530 -0.0103
vn -1.0000 0.0011 -0.0000
vn 0.0041 1.0000 -0.0006
vn 0.0016 1.0000 -0.0068
vn -0.0009 0.0628 -0.9980
vn -0.0005 0.0687 0.9976
vn 0.0000 1.0000 -0.0000
vn -0.0009 0.0687 0.9976
vn 0.0000 1.0000 -0.0068
vn 0.0001 1.0000 -0.0005
vn 0.0091 -0.6694 -0.7428
vn -0.0001 0.0000 1.0000
vn -0.0000 -0.0161 0.9999
vn 0.0234 -0.8592 -0.5110
vn -0.0001 -0.4266 0.9044
vn 0.0091 -0.6694 0.7428
vn 0.0234 -0.8592 0.5110
vn 1.0000 -0.0001 -0.0000
vn -0.0000 -0.0161 -0.9999
vn -0.0001 -0.4266 -0.9044
vn 0.0001 -0.0001 -1.0000
vn 1.0000 -0.0001 0.0001
vn 1.0000 0.0000 -0.0000
vn 0.0000 0.0000 1.0000
vn -0.0021 -0.0002 -1.0000
vn 0.0000 0.0000 -1.0000
vn 1.0000 -0.0000 0.0001
vn -0.0001 -1.0000 0.0000
vn -0.0000 -1.0000 -0.0000
vn 0.0010 0.0629 -0.9980
vn -0.9674 0.2530 -0.0103
vn 1.0000 0.0011 -0.0000
vn -0.0041 1.0000 -0.0006
vn -0.0016 1.0000 -0.0068
vn 0.0009 0.0628 -0.9980
vn 0.0005 0.0687 0.9976
vn 0.0009 0.0687 0.9976
vn -0.0001 1.0000 -0.0005
vn -0.0091 -0.6694 -0.7428
vn 0.0001 -0.0000 1.0000
vn -0.0234 -0.8592 -0.5110
vn 0.0001 -0.4266 0.9044
vn -0.0091 -0.6694 0.7428
vn -0.0234 -0.8592 0.5110
vn -1.0000 -0.0001 0.0000
vn 0.0001 -0.4266 -0.9044
vn -0.0001 -0.0001 -1.0000
vn -1.0000 -0.0001 0.0001
vn -1.0000 0.0000 0.0000
vn 0.0021 -0.0002 -1.0000
vn -1.0000 -0.0000 0.0001
vn 0.0001 -1.0000 0.0000
usemtl COLLIDER
s off
f 3701/5540/902 3702/5541/902 3707/5542/902 3712/5543/902
f 3702/5541/903 3701/5540/903 3700/5544/903 3703/5545/903
f 3709/5546/904 3706/5547/904 3705/5548/904 3711/5549/904
f 3711/5549/905 3705/5548/905 3704/5550/905 3710/5551/905
f 3719/5552/906 3722/5553/906 3715/5554/906 3716/5555/906
f 3717/5556/903 3716/5555/903 3715/5554/903 3718/5557/903
f 3721/5558/907 3719/5552/907 3716/5555/907 3717/5556/907
f 3718/5557/908 3715/5554/908 3722/5553/908 3720/5559/908
f 3706/5560/909 3709/5561/909 3724/5562/909 3723/5563/909
f 3703/5545/910 3700/5544/910 3713/5564/910 3714/5565/910
f 3701/5540/911 3712/5543/911 3713/5564/911 3700/5544/911
f 3710/5551/912 3704/5550/912 3752/5566/912 3751/5567/912
f 3725/5568/913 3729/5569/913 3738/5570/913 3736/5571/913
f 3704/5550/914 3749/5572/914 3753/5573/914 3752/5566/914
f 3731/5574/915 3730/5575/915 3739/5576/915 3740/5577/915
f 3726/5578/916 3725/5568/916 3736/5571/916 3737/5579/916
f 3730/5575/917 3732/5580/917 3741/5581/917 3739/5576/917
f 3732/5580/918 3733/5582/918 3742/5583/918 3741/5581/918
f 3733/5582/919 3726/5578/919 3737/5579/919 3742/5583/919
f 3730/5575/920 3731/5574/920 3708/5584/920
f 3727/5585/921 3728/5586/921 3735/5587/921 3734/5588/921
f 3729/5569/922 3727/5585/922 3734/5588/922 3738/5570/922
f 3699/5589/920 3728/5586/920 3727/5585/920
f 3699/5589/920 3727/5585/920 3729/5569/920
f 3730/5575/920 3708/5584/920 3732/5580/920
f 3708/5584/920 3750/5590/920 3732/5580/920
f 3750/5591/923 3710/5551/923 3751/5567/923 3754/5592/923
f 3733/5582/920 3732/5580/920 3750/5590/920
f 3751/5593/924 3752/5594/924 3753/5595/924 3754/5596/924
f 3726/5578/920 3733/5582/920 3750/5590/920
f 3743/5597/925 3744/5598/925 3746/5599/925 3745/5600/925
f 3699/5589/926 3749/5572/926 3704/5550/926 3705/5548/926 3706/5547/926
f 3706/5560/926 3723/5563/926 3747/5601/926 3699/5589/926
f 3710/5551/927 3750/5591/927 3708/5584/927 3709/5546/927 3711/5549/927
f 3724/5562/928 3709/5561/928 3708/5584/928 3748/5602/928
f 3749/5603/929 3725/5568/929 3726/5578/929
f 3750/5590/925 3749/5603/925 3726/5578/925
f 3749/5603/929 3729/5569/929 3725/5568/929
f 3749/5603/929 3699/5589/929 3729/5569/929
f 3749/5603/930 3750/5590/930 3754/5596/930 3753/5595/930
f 3720/5559/931 3721/5558/931 3717/5556/931 3718/5557/931
f 3703/5545/931 3714/5565/931 3707/5542/931 3702/5541/931
f 3708/5584/930 3731/5574/930 3740/5577/930 3748/5602/930
f 3728/5586/930 3699/5589/930 3747/5601/930 3735/5587/930
f 3744/5598/931 3743/5597/931 3756/5604/931 3755/5605/931
f 3759/5606/932 3770/5607/932 3765/5608/932 3760/5609/932
f 3760/5609/933 3761/5610/933 3758/5611/933 3759/5606/933
f 3767/5612/934 3769/5613/934 3763/5614/934 3764/5615/934
f 3769/5613/935 3768/5616/935 3762/5617/935 3763/5614/935
f 3777/5618/936 3774/5619/936 3773/5620/936 3780/5621/936
f 3775/5622/933 3776/5623/933 3773/5620/933 3774/5619/933
f 3779/5624/937 3775/5622/937 3774/5619/937 3777/5618/937
f 3776/5623/938 3778/5625/938 3780/5621/938 3773/5620/938
f 3764/5626/909 3723/5563/909 3724/5562/909 3767/5627/909
f 3761/5610/939 3772/5628/939 3771/5629/939 3758/5611/939
f 3759/5606/911 3758/5611/911 3771/5629/911 3770/5607/911
f 3768/5616/940 3796/5630/940 3797/5631/940 3762/5617/940
f 3781/5632/941 3736/5571/941 3738/5570/941 3785/5633/941
f 3762/5617/942 3797/5631/942 3798/5634/942 3794/5635/942
f 3787/5636/915 3740/5577/915 3739/5576/915 3786/5637/915
f 3782/5638/943 3737/5579/943 3736/5571/943 3781/5632/943
f 3786/5637/944 3739/5576/944 3741/5581/944 3788/5639/944
f 3788/5639/945 3741/5581/945 3742/5583/945 3789/5640/945
f 3789/5640/946 3742/5583/946 3737/5579/946 3782/5638/946
f 3786/5637/947 3766/5641/947 3787/5636/947
f 3783/5642/921 3734/5588/921 3735/5587/921 3784/5643/921
f 3785/5633/948 3738/5570/948 3734/5588/948 3783/5642/948
f 3757/5644/947 3783/5642/947 3784/5643/947
f 3757/5644/947 3785/5633/947 3783/5642/947
f 3786/5637/947 3788/5639/947 3766/5641/947
f 3766/5641/947 3788/5639/947 3795/5645/947
f 3795/5646/949 3799/5647/949 3796/5630/949 3768/5616/949
f 3789/5640/947 3795/5645/947 3788/5639/947
f 3796/5648/950 3799/5649/950 3798/5650/950 3797/5651/950
f 3782/5638/947 3795/5645/947 3789/5640/947
f 3790/5652/951 3792/5653/951 3793/5654/951 3791/5655/951
f 3757/5644/926 3764/5615/926 3763/5614/926 3762/5617/926 3794/5635/926
f 3764/5626/926 3757/5644/926 3747/5601/926 3723/5563/926
f 3768/5616/952 3769/5613/952 3767/5612/952 3766/5641/952 3795/5646/952
f 3724/5562/928 3748/5602/928 3766/5641/928 3767/5627/928
f 3794/5656/953 3782/5638/953 3781/5632/953
f 3795/5645/951 3782/5638/951 3794/5656/951
f 3794/5656/953 3781/5632/953 3785/5633/953
f 3794/5656/953 3785/5633/953 3757/5644/953
f 3794/5656/954 3798/5650/954 3799/5649/954 3795/5645/954
f 3778/5625/931 3776/5623/931 3775/5622/931 3779/5624/931
f 3761/5610/931 3760/5609/931 3765/5608/931 3772/5628/931
f 3766/5641/954 3748/5602/954 3740/5577/954 3787/5636/954
f 3784/5643/954 3735/5587/954 3747/5601/954 3757/5644/954
f 3791/5655/931 3755/5605/931 3756/5604/931 3790/5652/931
o ColliderWall4_Cube.003_Cube.025
v 1.069991 -0.000000 -8.000000
v 2.528103 3.458669 -12.680222
v 0.866767 4.292350 -8.000000
v 0.866005 3.458668 -8.000000
v 1.069991 0.000001 -16.000000
v 0.566004 3.458668 -16.000000
v 1.070485 4.286930 -16.000633
v 0.567076 4.286930 -16.000633
v 1.116139 2.540751 -12.912277
v 1.113301 2.539518 -13.099704
v 1.777032 -0.000000 -13.255348
v 1.781331 -0.000000 -12.741723
v 1.050804 -0.000000 -13.259590
v 1.000750 2.539518 -13.094612
v 1.000750 2.540751 -12.917370
v 1.050804 -0.000000 -12.737481
v -1.069991 0.000000 -8.000000
v -1.116138 2.540752 -8.907457
v -1.113300 2.539518 -9.094884
v -1.777032 0.000001 -9.250528
v -1.781331 0.000001 -8.736903
v 2.526851 4.292798 -12.680226
v -0.866765 4.292350 -8.000000
v -0.866003 3.458669 -8.000000
v -1.000750 0.000000 -9.254770
v -1.069991 0.000001 -16.000000
v -0.866004 3.458669 -16.000000
v 2.933667 4.292798 -12.679374
v -0.867075 4.286930 -16.000633
v -1.000749 2.539518 -9.089792
v -1.000749 2.540752 -8.912550
v -1.000750 0.000000 -8.732661
v -1.116139 2.540753 -14.910298
v -1.113301 2.539519 -15.097725
v -1.777032 0.000001 -15.253369
v -1.781331 0.000001 -14.739744
v -1.020568 2.539672 -15.096092
v -1.020568 0.000001 -14.735363
v -1.020568 0.000001 -15.257466
v -1.020568 2.540904 -14.911877
v -1.116139 2.540752 -10.906647
v -1.113300 2.539518 -11.094072
v -1.777032 0.000001 -11.249718
v -1.781331 0.000001 -10.736092
v -1.000750 0.000000 -11.253960
v -1.000749 2.539518 -11.088982
v -1.000749 2.540752 -10.911739
v -1.000750 0.000000 -10.731851
v -1.116139 2.540752 -12.912277
v -1.113301 2.539518 -13.099704
v -1.777032 0.000001 -13.255348
v -1.781331 0.000001 -12.741723
v -1.000750 0.000000 -13.259590
v -1.000750 2.539518 -13.094612
v -1.000750 2.540752 -12.917370
v -1.000750 0.000000 -12.737481
v 2.934919 3.405627 -12.679369
v 0.866941 4.289291 -12.515076
v 0.866005 3.458668 -12.514718
v 0.567038 4.287605 -15.004123
v 1.029955 2.899310 -14.927871
v 0.566004 3.458668 -15.003569
v 1.070216 3.455527 -12.515006
v 1.070464 4.287092 -15.506554
v 2.536785 3.458668 -15.005953
v 2.529834 4.290040 -15.006076
v 2.936649 4.289689 -15.505802
v 1.069991 3.003735 -15.005983
v 2.313933 2.899310 -15.005829
v 2.634469 2.999271 -15.005829
v 2.634469 2.999271 -15.506399
v 1.033833 2.899310 -15.584358
v 2.316891 2.899310 -15.506399
v 2.618575 0.007069 -9.343029
v 1.069991 0.007069 -9.173779
v 2.618575 0.238036 -9.416719
v 1.069991 0.238036 -9.247470
v 2.618575 0.007069 -9.884094
v 1.069991 0.007069 -9.805803
v 2.618575 3.241302 -12.688339
v 1.070105 3.239707 -12.517016
v 1.069991 3.003735 -13.330471
v 1.069991 2.849991 -12.880844
v 2.618575 2.849991 -12.959134
v 2.618575 3.031280 -13.408761
v 2.528783 3.458668 -12.932425
v 1.012058 3.455889 -12.802046
v 1.116139 2.540751 -14.920019
v 1.113301 2.539518 -15.107445
v 1.777032 -0.000000 -15.263090
v 1.781331 -0.000000 -14.749465
v 1.050804 -0.000000 -15.267332
v 1.000750 2.539518 -15.102354
v 1.000750 2.540751 -14.925112
v 1.050804 -0.000000 -14.745223
v 2.950551 3.002029 -15.505548
v 2.950551 3.002029 -15.004977
v 1.034130 2.420112 -15.634595
v 1.029658 2.420112 -14.877633
v 2.935599 3.405627 -12.931572
v 2.527531 4.292798 -12.932429
v 2.934347 4.292798 -12.931578
v 1.069991 3.455527 -8.000000
v 1.369991 4.290690 -7.999983
v 1.370270 4.288562 -12.515059
v 1.370216 3.455517 -12.514990
v 1.369991 3.455517 -7.999983
v -1.069989 3.402720 -8.000000
v -1.070360 3.402720 -16.000475
v -1.370360 3.402699 -16.000458
v -1.370484 4.286909 -16.000618
v -1.369989 3.402699 -7.999984
v -1.369989 4.290679 -7.999984
v 2.530830 3.056467 -12.680213
v 2.531510 3.056467 -12.932417
v 2.682695 3.059224 -12.931564
v 2.682015 3.059225 -12.679361
vt 0.159073 0.972514
vt 0.159073 0.972514
vt 0.159073 0.972514
vt 0.159073 0.972514
vt 0.033456 0.969675
vt 0.033456 0.969675
vt 0.033456 0.969675
vt 0.033456 0.969675
vt 0.030682 0.969318
vt 0.030682 0.969318
vt 0.030682 0.969318
vt 0.094684 0.969245
vt 0.094683 0.969245
vt 0.094683 0.969245
vt 0.094684 0.969245
vt 0.094684 0.969246
vt 0.094683 0.969246
vt 0.094684 0.969246
vt 0.094683 0.969246
vt 0.094684 0.969245
vt 0.094684 0.969245
vt 0.094683 0.969245
vt 0.094683 0.969245
vt 0.094683 0.969246
vt 0.094684 0.969246
vt 0.159073 0.972514
vt 0.159073 0.972514
vt 0.159073 0.972514
vt 0.159073 0.972514
vt 0.033456 0.969675
vt 0.033456 0.969675
vt 0.094684 0.969245
vt 0.094684 0.969245
vt 0.094684 0.969245
vt 0.094684 0.969245
vt 0.094683 0.969245
vt 0.094683 0.969246
vt 0.094683 0.969245
vt 0.094683 0.969245
vt 0.094683 0.969246
vt 0.094684 0.969246
vt 0.094684 0.969245
vt 0.094684 0.969245
vt 0.094683 0.969245
vt 0.094683 0.969245
vt 0.094683 0.969246
vt 0.094684 0.969246
vt 0.094683 0.969246
vt 0.094684 0.969246
vt 0.094684 0.969245
vt 0.094684 0.969245
vt 0.094683 0.969245
vt 0.094683 0.969245
vt 0.094683 0.969246
vt 0.094684 0.969246
vt 0.094683 0.969246
vt 0.094684 0.969246
vt 0.126903 0.971713
vt 0.126903 0.971713
vt 0.159073 0.972514
vt 0.033456 0.969675
vt 0.033456 0.969675
vt 0.030682 0.969318
vt 0.030682 0.969318
vt 0.030682 0.969318
vt 0.030682 0.969318
vt 0.030682 0.969318
vt 0.159073 0.972514
vt 0.159073 0.972514
vt 0.159073 0.972514
vt 0.159073 0.972514
vt 0.159073 0.972514
vt 0.159073 0.972514
vt 0.159073 0.972514
vt 0.159073 0.972514
vt 0.121199 0.971571
vt 0.030682 0.969318
vt 0.033456 0.969675
vt 0.033456 0.969675
vt 0.033456 0.969675
vt 0.033456 0.969675
vt 0.033456 0.969675
vt 0.033456 0.969675
vt 0.157969 0.968852
vt 0.033456 0.969675
vt 0.157969 0.968852
vt 0.157969 0.968852
vt 0.033456 0.969675
vt 0.033456 0.969675
vt 0.157969 0.968852
vt 0.033456 0.969675
vt 0.033456 0.969675
vt 0.033456 0.969675
vt 0.157969 0.968852
vt 0.157969 0.968852
vt 0.157969 0.968852
vt 0.157969 0.968852
vt 0.033456 0.969675
vt 0.033456 0.969675
vt 0.033456 0.969675
vt 0.033456 0.969675
vt 0.033456 0.969675
vt 0.033456 0.969675
vt 0.033456 0.969675
vt 0.033456 0.969675
vt 0.033456 0.969675
vt 0.033456 0.969675
vt 0.033456 0.969675
vt 0.030682 0.969318
vt 0.030682 0.969318
vt 0.030682 0.969318
vt 0.121199 0.971571
vt 0.159073 0.972514
vt 0.131834 0.971836
vt 0.030682 0.969318
vt 0.033456 0.969675
vt 0.033456 0.969675
vt 0.033456 0.969675
vt 0.033456 0.969675
vt 0.094684 0.969245
vt 0.094683 0.969245
vt 0.094683 0.969245
vt 0.094684 0.969245
vt 0.094684 0.969246
vt 0.094683 0.969246
vt 0.094684 0.969246
vt 0.094683 0.969246
vt 0.157969 0.968852
vt 0.157969 0.968852
vt 0.033456 0.969675
vt 0.033456 0.969675
vt 0.033456 0.969675
vt 0.033456 0.969675
vt 0.033456 0.969675
vt 0.033456 0.969675
vt 0.000000 0.000000
vt 0.000000 0.000000
vt 0.000000 0.000000
vt 0.000000 0.000000
vt 0.030682 0.969318
vt 0.030682 0.969318
vt 0.030682 0.969318
vt 0.030682 0.969318
vt 0.030682 0.969318
vt 0.159073 0.972514
vt 0.030682 0.969318
vt 0.030682 0.969318
vt 0.030682 0.969318
vt 0.030682 0.969318
vt 0.030682 0.969318
vt 0.030682 0.969318
vt 0.159073 0.972514
vt 0.131834 0.971836
vt 0.033456 0.969675
vt 0.033456 0.969675
vn -1.0000 0.0010 -0.0000
vn -0.0021 0.0000 1.0000
vn 0.0000 1.0000 0.0000
vn -0.0010 0.0629 -0.9980
vn 0.9674 0.2530 -0.0103
vn -0.0010 0.0687 0.9976
vn 0.0000 1.0000 -0.0068
vn 0.0010 0.0629 -0.9980
vn -0.9674 0.2530 -0.0103
vn 1.0000 0.0011 -0.0000
vn 1.0000 0.0014 0.0027
vn -0.0016 1.0000 -0.0066
vn -0.0029 0.0627 -0.9980
vn -0.0033 0.0686 0.9976
vn 0.0009 0.0687 0.9976
vn -0.0000 -0.0002 -1.0000
vn 1.0000 -0.0002 -0.0001
vn -1.0000 0.0013 -0.0000
vn 0.0002 1.0000 -0.0006
vn 1.0000 -0.0008 0.0059
vn 0.0000 0.0000 1.0000
vn 0.0154 0.9999 -0.0019
vn -0.0014 -0.0004 -1.0000
vn -0.0001 0.0003 1.0000
vn 0.0603 0.1041 -0.9927
vn -0.0013 1.0000 -0.0021
vn 0.0011 0.0004 1.0000
vn 0.0004 0.0004 -1.0000
vn 0.0000 -0.0001 -1.0000
vn 0.0491 0.5861 0.8087
vn 0.2990 -0.9543 0.0009
vn 0.1036 0.3023 0.9476
vn 0.0000 -1.0000 0.0000
vn 0.0738 0.7346 0.6744
vn -0.0343 -0.7338 -0.6785
vn 1.0000 0.0000 -0.0000
vn 0.0077 -0.9999 0.0098
vn -0.0006 0.0021 -1.0000
vn -0.0013 0.0093 -1.0000
vn -0.0080 -0.0450 0.9990
vn -0.0093 -0.9370 -0.3491
vn 0.0000 -0.0008 -1.0000
vn 0.0024 -0.0003 -1.0000
vn -0.0010 -0.0001 -1.0000
vn -0.0000 0.0000 -1.0000
vn 0.3498 -0.9368 0.0021
vn -0.0008 1.0000 0.0007
vn 0.6887 0.6383 0.3439
vn 0.0602 0.7803 0.6225
vn 0.5856 0.1919 0.7876
vn 0.9638 0.1518 -0.2194
vn 1.0000 -0.0063 -0.0036
vn 0.0606 0.0543 -0.9967
vn 0.0050 -1.0000 0.0020
vn 0.0033 -1.0000 0.0000
vn -0.0000 -1.0000 -0.0060
vn 0.9999 0.0108 -0.0000
vn 0.8563 -0.4790 -0.1931
vn 0.0603 0.1040 0.9927
vn 0.6525 -0.7429 0.1493
vn 0.0087 -0.9998 0.0201
vn 0.0030 -0.0010 -1.0000
vn 0.0087 -1.0000 -0.0000
vn 0.0027 -0.0002 -1.0000
vn -0.0003 1.0000 -0.0013
vn -1.0000 -0.0049 -0.0025
vn 1.0000 0.0077 0.0030
vn -1.0000 0.0000 -0.0059
vn 1.0000 -0.0000 0.0001
vn 0.0024 1.0000 -0.0006
vn -1.0000 -0.0001 0.0000
vn -1.0000 -0.0001 0.0001
vn 0.0001 -1.0000 -0.0000
vn -0.0017 1.0000 -0.0006
vn -1.0000 -0.0015 -0.0027
vn 0.0182 -0.9998 0.0001
vn -0.0030 0.0010 1.0000
vn -1.0000 -0.0068 -0.0027
vn 0.8077 -0.5897 0.0022
usemtl COLLIDER
s off
f 3858/5657/955 3803/5658/955 3802/5659/955 3857/5660/955
f 3801/5661/956 3856/5662/956 3827/5663/956 3821/5664/956
f 3861/5665/957 3805/5666/957 3826/5667/957
f 3809/5668/958 3810/5669/958 3812/5670/958 3813/5671/958
f 3810/5669/959 3809/5668/959 3808/5672/959 3811/5673/959
f 3811/5673/960 3808/5672/960 3814/5674/960 3815/5675/960
f 3809/5668/961 3813/5671/961 3814/5674/961 3808/5672/961
f 3818/5676/962 3829/5677/962 3824/5678/962 3819/5679/962
f 3819/5679/963 3820/5680/963 3817/5681/963 3818/5676/963
f 3826/5682/964 3828/5683/964 3822/5684/964 3823/5685/964
f 3899/5686/965 3901/5687/965 3827/5663/965 3856/5662/965
f 3836/5688/966 3833/5689/966 3832/5690/966 3839/5691/966
f 3834/5692/963 3835/5693/963 3832/5690/963 3833/5689/963
f 3838/5694/967 3834/5692/967 3833/5689/967 3836/5688/967
f 3835/5693/968 3837/5695/968 3839/5691/968 3832/5690/968
f 3820/5680/969 3831/5696/969 3830/5697/969 3817/5681/969
f 3818/5676/961 3817/5681/961 3830/5697/961 3829/5677/961
f 3841/5698/962 3845/5699/962 3844/5700/962 3842/5701/962
f 3842/5701/963 3843/5702/963 3840/5703/963 3841/5698/963
f 3843/5702/969 3847/5704/969 3846/5705/969 3840/5703/969
f 3841/5698/961 3840/5703/961 3846/5705/961 3845/5699/961
f 3849/5706/962 3853/5707/962 3852/5708/962 3850/5709/962
f 3850/5709/963 3851/5710/963 3848/5711/963 3849/5706/963
f 3851/5710/969 3855/5712/969 3854/5713/969 3848/5711/969
f 3849/5706/961 3848/5711/961 3854/5713/961 3853/5707/961
f 3828/5683/970 3908/5714/970 3909/5715/970 3910/5716/970
f 3876/5717/971 3880/5718/971 3862/5719/971 3800/5720/971
f 3803/5721/957 3858/5722/957 3826/5667/957 3823/5723/957
f 3805/5724/972 3861/5725/972 3859/5726/972 3807/5727/972
f 3807/5727/973 3859/5726/973 3863/5728/973 3806/5729/973
f 3806/5729/974 3863/5728/974 3812/5730/974 3804/5731/974
f 3858/5722/957 3861/5665/957 3826/5667/957
f 3803/5658/975 3800/5720/975 3902/5732/975 3802/5659/975
f 3861/5665/976 3858/5722/976 3886/5733/976
f 3857/5660/977 3862/5719/977 3858/5722/977
f 3869/5734/978 3867/5735/978 3868/5736/978
f 3871/5737/979 3872/5738/979 3897/5739/979
f 3863/5740/980 3859/5741/980 3865/5742/980 3866/5743/980
f 3865/5742/981 3859/5741/981 3861/5744/981 3864/5745/981
f 3863/5740/982 3866/5743/982 3870/5746/982
f 3863/5747/983 3870/5748/983 3872/5738/983
f 3868/5736/984 3867/5735/984 3860/5749/984
f 3872/5738/985 3870/5748/985 3869/5734/985 3868/5736/985
f 3874/5750/986 3873/5751/986 3875/5752/986 3876/5753/986
f 3873/5754/987 3874/5755/987 3878/5756/987 3877/5757/987
f 3875/5758/988 3879/5759/988 3880/5718/988 3876/5717/988
f 3877/5757/989 3878/5756/989 3882/5760/989 3883/5761/989
f 3879/5759/990 3875/5758/990 3877/5757/990 3883/5761/990
f 3873/5754/990 3877/5757/990 3875/5758/990
f 3884/5762/991 3881/5763/991 3867/5735/991 3869/5734/991
f 3861/5744/992 3864/5745/992 3869/5734/992 3867/5735/992
f 3858/5722/993 3862/5719/993 3880/5718/993
f 3885/5764/994 3883/5761/994 3899/5686/994
f 3883/5761/995 3882/5760/995 3881/5763/995 3884/5762/995
f 3806/5765/996 3805/5724/996 3807/5727/996
f 3828/5683/997 3826/5682/997 3825/5766/997 3908/5714/997
f 3805/5724/998 3806/5765/998 3804/5731/998
f 3826/5667/999 3805/5666/999 3804/5767/999 3825/5766/999
f 3802/5659/975 3902/5732/975 3906/5768/975 3903/5769/975
f 3822/5684/975 3907/5770/975 3816/5771/975 3823/5685/975
f 3803/5721/975 3823/5723/975 3816/5771/975 3800/5720/975
f 3872/5738/1000 3868/5736/1000 3898/5772/1000 3897/5739/1000
f 3886/5773/1001 3885/5764/1001 3864/5745/1001 3861/5744/1001
f 3858/5722/1002 3880/5718/1002 3886/5733/1002
f 3880/5718/1003 3879/5759/1003 3885/5764/1003 3886/5773/1003
f 3865/5742/1004 3864/5745/1004 3896/5774/1004 3866/5743/1004
f 3885/5764/1005 3879/5759/1005 3883/5761/1005
f 3812/5775/1006 3867/5735/1006 3882/5760/1006 3878/5756/1006
f 3825/5766/987 3804/5767/987 3812/5730/987 3816/5771/987
f 3863/5747/1007 3872/5738/1007 3871/5737/1007
f 3878/5756/1008 3816/5771/1008 3812/5775/1008
f 3874/5755/1009 3816/5771/1009 3878/5756/1009
f 3876/5753/990 3800/5720/990 3874/5750/990
f 3816/5771/1010 3874/5755/1010 3800/5720/1010
f 3811/5673/987 3815/5675/987 3812/5670/987 3810/5669/987
f 3838/5694/987 3837/5695/987 3835/5693/987 3834/5692/987
f 3851/5710/987 3850/5709/987 3852/5708/987 3855/5712/987
f 3843/5702/987 3842/5701/987 3844/5700/987 3847/5704/987
f 3820/5680/987 3819/5679/987 3824/5678/987 3831/5696/987
f 3881/5763/990 3882/5760/990 3867/5735/990
f 3888/5776/958 3889/5777/958 3891/5778/958 3892/5779/958
f 3889/5777/959 3888/5776/959 3887/5780/959 3890/5781/959
f 3890/5781/960 3887/5780/960 3893/5782/960 3894/5783/960
f 3888/5776/961 3892/5779/961 3893/5782/961 3887/5780/961
f 3890/5781/987 3894/5783/987 3891/5778/987 3889/5777/987
f 3896/5784/1011 3895/5785/1011 3866/5743/1011
f 3883/5761/1012 3884/5762/1012 3899/5686/1012
f 3868/5736/1013 3860/5749/1013 3898/5772/1013
f 3899/5686/1014 3884/5762/1014 3896/5774/1014
f 3884/5762/1015 3869/5734/1015 3896/5774/1015
f 3885/5764/1016 3899/5686/1016 3915/5786/1016 3914/5787/1016
f 3869/5734/1017 3870/5748/1017 3895/5788/1017 3896/5774/1017
f 3870/5746/1018 3866/5743/1018 3895/5785/1018
f 3865/5789/1019 3900/5790/1019 3901/5687/1019 3866/5791/1019
f 3864/5745/1020 3885/5764/1020 3900/5790/1020 3865/5789/1020
f 3899/5686/1021 3896/5774/1021 3866/5791/1021 3901/5687/1021
f 3860/5792/1022 3871/5793/1022 3897/5794/1022 3898/5795/1022
f 3903/5796/1023 3906/5797/1023 3905/5798/1023 3904/5799/1023
f 3862/5719/990 3902/5800/990 3800/5720/990
f 3862/5719/983 3857/5660/983 3904/5799/983 3905/5798/983
f 3902/5800/987 3862/5719/987 3905/5798/987 3906/5797/987
f 3857/5660/1024 3802/5659/1024 3903/5769/1024 3904/5801/1024
f 3907/5802/1025 3908/5803/1025 3825/5766/1025 3816/5771/1025
f 3910/5804/1026 3909/5805/1026 3911/5806/1026 3912/5807/1026
f 3908/5803/1027 3907/5802/1027 3911/5806/1027 3909/5805/1027
f 3822/5684/1028 3828/5683/1028 3910/5716/1028 3912/5808/1028
f 3907/5770/975 3822/5684/975 3912/5808/975 3911/5809/975
f 3900/5790/1029 3885/5764/1029 3801/5661/1029 3821/5664/1029
f 3901/5687/957 3900/5790/957 3821/5664/957 3827/5663/957
f 3914/5787/1030 3915/5786/1030 3916/5810/1030 3913/5811/1030
f 3856/5662/1031 3801/5661/1031 3913/5811/1031 3916/5810/1031
f 3801/5661/1032 3885/5764/1032 3914/5787/1032 3913/5811/1032
f 3899/5686/1033 3856/5662/1033 3916/5810/1033 3915/5786/1033
